This file contains any messages produced by compilers while
running configure, to aid debugging if configure makes a mistake.

It was created by python configure 3.13, which was
generated by GNU Autoconf 2.71.  Invocation command line was

  $ ./configure --prefix=/usr --enable-shared --with-openssl=/opt/openssl-3.3 --with-openssl-rpath=/opt/openssl-3.3/lib64

## --------- ##
## Platform. ##
## --------- ##

hostname = shadow
uname -m = x86_64
uname -r = 6.19.0-rc6
uname -s = Linux
uname -v = #2 SMP PREEMPT_DYNAMIC Mon Jan 19 20:17:13 IST 2026

/usr/bin/uname -p = unknown
/bin/uname -X     = unknown

/bin/arch              = x86_64
/usr/bin/arch -k       = x86_64
/usr/convex/getsysinfo = unknown
/usr/bin/hostinfo      = unknown
/bin/machine           = unknown
/usr/bin/oslevel       = unknown
/bin/universe          = unknown

PATH: /usr/local/sbin/
PATH: /usr/local/bin/
PATH: /usr/sbin/
PATH: /usr/bin/


## ----------- ##
## Core tests. ##
## ----------- ##

configure:3353: looking for aux files: install-sh config.guess config.sub
configure:3366:  trying ./
configure:3377:   ./install-sh found
configure:3395:   ./config.guess found
configure:3395:   ./config.sub found
configure:3604: checking build system type
configure:3619: result: x86_64-pc-linux-gnu
configure:3639: checking host system type
configure:3653: result: x86_64-pc-linux-gnu
configure:3730: checking for Python interpreter freezing
configure:3732: result: ./_bootstrap_python
configure:3765: checking for python3.13
configure:3800: result: no
configure:3765: checking for python3.13
configure:3800: result: no
configure:3765: checking for python3.12
configure:3786: found /usr/bin/python3.12
configure:3797: result: python3.12
configure:3811: checking Python for regen version
configure:3814: result: Python 3.12.2
configure:3947: checking for pkg-config
configure:3985: result: no
configure:4035: checking MACHDEP
configure:4105: result: "linux"
configure:4154: checking for --enable-universalsdk
configure:4202: result: no
configure:4226: checking for --with-universal-archs
configure:4242: result: no
configure:4440: checking for --with-app-store-compliance
configure:4478: result: not patching for app store compliance
configure:4888: checking for gcc
configure:4909: found /usr/bin/gcc
configure:4920: result: gcc
configure:5273: checking for C compiler version
configure:5282: gcc --version >&5
gcc (GCC) 15.2.1 20251211 (Red Hat 15.2.1-5)
Copyright (C) 2025 Free Software Foundation, Inc.
This is free software; see the source for copying conditions.  There is NO
warranty; not even for MERCHANTABILITY or FITNESS FOR A PARTICULAR PURPOSE.

configure:5293: $? = 0
configure:5282: gcc -v >&5
Using built-in specs.
COLLECT_GCC=gcc
COLLECT_LTO_WRAPPER=/usr/libexec/gcc/x86_64-redhat-linux/15/lto-wrapper
OFFLOAD_TARGET_NAMES=nvptx-none:amdgcn-amdhsa
OFFLOAD_TARGET_DEFAULT=1
Target: x86_64-redhat-linux
Configured with: ../configure --enable-bootstrap --enable-languages=c,c++,fortran,objc,obj-c++,ada,go,d,m2,cobol,lto --prefix=/usr --mandir=/usr/share/man --infodir=/usr/share/info --with-bugurl=https://bugzilla.redhat.com/ --enable-shared --enable-threads=posix --enable-checking=release --enable-multilib --with-system-zlib --enable-__cxa_atexit --disable-libunwind-exceptions --enable-gnu-unique-object --enable-linker-build-id --with-gcc-major-version-only --enable-libstdcxx-backtrace --with-libstdcxx-zoneinfo=/usr/share/zoneinfo --with-linker-hash-style=gnu --enable-plugin --enable-initfini-array --with-isl=/builddir/build/BUILD/gcc-15.2.1-build/gcc-15.2.1-20251211/obj-x86_64-redhat-linux/isl-install --enable-offload-targets=nvptx-none,amdgcn-amdhsa --enable-offload-defaulted --without-cuda-driver --enable-gnu-indirect-function --enable-cet --with-tune=generic --with-arch_32=i686 --build=x86_64-redhat-linux --with-build-config=bootstrap-lto --enable-link-serialization=1 --disable-libssp
Thread model: posix
Supported LTO compression algorithms: zlib zstd
gcc version 15.2.1 20251211 (Red Hat 15.2.1-5) (GCC) 
... rest of stderr output deleted ...
configure:5293: $? = 0
configure:5282: gcc -V >&5
gcc: error: unrecognized command-line option '-V'
gcc: fatal error: no input files
compilation terminated.
configure:5293: $? = 1
configure:5282: gcc -qversion >&5
gcc: error: unrecognized command-line option '-qversion'; did you mean '--version'?
gcc: fatal error: no input files
compilation terminated.
configure:5293: $? = 1
configure:5282: gcc -version >&5
gcc: error: unrecognized command-line option '-version'
gcc: fatal error: no input files
compilation terminated.
configure:5293: $? = 1
configure:5313: checking whether the C compiler works
configure:5335: gcc    conftest.c  >&5
configure:5339: $? = 0
configure:5389: result: yes
configure:5392: checking for C compiler default output file name
configure:5394: result: a.out
configure:5400: checking for suffix of executables
configure:5407: gcc -o conftest    conftest.c  >&5
configure:5411: $? = 0
configure:5434: result: 
configure:5456: checking whether we are cross compiling
configure:5464: gcc -o conftest    conftest.c  >&5
configure:5468: $? = 0
configure:5475: ./conftest
configure:5479: $? = 0
configure:5494: result: no
configure:5499: checking for suffix of object files
configure:5522: gcc -c   conftest.c >&5
configure:5526: $? = 0
configure:5548: result: o
configure:5552: checking whether the compiler supports GNU C
configure:5572: gcc -c   conftest.c >&5
configure:5572: $? = 0
configure:5582: result: yes
configure:5593: checking whether gcc accepts -g
configure:5614: gcc -c -g  conftest.c >&5
configure:5614: $? = 0
configure:5658: result: yes
configure:5678: checking for gcc option to enable C11 features
configure:5693: gcc  -c   conftest.c >&5
conftest.c: In function 'e':
conftest.c:24:14: warning: old-style function definition [-Wold-style-definition]
   24 | static char *e (p, i)
      |              ^
configure:5693: $? = 0
configure:5711: result: none needed
configure:5826: checking how to run the C preprocessor
configure:5852: gcc -E  conftest.c
configure:5852: $? = 0
configure:5867: gcc -E  conftest.c
conftest.c:10:10: fatal error: ac_nonexistent.h: No such file or directory
   10 | #include <ac_nonexistent.h>
      |          ^~~~~~~~~~~~~~~~~~
compilation terminated.
configure:5867: $? = 1
configure: failed program was:
| /* confdefs.h */
| #define _NETBSD_SOURCE 1
| #define __BSD_VISIBLE 1
| #define _DARWIN_C_SOURCE 1
| #define _PYTHONFRAMEWORK ""
| #define _XOPEN_SOURCE 700
| #define _XOPEN_SOURCE_EXTENDED 1
| #define _POSIX_C_SOURCE 200809L
| /* end confdefs.h.  */
| #include <ac_nonexistent.h>
configure:5894: result: gcc -E
configure:5908: gcc -E  conftest.c
configure:5908: $? = 0
configure:5923: gcc -E  conftest.c
conftest.c:10:10: fatal error: ac_nonexistent.h: No such file or directory
   10 | #include <ac_nonexistent.h>
      |          ^~~~~~~~~~~~~~~~~~
compilation terminated.
configure:5923: $? = 1
configure: failed program was:
| /* confdefs.h */
| #define _NETBSD_SOURCE 1
| #define __BSD_VISIBLE 1
| #define _DARWIN_C_SOURCE 1
| #define _PYTHONFRAMEWORK ""
| #define _XOPEN_SOURCE 700
| #define _XOPEN_SOURCE_EXTENDED 1
| #define _POSIX_C_SOURCE 200809L
| /* end confdefs.h.  */
| #include <ac_nonexistent.h>
configure:5953: checking for grep that handles long lines and -e
configure:6017: result: /usr/bin/grep
configure:6022: checking for a sed that does not truncate output
configure:6092: result: /usr/bin/sed
configure:6097: checking for egrep
configure:6165: result: /usr/bin/grep -E
configure:6171: checking for CC compiler name
configure:6207: result: gcc
configure:6218: checking for stdio.h
configure:6218: gcc -c   conftest.c >&5
configure:6218: $? = 0
configure:6218: result: yes
configure:6218: checking for stdlib.h
configure:6218: gcc -c   conftest.c >&5
configure:6218: $? = 0
configure:6218: result: yes
configure:6218: checking for string.h
configure:6218: gcc -c   conftest.c >&5
configure:6218: $? = 0
configure:6218: result: yes
configure:6218: checking for inttypes.h
configure:6218: gcc -c   conftest.c >&5
configure:6218: $? = 0
configure:6218: result: yes
configure:6218: checking for stdint.h
configure:6218: gcc -c   conftest.c >&5
configure:6218: $? = 0
configure:6218: result: yes
configure:6218: checking for strings.h
configure:6218: gcc -c   conftest.c >&5
configure:6218: $? = 0
configure:6218: result: yes
configure:6218: checking for sys/stat.h
configure:6218: gcc -c   conftest.c >&5
configure:6218: $? = 0
configure:6218: result: yes
configure:6218: checking for sys/types.h
configure:6218: gcc -c   conftest.c >&5
configure:6218: $? = 0
configure:6218: result: yes
configure:6218: checking for unistd.h
configure:6218: gcc -c   conftest.c >&5
configure:6218: $? = 0
configure:6218: result: yes
configure:6218: checking for wchar.h
configure:6218: gcc -c   conftest.c >&5
configure:6218: $? = 0
configure:6218: result: yes
configure:6218: checking for minix/config.h
configure:6218: gcc -c   conftest.c >&5
conftest.c:48:10: fatal error: minix/config.h: No such file or directory
   48 | #include <minix/config.h>
      |          ^~~~~~~~~~~~~~~~
compilation terminated.
configure:6218: $? = 1
configure: failed program was:
| /* confdefs.h */
| #define _NETBSD_SOURCE 1
| #define __BSD_VISIBLE 1
| #define _DARWIN_C_SOURCE 1
| #define _PYTHONFRAMEWORK ""
| #define _XOPEN_SOURCE 700
| #define _XOPEN_SOURCE_EXTENDED 1
| #define _POSIX_C_SOURCE 200809L
| #define HAVE_STDIO_H 1
| #define HAVE_STDLIB_H 1
| #define HAVE_STRING_H 1
| #define HAVE_INTTYPES_H 1
| #define HAVE_STDINT_H 1
| #define HAVE_STRINGS_H 1
| #define HAVE_SYS_STAT_H 1
| #define HAVE_SYS_TYPES_H 1
| #define HAVE_UNISTD_H 1
| #define HAVE_WCHAR_H 1
| /* end confdefs.h.  */
| #include <stddef.h>
| #ifdef HAVE_STDIO_H
| # include <stdio.h>
| #endif
| #ifdef HAVE_STDLIB_H
| # include <stdlib.h>
| #endif
| #ifdef HAVE_STRING_H
| # include <string.h>
| #endif
| #ifdef HAVE_INTTYPES_H
| # include <inttypes.h>
| #endif
| #ifdef HAVE_STDINT_H
| # include <stdint.h>
| #endif
| #ifdef HAVE_STRINGS_H
| # include <strings.h>
| #endif
| #ifdef HAVE_SYS_TYPES_H
| # include <sys/types.h>
| #endif
| #ifdef HAVE_SYS_STAT_H
| # include <sys/stat.h>
| #endif
| #ifdef HAVE_UNISTD_H
| # include <unistd.h>
| #endif
| #include <minix/config.h>
configure:6218: result: no
configure:6249: checking whether it is safe to define __EXTENSIONS__
configure:6268: gcc -c   conftest.c >&5
configure:6268: $? = 0
configure:6276: result: yes
configure:6279: checking whether _XOPEN_SOURCE should be defined
configure:6301: gcc -c   conftest.c >&5
configure:6301: $? = 0
configure:6328: result: no
configure:6386: checking for GCC compatible compiler
configure:6402: gcc -E  conftest.c
configure:6402: $? = 0
configure:6410: result: yes
configure:6470: checking for g++
configure:6508: result: no
configure:6976:

  By default, distutils will build C++ extension modules with "g++".
  If this is not intended, then set CXX on the configure command line.
  
configure:6989: checking for the platform triplet based on compiler characteristics
configure:6994: result: x86_64-linux-gnu
configure:7002: checking for multiarch
configure:7025: result: x86_64-linux-gnu
configure:7041: checking for PEP 11 support tier
configure:7092: result: x86_64-pc-linux-gnu/gcc has tier 1 (supported)
configure:7110: checking for -Wl,--no-as-needed
configure:7130: gcc -o conftest    -Wl,--no-as-needed conftest.c  >&5
configure:7130: $? = 0
configure:7143: result: yes
configure:7147: checking for the Android API level
configure:7182: result: not Android
configure:7198: checking for --with-emscripten-target
configure:7237: result: 
configure:7240: checking for --enable-wasm-dynamic-linking
configure:7262: result: missing
configure:7265: checking for --enable-wasm-pthreads
configure:7287: result: missing
configure:7290: checking for --with-suffix
configure:7323: result: 
configure:7332: checking for case-insensitive build directory
configure:7344: result: no
configure:7358: checking LIBRARY
configure:7364: result: libpython$(VERSION)$(ABIFLAGS).a
configure:7404: checking LINKCC
configure:7416: result: $(PURIFY) $(CC)
configure:7425: checking EXPORTSYMS
configure:7433: result: 
configure:7442: checking for GNU ld
configure:7454: result: yes
configure:7457: checking for --enable-shared
configure:7475: result: yes
configure:7480: checking for --with-static-libpython
configure:7497: result: yes
configure:7503: checking for --enable-profiling
configure:7530: result: no
configure:7538: checking LDLIBRARY
configure:7637: result: libpython$(LDVERSION).so
configure:7644: checking HOSTRUNNER
configure:7829: result: 
configure:7922: checking for ar
configure:7943: found /usr/bin/ar
configure:7954: result: ar
configure:8009: checking for a BSD-compatible install
configure:8082: result: /usr/bin/install -c
configure:8094: checking for a race-free mkdir -p
configure:8138: result: /usr/bin/mkdir -p
configure:8159: checking for --disable-gil
configure:8175: result: no
configure:8189: checking for --with-pydebug
configure:8209: result: no
configure:8216: checking for --with-trace-refs
configure:8228: result: no
configure:8244: checking for --enable-pystats
configure:8255: result: no
configure:8270: checking for --with-assertions
configure:8291: result: no
configure:8296: checking for --enable-experimental-jit
configure:8334: result:  
configure:8341: checking for --enable-optimizations
configure:8358: result: no
configure:8427: checking PROFILE_TASK
configure:8433: result: -m test --pgo --timeout=$(TESTTIMEOUT)
configure:8457: checking for --with-lto
configure:8495: result: no
configure:8875: checking for llvm-profdata
configure:8913: result: no
configure:9006: checking for --enable-bolt
configure:9023: result: no
configure:9329: checking BOLT_INSTRUMENT_FLAGS
configure:9335: result: 
configure:9339: checking BOLT_APPLY_FLAGS
configure:9346: result:  -update-debug-sections -reorder-blocks=ext-tsp -reorder-functions=hfsort+ -split-functions -icf=1 -inline-all -split-eh -reorder-functions-use-hot-size -peepholes=none -jump-tables=aggressive -inline-ap -indirect-call-promotion=all -dyno-stats -use-gnu-stack -frame-opt=hot 
configure:9377: checking if gcc supports -fstrict-overflow and -fno-strict-overflow
configure:9394: gcc -c -fstrict-overflow -fno-strict-overflow  conftest.c >&5
configure:9394: $? = 0
configure:9404: result: yes
configure:9417: checking for --with-strict-overflow
configure:9435: result: no
configure:9441: checking if gcc supports -Og optimization level
configure:9460: gcc -c -Og  conftest.c >&5
configure:9460: $? = 0
configure:9473: result: yes
configure:9677: checking if we can add -Wextra
configure:9697: gcc -c  -Wextra -Werror  conftest.c >&5
configure:9697: $? = 0
configure:9707: result: yes
configure:9723: checking whether gcc -fno-strict-aliasing accepts and needs -fno-strict-aliasing
configure:9742: gcc -fno-strict-aliasing -c   conftest.c >&5
configure:9742: $? = 0
configure:9760: gcc -fstrict-aliasing -c  -Werror -Wstrict-aliasing  conftest.c >&5
configure:9760: $? = 0
configure:9779: result: no
configure:9840: checking if we can disable gcc unused-parameter warning
configure:9860: gcc -c  -Wunused-parameter -Werror  conftest.c >&5
configure:9860: $? = 0
configure:9870: result: yes
configure:9881: checking if we can disable gcc int-conversion warning
configure:9901: gcc -c  -Wint-conversion -Werror  conftest.c >&5
configure:9901: $? = 0
configure:9911: result: yes
configure:9922: checking if we can disable gcc missing-field-initializers warning
configure:9942: gcc -c  -Wmissing-field-initializers -Werror  conftest.c >&5
configure:9942: $? = 0
configure:9952: result: yes
configure:9963: checking if we can enable gcc sign-compare warning
configure:9983: gcc -c  -Wsign-compare -Werror  conftest.c >&5
configure:9983: $? = 0
configure:9993: result: yes
configure:10004: checking if we can enable gcc unreachable-code warning
configure:10024: gcc -c  -Wunreachable-code -Werror  conftest.c >&5
configure:10024: $? = 0
configure:10034: result: yes
configure:10056: checking if we can enable gcc strict-prototypes warning
configure:10076: gcc -c  -Wstrict-prototypes -Werror  conftest.c >&5
configure:10076: $? = 0
configure:10086: result: yes
configure:10097: checking if we can make implicit function declaration an error in gcc -Werror=implicit-function-declaration
configure:10116: gcc -Werror=implicit-function-declaration -c   conftest.c >&5
configure:10116: $? = 0
configure:10128: result: yes
configure:10139: checking if we can use visibility in gcc -fvisibility=hidden
configure:10158: gcc -fvisibility=hidden -c   conftest.c >&5
configure:10158: $? = 0
configure:10170: result: yes
configure:10400: checking whether pthreads are available without options
configure:10427: gcc -o conftest    conftest.c  >&5
configure:10427: $? = 0
configure:10427: ./conftest
configure:10427: $? = 0
configure:10443: result: yes
configure:10609: checking whether g++ also accepts flags for thread support
configure:10648: result: no
configure:10660: checking for alloca.h
configure:10660: gcc -c   conftest.c >&5
configure:10660: $? = 0
configure:10660: result: yes
configure:10666: checking for asm/types.h
configure:10666: gcc -c   conftest.c >&5
configure:10666: $? = 0
configure:10666: result: yes
configure:10672: checking for bluetooth.h
configure:10672: gcc -c   conftest.c >&5
conftest.c:70:10: fatal error: bluetooth.h: No such file or directory
   70 | #include <bluetooth.h>
      |          ^~~~~~~~~~~~~
compilation terminated.
configure:10672: $? = 1
configure: failed program was:
| /* confdefs.h */
| #define _NETBSD_SOURCE 1
| #define __BSD_VISIBLE 1
| #define _DARWIN_C_SOURCE 1
| #define _PYTHONFRAMEWORK ""
| #define _XOPEN_SOURCE 700
| #define _XOPEN_SOURCE_EXTENDED 1
| #define _POSIX_C_SOURCE 200809L
| #define HAVE_STDIO_H 1
| #define HAVE_STDLIB_H 1
| #define HAVE_STRING_H 1
| #define HAVE_INTTYPES_H 1
| #define HAVE_STDINT_H 1
| #define HAVE_STRINGS_H 1
| #define HAVE_SYS_STAT_H 1
| #define HAVE_SYS_TYPES_H 1
| #define HAVE_UNISTD_H 1
| #define HAVE_WCHAR_H 1
| #define STDC_HEADERS 1
| #define _ALL_SOURCE 1
| #define _DARWIN_C_SOURCE 1
| #define _GNU_SOURCE 1
| #define _HPUX_ALT_XOPEN_SOCKET_API 1
| #define _NETBSD_SOURCE 1
| #define _OPENBSD_SOURCE 1
| #define _POSIX_PTHREAD_SEMANTICS 1
| #define __STDC_WANT_IEC_60559_ATTRIBS_EXT__ 1
| #define __STDC_WANT_IEC_60559_BFP_EXT__ 1
| #define __STDC_WANT_IEC_60559_DFP_EXT__ 1
| #define __STDC_WANT_IEC_60559_FUNCS_EXT__ 1
| #define __STDC_WANT_IEC_60559_TYPES_EXT__ 1
| #define __STDC_WANT_LIB_EXT2__ 1
| #define __STDC_WANT_MATH_SPEC_FUNCS__ 1
| #define _TANDEM_SOURCE 1
| #define __EXTENSIONS__ 1
| #define PY_SUPPORT_TIER 1
| #define Py_ENABLE_SHARED 1
| #define STDC_HEADERS 1
| #define HAVE_ALLOCA_H 1
| #define HAVE_ASM_TYPES_H 1
| /* end confdefs.h.  */
| #include <stddef.h>
| #ifdef HAVE_STDIO_H
| # include <stdio.h>
| #endif
| #ifdef HAVE_STDLIB_H
| # include <stdlib.h>
| #endif
| #ifdef HAVE_STRING_H
| # include <string.h>
| #endif
| #ifdef HAVE_INTTYPES_H
| # include <inttypes.h>
| #endif
| #ifdef HAVE_STDINT_H
| # include <stdint.h>
| #endif
| #ifdef HAVE_STRINGS_H
| # include <strings.h>
| #endif
| #ifdef HAVE_SYS_TYPES_H
| # include <sys/types.h>
| #endif
| #ifdef HAVE_SYS_STAT_H
| # include <sys/stat.h>
| #endif
| #ifdef HAVE_UNISTD_H
| # include <unistd.h>
| #endif
| #include <bluetooth.h>
configure:10672: result: no
configure:10678: checking for conio.h
configure:10678: gcc -c   conftest.c >&5
conftest.c:70:10: fatal error: conio.h: No such file or directory
   70 | #include <conio.h>
      |          ^~~~~~~~~
compilation terminated.
configure:10678: $? = 1
configure: failed program was:
| /* confdefs.h */
| #define _NETBSD_SOURCE 1
| #define __BSD_VISIBLE 1
| #define _DARWIN_C_SOURCE 1
| #define _PYTHONFRAMEWORK ""
| #define _XOPEN_SOURCE 700
| #define _XOPEN_SOURCE_EXTENDED 1
| #define _POSIX_C_SOURCE 200809L
| #define HAVE_STDIO_H 1
| #define HAVE_STDLIB_H 1
| #define HAVE_STRING_H 1
| #define HAVE_INTTYPES_H 1
| #define HAVE_STDINT_H 1
| #define HAVE_STRINGS_H 1
| #define HAVE_SYS_STAT_H 1
| #define HAVE_SYS_TYPES_H 1
| #define HAVE_UNISTD_H 1
| #define HAVE_WCHAR_H 1
| #define STDC_HEADERS 1
| #define _ALL_SOURCE 1
| #define _DARWIN_C_SOURCE 1
| #define _GNU_SOURCE 1
| #define _HPUX_ALT_XOPEN_SOCKET_API 1
| #define _NETBSD_SOURCE 1
| #define _OPENBSD_SOURCE 1
| #define _POSIX_PTHREAD_SEMANTICS 1
| #define __STDC_WANT_IEC_60559_ATTRIBS_EXT__ 1
| #define __STDC_WANT_IEC_60559_BFP_EXT__ 1
| #define __STDC_WANT_IEC_60559_DFP_EXT__ 1
| #define __STDC_WANT_IEC_60559_FUNCS_EXT__ 1
| #define __STDC_WANT_IEC_60559_TYPES_EXT__ 1
| #define __STDC_WANT_LIB_EXT2__ 1
| #define __STDC_WANT_MATH_SPEC_FUNCS__ 1
| #define _TANDEM_SOURCE 1
| #define __EXTENSIONS__ 1
| #define PY_SUPPORT_TIER 1
| #define Py_ENABLE_SHARED 1
| #define STDC_HEADERS 1
| #define HAVE_ALLOCA_H 1
| #define HAVE_ASM_TYPES_H 1
| /* end confdefs.h.  */
| #include <stddef.h>
| #ifdef HAVE_STDIO_H
| # include <stdio.h>
| #endif
| #ifdef HAVE_STDLIB_H
| # include <stdlib.h>
| #endif
| #ifdef HAVE_STRING_H
| # include <string.h>
| #endif
| #ifdef HAVE_INTTYPES_H
| # include <inttypes.h>
| #endif
| #ifdef HAVE_STDINT_H
| # include <stdint.h>
| #endif
| #ifdef HAVE_STRINGS_H
| # include <strings.h>
| #endif
| #ifdef HAVE_SYS_TYPES_H
| # include <sys/types.h>
| #endif
| #ifdef HAVE_SYS_STAT_H
| # include <sys/stat.h>
| #endif
| #ifdef HAVE_UNISTD_H
| # include <unistd.h>
| #endif
| #include <conio.h>
configure:10678: result: no
configure:10684: checking for direct.h
configure:10684: gcc -c   conftest.c >&5
conftest.c:70:10: fatal error: direct.h: No such file or directory
   70 | #include <direct.h>
      |          ^~~~~~~~~~
compilation terminated.
configure:10684: $? = 1
configure: failed program was:
| /* confdefs.h */
| #define _NETBSD_SOURCE 1
| #define __BSD_VISIBLE 1
| #define _DARWIN_C_SOURCE 1
| #define _PYTHONFRAMEWORK ""
| #define _XOPEN_SOURCE 700
| #define _XOPEN_SOURCE_EXTENDED 1
| #define _POSIX_C_SOURCE 200809L
| #define HAVE_STDIO_H 1
| #define HAVE_STDLIB_H 1
| #define HAVE_STRING_H 1
| #define HAVE_INTTYPES_H 1
| #define HAVE_STDINT_H 1
| #define HAVE_STRINGS_H 1
| #define HAVE_SYS_STAT_H 1
| #define HAVE_SYS_TYPES_H 1
| #define HAVE_UNISTD_H 1
| #define HAVE_WCHAR_H 1
| #define STDC_HEADERS 1
| #define _ALL_SOURCE 1
| #define _DARWIN_C_SOURCE 1
| #define _GNU_SOURCE 1
| #define _HPUX_ALT_XOPEN_SOCKET_API 1
| #define _NETBSD_SOURCE 1
| #define _OPENBSD_SOURCE 1
| #define _POSIX_PTHREAD_SEMANTICS 1
| #define __STDC_WANT_IEC_60559_ATTRIBS_EXT__ 1
| #define __STDC_WANT_IEC_60559_BFP_EXT__ 1
| #define __STDC_WANT_IEC_60559_DFP_EXT__ 1
| #define __STDC_WANT_IEC_60559_FUNCS_EXT__ 1
| #define __STDC_WANT_IEC_60559_TYPES_EXT__ 1
| #define __STDC_WANT_LIB_EXT2__ 1
| #define __STDC_WANT_MATH_SPEC_FUNCS__ 1
| #define _TANDEM_SOURCE 1
| #define __EXTENSIONS__ 1
| #define PY_SUPPORT_TIER 1
| #define Py_ENABLE_SHARED 1
| #define STDC_HEADERS 1
| #define HAVE_ALLOCA_H 1
| #define HAVE_ASM_TYPES_H 1
| /* end confdefs.h.  */
| #include <stddef.h>
| #ifdef HAVE_STDIO_H
| # include <stdio.h>
| #endif
| #ifdef HAVE_STDLIB_H
| # include <stdlib.h>
| #endif
| #ifdef HAVE_STRING_H
| # include <string.h>
| #endif
| #ifdef HAVE_INTTYPES_H
| # include <inttypes.h>
| #endif
| #ifdef HAVE_STDINT_H
| # include <stdint.h>
| #endif
| #ifdef HAVE_STRINGS_H
| # include <strings.h>
| #endif
| #ifdef HAVE_SYS_TYPES_H
| # include <sys/types.h>
| #endif
| #ifdef HAVE_SYS_STAT_H
| # include <sys/stat.h>
| #endif
| #ifdef HAVE_UNISTD_H
| # include <unistd.h>
| #endif
| #include <direct.h>
configure:10684: result: no
configure:10690: checking for dlfcn.h
configure:10690: gcc -c   conftest.c >&5
configure:10690: $? = 0
configure:10690: result: yes
configure:10696: checking for endian.h
configure:10696: gcc -c   conftest.c >&5
configure:10696: $? = 0
configure:10696: result: yes
configure:10702: checking for errno.h
configure:10702: gcc -c   conftest.c >&5
configure:10702: $? = 0
configure:10702: result: yes
configure:10708: checking for fcntl.h
configure:10708: gcc -c   conftest.c >&5
configure:10708: $? = 0
configure:10708: result: yes
configure:10714: checking for grp.h
configure:10714: gcc -c   conftest.c >&5
configure:10714: $? = 0
configure:10714: result: yes
configure:10720: checking for io.h
configure:10720: gcc -c   conftest.c >&5
conftest.c:75:10: fatal error: io.h: No such file or directory
   75 | #include <io.h>
      |          ^~~~~~
compilation terminated.
configure:10720: $? = 1
configure: failed program was:
| /* confdefs.h */
| #define _NETBSD_SOURCE 1
| #define __BSD_VISIBLE 1
| #define _DARWIN_C_SOURCE 1
| #define _PYTHONFRAMEWORK ""
| #define _XOPEN_SOURCE 700
| #define _XOPEN_SOURCE_EXTENDED 1
| #define _POSIX_C_SOURCE 200809L
| #define HAVE_STDIO_H 1
| #define HAVE_STDLIB_H 1
| #define HAVE_STRING_H 1
| #define HAVE_INTTYPES_H 1
| #define HAVE_STDINT_H 1
| #define HAVE_STRINGS_H 1
| #define HAVE_SYS_STAT_H 1
| #define HAVE_SYS_TYPES_H 1
| #define HAVE_UNISTD_H 1
| #define HAVE_WCHAR_H 1
| #define STDC_HEADERS 1
| #define _ALL_SOURCE 1
| #define _DARWIN_C_SOURCE 1
| #define _GNU_SOURCE 1
| #define _HPUX_ALT_XOPEN_SOCKET_API 1
| #define _NETBSD_SOURCE 1
| #define _OPENBSD_SOURCE 1
| #define _POSIX_PTHREAD_SEMANTICS 1
| #define __STDC_WANT_IEC_60559_ATTRIBS_EXT__ 1
| #define __STDC_WANT_IEC_60559_BFP_EXT__ 1
| #define __STDC_WANT_IEC_60559_DFP_EXT__ 1
| #define __STDC_WANT_IEC_60559_FUNCS_EXT__ 1
| #define __STDC_WANT_IEC_60559_TYPES_EXT__ 1
| #define __STDC_WANT_LIB_EXT2__ 1
| #define __STDC_WANT_MATH_SPEC_FUNCS__ 1
| #define _TANDEM_SOURCE 1
| #define __EXTENSIONS__ 1
| #define PY_SUPPORT_TIER 1
| #define Py_ENABLE_SHARED 1
| #define STDC_HEADERS 1
| #define HAVE_ALLOCA_H 1
| #define HAVE_ASM_TYPES_H 1
| #define HAVE_DLFCN_H 1
| #define HAVE_ENDIAN_H 1
| #define HAVE_ERRNO_H 1
| #define HAVE_FCNTL_H 1
| #define HAVE_GRP_H 1
| /* end confdefs.h.  */
| #include <stddef.h>
| #ifdef HAVE_STDIO_H
| # include <stdio.h>
| #endif
| #ifdef HAVE_STDLIB_H
| # include <stdlib.h>
| #endif
| #ifdef HAVE_STRING_H
| # include <string.h>
| #endif
| #ifdef HAVE_INTTYPES_H
| # include <inttypes.h>
| #endif
| #ifdef HAVE_STDINT_H
| # include <stdint.h>
| #endif
| #ifdef HAVE_STRINGS_H
| # include <strings.h>
| #endif
| #ifdef HAVE_SYS_TYPES_H
| # include <sys/types.h>
| #endif
| #ifdef HAVE_SYS_STAT_H
| # include <sys/stat.h>
| #endif
| #ifdef HAVE_UNISTD_H
| # include <unistd.h>
| #endif
| #include <io.h>
configure:10720: result: no
configure:10726: checking for langinfo.h
configure:10726: gcc -c   conftest.c >&5
configure:10726: $? = 0
configure:10726: result: yes
configure:10732: checking for libintl.h
configure:10732: gcc -c   conftest.c >&5
configure:10732: $? = 0
configure:10732: result: yes
configure:10738: checking for libutil.h
configure:10738: gcc -c   conftest.c >&5
conftest.c:77:10: fatal error: libutil.h: No such file or directory
   77 | #include <libutil.h>
      |          ^~~~~~~~~~~
compilation terminated.
configure:10738: $? = 1
configure: failed program was:
| /* confdefs.h */
| #define _NETBSD_SOURCE 1
| #define __BSD_VISIBLE 1
| #define _DARWIN_C_SOURCE 1
| #define _PYTHONFRAMEWORK ""
| #define _XOPEN_SOURCE 700
| #define _XOPEN_SOURCE_EXTENDED 1
| #define _POSIX_C_SOURCE 200809L
| #define HAVE_STDIO_H 1
| #define HAVE_STDLIB_H 1
| #define HAVE_STRING_H 1
| #define HAVE_INTTYPES_H 1
| #define HAVE_STDINT_H 1
| #define HAVE_STRINGS_H 1
| #define HAVE_SYS_STAT_H 1
| #define HAVE_SYS_TYPES_H 1
| #define HAVE_UNISTD_H 1
| #define HAVE_WCHAR_H 1
| #define STDC_HEADERS 1
| #define _ALL_SOURCE 1
| #define _DARWIN_C_SOURCE 1
| #define _GNU_SOURCE 1
| #define _HPUX_ALT_XOPEN_SOCKET_API 1
| #define _NETBSD_SOURCE 1
| #define _OPENBSD_SOURCE 1
| #define _POSIX_PTHREAD_SEMANTICS 1
| #define __STDC_WANT_IEC_60559_ATTRIBS_EXT__ 1
| #define __STDC_WANT_IEC_60559_BFP_EXT__ 1
| #define __STDC_WANT_IEC_60559_DFP_EXT__ 1
| #define __STDC_WANT_IEC_60559_FUNCS_EXT__ 1
| #define __STDC_WANT_IEC_60559_TYPES_EXT__ 1
| #define __STDC_WANT_LIB_EXT2__ 1
| #define __STDC_WANT_MATH_SPEC_FUNCS__ 1
| #define _TANDEM_SOURCE 1
| #define __EXTENSIONS__ 1
| #define PY_SUPPORT_TIER 1
| #define Py_ENABLE_SHARED 1
| #define STDC_HEADERS 1
| #define HAVE_ALLOCA_H 1
| #define HAVE_ASM_TYPES_H 1
| #define HAVE_DLFCN_H 1
| #define HAVE_ENDIAN_H 1
| #define HAVE_ERRNO_H 1
| #define HAVE_FCNTL_H 1
| #define HAVE_GRP_H 1
| #define HAVE_LANGINFO_H 1
| #define HAVE_LIBINTL_H 1
| /* end confdefs.h.  */
| #include <stddef.h>
| #ifdef HAVE_STDIO_H
| # include <stdio.h>
| #endif
| #ifdef HAVE_STDLIB_H
| # include <stdlib.h>
| #endif
| #ifdef HAVE_STRING_H
| # include <string.h>
| #endif
| #ifdef HAVE_INTTYPES_H
| # include <inttypes.h>
| #endif
| #ifdef HAVE_STDINT_H
| # include <stdint.h>
| #endif
| #ifdef HAVE_STRINGS_H
| # include <strings.h>
| #endif
| #ifdef HAVE_SYS_TYPES_H
| # include <sys/types.h>
| #endif
| #ifdef HAVE_SYS_STAT_H
| # include <sys/stat.h>
| #endif
| #ifdef HAVE_UNISTD_H
| # include <unistd.h>
| #endif
| #include <libutil.h>
configure:10738: result: no
configure:10744: checking for linux/auxvec.h
configure:10744: gcc -c   conftest.c >&5
configure:10744: $? = 0
configure:10744: result: yes
configure:10750: checking for sys/auxv.h
configure:10750: gcc -c   conftest.c >&5
configure:10750: $? = 0
configure:10750: result: yes
configure:10756: checking for linux/fs.h
configure:10756: gcc -c   conftest.c >&5
configure:10756: $? = 0
configure:10756: result: yes
configure:10762: checking for linux/limits.h
configure:10762: gcc -c   conftest.c >&5
configure:10762: $? = 0
configure:10762: result: yes
configure:10768: checking for linux/memfd.h
configure:10768: gcc -c   conftest.c >&5
configure:10768: $? = 0
configure:10768: result: yes
configure:10774: checking for linux/random.h
configure:10774: gcc -c   conftest.c >&5
configure:10774: $? = 0
configure:10774: result: yes
configure:10780: checking for linux/soundcard.h
configure:10780: gcc -c   conftest.c >&5
configure:10780: $? = 0
configure:10780: result: yes
configure:10786: checking for linux/tipc.h
configure:10786: gcc -c   conftest.c >&5
configure:10786: $? = 0
configure:10786: result: yes
configure:10792: checking for linux/wait.h
configure:10792: gcc -c   conftest.c >&5
configure:10792: $? = 0
configure:10792: result: yes
configure:10798: checking for netdb.h
configure:10798: gcc -c   conftest.c >&5
configure:10798: $? = 0
configure:10798: result: yes
configure:10804: checking for net/ethernet.h
configure:10804: gcc -c   conftest.c >&5
configure:10804: $? = 0
configure:10804: result: yes
configure:10810: checking for netinet/in.h
configure:10810: gcc -c   conftest.c >&5
configure:10810: $? = 0
configure:10810: result: yes
configure:10816: checking for netpacket/packet.h
configure:10816: gcc -c   conftest.c >&5
configure:10816: $? = 0
configure:10816: result: yes
configure:10822: checking for poll.h
configure:10822: gcc -c   conftest.c >&5
configure:10822: $? = 0
configure:10822: result: yes
configure:10828: checking for process.h
configure:10828: gcc -c   conftest.c >&5
conftest.c:91:10: fatal error: process.h: No such file or directory
   91 | #include <process.h>
      |          ^~~~~~~~~~~
compilation terminated.
configure:10828: $? = 1
configure: failed program was:
| /* confdefs.h */
| #define _NETBSD_SOURCE 1
| #define __BSD_VISIBLE 1
| #define _DARWIN_C_SOURCE 1
| #define _PYTHONFRAMEWORK ""
| #define _XOPEN_SOURCE 700
| #define _XOPEN_SOURCE_EXTENDED 1
| #define _POSIX_C_SOURCE 200809L
| #define HAVE_STDIO_H 1
| #define HAVE_STDLIB_H 1
| #define HAVE_STRING_H 1
| #define HAVE_INTTYPES_H 1
| #define HAVE_STDINT_H 1
| #define HAVE_STRINGS_H 1
| #define HAVE_SYS_STAT_H 1
| #define HAVE_SYS_TYPES_H 1
| #define HAVE_UNISTD_H 1
| #define HAVE_WCHAR_H 1
| #define STDC_HEADERS 1
| #define _ALL_SOURCE 1
| #define _DARWIN_C_SOURCE 1
| #define _GNU_SOURCE 1
| #define _HPUX_ALT_XOPEN_SOCKET_API 1
| #define _NETBSD_SOURCE 1
| #define _OPENBSD_SOURCE 1
| #define _POSIX_PTHREAD_SEMANTICS 1
| #define __STDC_WANT_IEC_60559_ATTRIBS_EXT__ 1
| #define __STDC_WANT_IEC_60559_BFP_EXT__ 1
| #define __STDC_WANT_IEC_60559_DFP_EXT__ 1
| #define __STDC_WANT_IEC_60559_FUNCS_EXT__ 1
| #define __STDC_WANT_IEC_60559_TYPES_EXT__ 1
| #define __STDC_WANT_LIB_EXT2__ 1
| #define __STDC_WANT_MATH_SPEC_FUNCS__ 1
| #define _TANDEM_SOURCE 1
| #define __EXTENSIONS__ 1
| #define PY_SUPPORT_TIER 1
| #define Py_ENABLE_SHARED 1
| #define STDC_HEADERS 1
| #define HAVE_ALLOCA_H 1
| #define HAVE_ASM_TYPES_H 1
| #define HAVE_DLFCN_H 1
| #define HAVE_ENDIAN_H 1
| #define HAVE_ERRNO_H 1
| #define HAVE_FCNTL_H 1
| #define HAVE_GRP_H 1
| #define HAVE_LANGINFO_H 1
| #define HAVE_LIBINTL_H 1
| #define HAVE_LINUX_AUXVEC_H 1
| #define HAVE_SYS_AUXV_H 1
| #define HAVE_LINUX_FS_H 1
| #define HAVE_LINUX_LIMITS_H 1
| #define HAVE_LINUX_MEMFD_H 1
| #define HAVE_LINUX_RANDOM_H 1
| #define HAVE_LINUX_SOUNDCARD_H 1
| #define HAVE_LINUX_TIPC_H 1
| #define HAVE_LINUX_WAIT_H 1
| #define HAVE_NETDB_H 1
| #define HAVE_NET_ETHERNET_H 1
| #define HAVE_NETINET_IN_H 1
| #define HAVE_NETPACKET_PACKET_H 1
| #define HAVE_POLL_H 1
| /* end confdefs.h.  */
| #include <stddef.h>
| #ifdef HAVE_STDIO_H
| # include <stdio.h>
| #endif
| #ifdef HAVE_STDLIB_H
| # include <stdlib.h>
| #endif
| #ifdef HAVE_STRING_H
| # include <string.h>
| #endif
| #ifdef HAVE_INTTYPES_H
| # include <inttypes.h>
| #endif
| #ifdef HAVE_STDINT_H
| # include <stdint.h>
| #endif
| #ifdef HAVE_STRINGS_H
| # include <strings.h>
| #endif
| #ifdef HAVE_SYS_TYPES_H
| # include <sys/types.h>
| #endif
| #ifdef HAVE_SYS_STAT_H
| # include <sys/stat.h>
| #endif
| #ifdef HAVE_UNISTD_H
| # include <unistd.h>
| #endif
| #include <process.h>
configure:10828: result: no
configure:10834: checking for pthread.h
configure:10834: gcc -c   conftest.c >&5
configure:10834: $? = 0
configure:10834: result: yes
configure:10840: checking for pty.h
configure:10840: gcc -c   conftest.c >&5
configure:10840: $? = 0
configure:10840: result: yes
configure:10846: checking for sched.h
configure:10846: gcc -c   conftest.c >&5
configure:10846: $? = 0
configure:10846: result: yes
configure:10852: checking for setjmp.h
configure:10852: gcc -c   conftest.c >&5
configure:10852: $? = 0
configure:10852: result: yes
configure:10858: checking for shadow.h
configure:10858: gcc -c   conftest.c >&5
configure:10858: $? = 0
configure:10858: result: yes
configure:10864: checking for signal.h
configure:10864: gcc -c   conftest.c >&5
configure:10864: $? = 0
configure:10864: result: yes
configure:10870: checking for spawn.h
configure:10870: gcc -c   conftest.c >&5
configure:10870: $? = 0
configure:10870: result: yes
configure:10876: checking for stropts.h
configure:10876: gcc -c   conftest.c >&5
conftest.c:98:10: fatal error: stropts.h: No such file or directory
   98 | #include <stropts.h>
      |          ^~~~~~~~~~~
compilation terminated.
configure:10876: $? = 1
configure: failed program was:
| /* confdefs.h */
| #define _NETBSD_SOURCE 1
| #define __BSD_VISIBLE 1
| #define _DARWIN_C_SOURCE 1
| #define _PYTHONFRAMEWORK ""
| #define _XOPEN_SOURCE 700
| #define _XOPEN_SOURCE_EXTENDED 1
| #define _POSIX_C_SOURCE 200809L
| #define HAVE_STDIO_H 1
| #define HAVE_STDLIB_H 1
| #define HAVE_STRING_H 1
| #define HAVE_INTTYPES_H 1
| #define HAVE_STDINT_H 1
| #define HAVE_STRINGS_H 1
| #define HAVE_SYS_STAT_H 1
| #define HAVE_SYS_TYPES_H 1
| #define HAVE_UNISTD_H 1
| #define HAVE_WCHAR_H 1
| #define STDC_HEADERS 1
| #define _ALL_SOURCE 1
| #define _DARWIN_C_SOURCE 1
| #define _GNU_SOURCE 1
| #define _HPUX_ALT_XOPEN_SOCKET_API 1
| #define _NETBSD_SOURCE 1
| #define _OPENBSD_SOURCE 1
| #define _POSIX_PTHREAD_SEMANTICS 1
| #define __STDC_WANT_IEC_60559_ATTRIBS_EXT__ 1
| #define __STDC_WANT_IEC_60559_BFP_EXT__ 1
| #define __STDC_WANT_IEC_60559_DFP_EXT__ 1
| #define __STDC_WANT_IEC_60559_FUNCS_EXT__ 1
| #define __STDC_WANT_IEC_60559_TYPES_EXT__ 1
| #define __STDC_WANT_LIB_EXT2__ 1
| #define __STDC_WANT_MATH_SPEC_FUNCS__ 1
| #define _TANDEM_SOURCE 1
| #define __EXTENSIONS__ 1
| #define PY_SUPPORT_TIER 1
| #define Py_ENABLE_SHARED 1
| #define STDC_HEADERS 1
| #define HAVE_ALLOCA_H 1
| #define HAVE_ASM_TYPES_H 1
| #define HAVE_DLFCN_H 1
| #define HAVE_ENDIAN_H 1
| #define HAVE_ERRNO_H 1
| #define HAVE_FCNTL_H 1
| #define HAVE_GRP_H 1
| #define HAVE_LANGINFO_H 1
| #define HAVE_LIBINTL_H 1
| #define HAVE_LINUX_AUXVEC_H 1
| #define HAVE_SYS_AUXV_H 1
| #define HAVE_LINUX_FS_H 1
| #define HAVE_LINUX_LIMITS_H 1
| #define HAVE_LINUX_MEMFD_H 1
| #define HAVE_LINUX_RANDOM_H 1
| #define HAVE_LINUX_SOUNDCARD_H 1
| #define HAVE_LINUX_TIPC_H 1
| #define HAVE_LINUX_WAIT_H 1
| #define HAVE_NETDB_H 1
| #define HAVE_NET_ETHERNET_H 1
| #define HAVE_NETINET_IN_H 1
| #define HAVE_NETPACKET_PACKET_H 1
| #define HAVE_POLL_H 1
| #define HAVE_PTHREAD_H 1
| #define HAVE_PTY_H 1
| #define HAVE_SCHED_H 1
| #define HAVE_SETJMP_H 1
| #define HAVE_SHADOW_H 1
| #define HAVE_SIGNAL_H 1
| #define HAVE_SPAWN_H 1
| /* end confdefs.h.  */
| #include <stddef.h>
| #ifdef HAVE_STDIO_H
| # include <stdio.h>
| #endif
| #ifdef HAVE_STDLIB_H
| # include <stdlib.h>
| #endif
| #ifdef HAVE_STRING_H
| # include <string.h>
| #endif
| #ifdef HAVE_INTTYPES_H
| # include <inttypes.h>
| #endif
| #ifdef HAVE_STDINT_H
| # include <stdint.h>
| #endif
| #ifdef HAVE_STRINGS_H
| # include <strings.h>
| #endif
| #ifdef HAVE_SYS_TYPES_H
| # include <sys/types.h>
| #endif
| #ifdef HAVE_SYS_STAT_H
| # include <sys/stat.h>
| #endif
| #ifdef HAVE_UNISTD_H
| # include <unistd.h>
| #endif
| #include <stropts.h>
configure:10876: result: no
configure:10882: checking for sys/audioio.h
configure:10882: gcc -c   conftest.c >&5
conftest.c:98:10: fatal error: sys/audioio.h: No such file or directory
   98 | #include <sys/audioio.h>
      |          ^~~~~~~~~~~~~~~
compilation terminated.
configure:10882: $? = 1
configure: failed program was:
| /* confdefs.h */
| #define _NETBSD_SOURCE 1
| #define __BSD_VISIBLE 1
| #define _DARWIN_C_SOURCE 1
| #define _PYTHONFRAMEWORK ""
| #define _XOPEN_SOURCE 700
| #define _XOPEN_SOURCE_EXTENDED 1
| #define _POSIX_C_SOURCE 200809L
| #define HAVE_STDIO_H 1
| #define HAVE_STDLIB_H 1
| #define HAVE_STRING_H 1
| #define HAVE_INTTYPES_H 1
| #define HAVE_STDINT_H 1
| #define HAVE_STRINGS_H 1
| #define HAVE_SYS_STAT_H 1
| #define HAVE_SYS_TYPES_H 1
| #define HAVE_UNISTD_H 1
| #define HAVE_WCHAR_H 1
| #define STDC_HEADERS 1
| #define _ALL_SOURCE 1
| #define _DARWIN_C_SOURCE 1
| #define _GNU_SOURCE 1
| #define _HPUX_ALT_XOPEN_SOCKET_API 1
| #define _NETBSD_SOURCE 1
| #define _OPENBSD_SOURCE 1
| #define _POSIX_PTHREAD_SEMANTICS 1
| #define __STDC_WANT_IEC_60559_ATTRIBS_EXT__ 1
| #define __STDC_WANT_IEC_60559_BFP_EXT__ 1
| #define __STDC_WANT_IEC_60559_DFP_EXT__ 1
| #define __STDC_WANT_IEC_60559_FUNCS_EXT__ 1
| #define __STDC_WANT_IEC_60559_TYPES_EXT__ 1
| #define __STDC_WANT_LIB_EXT2__ 1
| #define __STDC_WANT_MATH_SPEC_FUNCS__ 1
| #define _TANDEM_SOURCE 1
| #define __EXTENSIONS__ 1
| #define PY_SUPPORT_TIER 1
| #define Py_ENABLE_SHARED 1
| #define STDC_HEADERS 1
| #define HAVE_ALLOCA_H 1
| #define HAVE_ASM_TYPES_H 1
| #define HAVE_DLFCN_H 1
| #define HAVE_ENDIAN_H 1
| #define HAVE_ERRNO_H 1
| #define HAVE_FCNTL_H 1
| #define HAVE_GRP_H 1
| #define HAVE_LANGINFO_H 1
| #define HAVE_LIBINTL_H 1
| #define HAVE_LINUX_AUXVEC_H 1
| #define HAVE_SYS_AUXV_H 1
| #define HAVE_LINUX_FS_H 1
| #define HAVE_LINUX_LIMITS_H 1
| #define HAVE_LINUX_MEMFD_H 1
| #define HAVE_LINUX_RANDOM_H 1
| #define HAVE_LINUX_SOUNDCARD_H 1
| #define HAVE_LINUX_TIPC_H 1
| #define HAVE_LINUX_WAIT_H 1
| #define HAVE_NETDB_H 1
| #define HAVE_NET_ETHERNET_H 1
| #define HAVE_NETINET_IN_H 1
| #define HAVE_NETPACKET_PACKET_H 1
| #define HAVE_POLL_H 1
| #define HAVE_PTHREAD_H 1
| #define HAVE_PTY_H 1
| #define HAVE_SCHED_H 1
| #define HAVE_SETJMP_H 1
| #define HAVE_SHADOW_H 1
| #define HAVE_SIGNAL_H 1
| #define HAVE_SPAWN_H 1
| /* end confdefs.h.  */
| #include <stddef.h>
| #ifdef HAVE_STDIO_H
| # include <stdio.h>
| #endif
| #ifdef HAVE_STDLIB_H
| # include <stdlib.h>
| #endif
| #ifdef HAVE_STRING_H
| # include <string.h>
| #endif
| #ifdef HAVE_INTTYPES_H
| # include <inttypes.h>
| #endif
| #ifdef HAVE_STDINT_H
| # include <stdint.h>
| #endif
| #ifdef HAVE_STRINGS_H
| # include <strings.h>
| #endif
| #ifdef HAVE_SYS_TYPES_H
| # include <sys/types.h>
| #endif
| #ifdef HAVE_SYS_STAT_H
| # include <sys/stat.h>
| #endif
| #ifdef HAVE_UNISTD_H
| # include <unistd.h>
| #endif
| #include <sys/audioio.h>
configure:10882: result: no
configure:10888: checking for sys/bsdtty.h
configure:10888: gcc -c   conftest.c >&5
conftest.c:98:10: fatal error: sys/bsdtty.h: No such file or directory
   98 | #include <sys/bsdtty.h>
      |          ^~~~~~~~~~~~~~
compilation terminated.
configure:10888: $? = 1
configure: failed program was:
| /* confdefs.h */
| #define _NETBSD_SOURCE 1
| #define __BSD_VISIBLE 1
| #define _DARWIN_C_SOURCE 1
| #define _PYTHONFRAMEWORK ""
| #define _XOPEN_SOURCE 700
| #define _XOPEN_SOURCE_EXTENDED 1
| #define _POSIX_C_SOURCE 200809L
| #define HAVE_STDIO_H 1
| #define HAVE_STDLIB_H 1
| #define HAVE_STRING_H 1
| #define HAVE_INTTYPES_H 1
| #define HAVE_STDINT_H 1
| #define HAVE_STRINGS_H 1
| #define HAVE_SYS_STAT_H 1
| #define HAVE_SYS_TYPES_H 1
| #define HAVE_UNISTD_H 1
| #define HAVE_WCHAR_H 1
| #define STDC_HEADERS 1
| #define _ALL_SOURCE 1
| #define _DARWIN_C_SOURCE 1
| #define _GNU_SOURCE 1
| #define _HPUX_ALT_XOPEN_SOCKET_API 1
| #define _NETBSD_SOURCE 1
| #define _OPENBSD_SOURCE 1
| #define _POSIX_PTHREAD_SEMANTICS 1
| #define __STDC_WANT_IEC_60559_ATTRIBS_EXT__ 1
| #define __STDC_WANT_IEC_60559_BFP_EXT__ 1
| #define __STDC_WANT_IEC_60559_DFP_EXT__ 1
| #define __STDC_WANT_IEC_60559_FUNCS_EXT__ 1
| #define __STDC_WANT_IEC_60559_TYPES_EXT__ 1
| #define __STDC_WANT_LIB_EXT2__ 1
| #define __STDC_WANT_MATH_SPEC_FUNCS__ 1
| #define _TANDEM_SOURCE 1
| #define __EXTENSIONS__ 1
| #define PY_SUPPORT_TIER 1
| #define Py_ENABLE_SHARED 1
| #define STDC_HEADERS 1
| #define HAVE_ALLOCA_H 1
| #define HAVE_ASM_TYPES_H 1
| #define HAVE_DLFCN_H 1
| #define HAVE_ENDIAN_H 1
| #define HAVE_ERRNO_H 1
| #define HAVE_FCNTL_H 1
| #define HAVE_GRP_H 1
| #define HAVE_LANGINFO_H 1
| #define HAVE_LIBINTL_H 1
| #define HAVE_LINUX_AUXVEC_H 1
| #define HAVE_SYS_AUXV_H 1
| #define HAVE_LINUX_FS_H 1
| #define HAVE_LINUX_LIMITS_H 1
| #define HAVE_LINUX_MEMFD_H 1
| #define HAVE_LINUX_RANDOM_H 1
| #define HAVE_LINUX_SOUNDCARD_H 1
| #define HAVE_LINUX_TIPC_H 1
| #define HAVE_LINUX_WAIT_H 1
| #define HAVE_NETDB_H 1
| #define HAVE_NET_ETHERNET_H 1
| #define HAVE_NETINET_IN_H 1
| #define HAVE_NETPACKET_PACKET_H 1
| #define HAVE_POLL_H 1
| #define HAVE_PTHREAD_H 1
| #define HAVE_PTY_H 1
| #define HAVE_SCHED_H 1
| #define HAVE_SETJMP_H 1
| #define HAVE_SHADOW_H 1
| #define HAVE_SIGNAL_H 1
| #define HAVE_SPAWN_H 1
| /* end confdefs.h.  */
| #include <stddef.h>
| #ifdef HAVE_STDIO_H
| # include <stdio.h>
| #endif
| #ifdef HAVE_STDLIB_H
| # include <stdlib.h>
| #endif
| #ifdef HAVE_STRING_H
| # include <string.h>
| #endif
| #ifdef HAVE_INTTYPES_H
| # include <inttypes.h>
| #endif
| #ifdef HAVE_STDINT_H
| # include <stdint.h>
| #endif
| #ifdef HAVE_STRINGS_H
| # include <strings.h>
| #endif
| #ifdef HAVE_SYS_TYPES_H
| # include <sys/types.h>
| #endif
| #ifdef HAVE_SYS_STAT_H
| # include <sys/stat.h>
| #endif
| #ifdef HAVE_UNISTD_H
| # include <unistd.h>
| #endif
| #include <sys/bsdtty.h>
configure:10888: result: no
configure:10894: checking for sys/devpoll.h
configure:10894: gcc -c   conftest.c >&5
conftest.c:98:10: fatal error: sys/devpoll.h: No such file or directory
   98 | #include <sys/devpoll.h>
      |          ^~~~~~~~~~~~~~~
compilation terminated.
configure:10894: $? = 1
configure: failed program was:
| /* confdefs.h */
| #define _NETBSD_SOURCE 1
| #define __BSD_VISIBLE 1
| #define _DARWIN_C_SOURCE 1
| #define _PYTHONFRAMEWORK ""
| #define _XOPEN_SOURCE 700
| #define _XOPEN_SOURCE_EXTENDED 1
| #define _POSIX_C_SOURCE 200809L
| #define HAVE_STDIO_H 1
| #define HAVE_STDLIB_H 1
| #define HAVE_STRING_H 1
| #define HAVE_INTTYPES_H 1
| #define HAVE_STDINT_H 1
| #define HAVE_STRINGS_H 1
| #define HAVE_SYS_STAT_H 1
| #define HAVE_SYS_TYPES_H 1
| #define HAVE_UNISTD_H 1
| #define HAVE_WCHAR_H 1
| #define STDC_HEADERS 1
| #define _ALL_SOURCE 1
| #define _DARWIN_C_SOURCE 1
| #define _GNU_SOURCE 1
| #define _HPUX_ALT_XOPEN_SOCKET_API 1
| #define _NETBSD_SOURCE 1
| #define _OPENBSD_SOURCE 1
| #define _POSIX_PTHREAD_SEMANTICS 1
| #define __STDC_WANT_IEC_60559_ATTRIBS_EXT__ 1
| #define __STDC_WANT_IEC_60559_BFP_EXT__ 1
| #define __STDC_WANT_IEC_60559_DFP_EXT__ 1
| #define __STDC_WANT_IEC_60559_FUNCS_EXT__ 1
| #define __STDC_WANT_IEC_60559_TYPES_EXT__ 1
| #define __STDC_WANT_LIB_EXT2__ 1
| #define __STDC_WANT_MATH_SPEC_FUNCS__ 1
| #define _TANDEM_SOURCE 1
| #define __EXTENSIONS__ 1
| #define PY_SUPPORT_TIER 1
| #define Py_ENABLE_SHARED 1
| #define STDC_HEADERS 1
| #define HAVE_ALLOCA_H 1
| #define HAVE_ASM_TYPES_H 1
| #define HAVE_DLFCN_H 1
| #define HAVE_ENDIAN_H 1
| #define HAVE_ERRNO_H 1
| #define HAVE_FCNTL_H 1
| #define HAVE_GRP_H 1
| #define HAVE_LANGINFO_H 1
| #define HAVE_LIBINTL_H 1
| #define HAVE_LINUX_AUXVEC_H 1
| #define HAVE_SYS_AUXV_H 1
| #define HAVE_LINUX_FS_H 1
| #define HAVE_LINUX_LIMITS_H 1
| #define HAVE_LINUX_MEMFD_H 1
| #define HAVE_LINUX_RANDOM_H 1
| #define HAVE_LINUX_SOUNDCARD_H 1
| #define HAVE_LINUX_TIPC_H 1
| #define HAVE_LINUX_WAIT_H 1
| #define HAVE_NETDB_H 1
| #define HAVE_NET_ETHERNET_H 1
| #define HAVE_NETINET_IN_H 1
| #define HAVE_NETPACKET_PACKET_H 1
| #define HAVE_POLL_H 1
| #define HAVE_PTHREAD_H 1
| #define HAVE_PTY_H 1
| #define HAVE_SCHED_H 1
| #define HAVE_SETJMP_H 1
| #define HAVE_SHADOW_H 1
| #define HAVE_SIGNAL_H 1
| #define HAVE_SPAWN_H 1
| /* end confdefs.h.  */
| #include <stddef.h>
| #ifdef HAVE_STDIO_H
| # include <stdio.h>
| #endif
| #ifdef HAVE_STDLIB_H
| # include <stdlib.h>
| #endif
| #ifdef HAVE_STRING_H
| # include <string.h>
| #endif
| #ifdef HAVE_INTTYPES_H
| # include <inttypes.h>
| #endif
| #ifdef HAVE_STDINT_H
| # include <stdint.h>
| #endif
| #ifdef HAVE_STRINGS_H
| # include <strings.h>
| #endif
| #ifdef HAVE_SYS_TYPES_H
| # include <sys/types.h>
| #endif
| #ifdef HAVE_SYS_STAT_H
| # include <sys/stat.h>
| #endif
| #ifdef HAVE_UNISTD_H
| # include <unistd.h>
| #endif
| #include <sys/devpoll.h>
configure:10894: result: no
configure:10900: checking for sys/endian.h
configure:10900: gcc -c   conftest.c >&5
conftest.c:98:10: fatal error: sys/endian.h: No such file or directory
   98 | #include <sys/endian.h>
      |          ^~~~~~~~~~~~~~
compilation terminated.
configure:10900: $? = 1
configure: failed program was:
| /* confdefs.h */
| #define _NETBSD_SOURCE 1
| #define __BSD_VISIBLE 1
| #define _DARWIN_C_SOURCE 1
| #define _PYTHONFRAMEWORK ""
| #define _XOPEN_SOURCE 700
| #define _XOPEN_SOURCE_EXTENDED 1
| #define _POSIX_C_SOURCE 200809L
| #define HAVE_STDIO_H 1
| #define HAVE_STDLIB_H 1
| #define HAVE_STRING_H 1
| #define HAVE_INTTYPES_H 1
| #define HAVE_STDINT_H 1
| #define HAVE_STRINGS_H 1
| #define HAVE_SYS_STAT_H 1
| #define HAVE_SYS_TYPES_H 1
| #define HAVE_UNISTD_H 1
| #define HAVE_WCHAR_H 1
| #define STDC_HEADERS 1
| #define _ALL_SOURCE 1
| #define _DARWIN_C_SOURCE 1
| #define _GNU_SOURCE 1
| #define _HPUX_ALT_XOPEN_SOCKET_API 1
| #define _NETBSD_SOURCE 1
| #define _OPENBSD_SOURCE 1
| #define _POSIX_PTHREAD_SEMANTICS 1
| #define __STDC_WANT_IEC_60559_ATTRIBS_EXT__ 1
| #define __STDC_WANT_IEC_60559_BFP_EXT__ 1
| #define __STDC_WANT_IEC_60559_DFP_EXT__ 1
| #define __STDC_WANT_IEC_60559_FUNCS_EXT__ 1
| #define __STDC_WANT_IEC_60559_TYPES_EXT__ 1
| #define __STDC_WANT_LIB_EXT2__ 1
| #define __STDC_WANT_MATH_SPEC_FUNCS__ 1
| #define _TANDEM_SOURCE 1
| #define __EXTENSIONS__ 1
| #define PY_SUPPORT_TIER 1
| #define Py_ENABLE_SHARED 1
| #define STDC_HEADERS 1
| #define HAVE_ALLOCA_H 1
| #define HAVE_ASM_TYPES_H 1
| #define HAVE_DLFCN_H 1
| #define HAVE_ENDIAN_H 1
| #define HAVE_ERRNO_H 1
| #define HAVE_FCNTL_H 1
| #define HAVE_GRP_H 1
| #define HAVE_LANGINFO_H 1
| #define HAVE_LIBINTL_H 1
| #define HAVE_LINUX_AUXVEC_H 1
| #define HAVE_SYS_AUXV_H 1
| #define HAVE_LINUX_FS_H 1
| #define HAVE_LINUX_LIMITS_H 1
| #define HAVE_LINUX_MEMFD_H 1
| #define HAVE_LINUX_RANDOM_H 1
| #define HAVE_LINUX_SOUNDCARD_H 1
| #define HAVE_LINUX_TIPC_H 1
| #define HAVE_LINUX_WAIT_H 1
| #define HAVE_NETDB_H 1
| #define HAVE_NET_ETHERNET_H 1
| #define HAVE_NETINET_IN_H 1
| #define HAVE_NETPACKET_PACKET_H 1
| #define HAVE_POLL_H 1
| #define HAVE_PTHREAD_H 1
| #define HAVE_PTY_H 1
| #define HAVE_SCHED_H 1
| #define HAVE_SETJMP_H 1
| #define HAVE_SHADOW_H 1
| #define HAVE_SIGNAL_H 1
| #define HAVE_SPAWN_H 1
| /* end confdefs.h.  */
| #include <stddef.h>
| #ifdef HAVE_STDIO_H
| # include <stdio.h>
| #endif
| #ifdef HAVE_STDLIB_H
| # include <stdlib.h>
| #endif
| #ifdef HAVE_STRING_H
| # include <string.h>
| #endif
| #ifdef HAVE_INTTYPES_H
| # include <inttypes.h>
| #endif
| #ifdef HAVE_STDINT_H
| # include <stdint.h>
| #endif
| #ifdef HAVE_STRINGS_H
| # include <strings.h>
| #endif
| #ifdef HAVE_SYS_TYPES_H
| # include <sys/types.h>
| #endif
| #ifdef HAVE_SYS_STAT_H
| # include <sys/stat.h>
| #endif
| #ifdef HAVE_UNISTD_H
| # include <unistd.h>
| #endif
| #include <sys/endian.h>
configure:10900: result: no
configure:10906: checking for sys/epoll.h
configure:10906: gcc -c   conftest.c >&5
configure:10906: $? = 0
configure:10906: result: yes
configure:10912: checking for sys/event.h
configure:10912: gcc -c   conftest.c >&5
conftest.c:99:10: fatal error: sys/event.h: No such file or directory
   99 | #include <sys/event.h>
      |          ^~~~~~~~~~~~~
compilation terminated.
configure:10912: $? = 1
configure: failed program was:
| /* confdefs.h */
| #define _NETBSD_SOURCE 1
| #define __BSD_VISIBLE 1
| #define _DARWIN_C_SOURCE 1
| #define _PYTHONFRAMEWORK ""
| #define _XOPEN_SOURCE 700
| #define _XOPEN_SOURCE_EXTENDED 1
| #define _POSIX_C_SOURCE 200809L
| #define HAVE_STDIO_H 1
| #define HAVE_STDLIB_H 1
| #define HAVE_STRING_H 1
| #define HAVE_INTTYPES_H 1
| #define HAVE_STDINT_H 1
| #define HAVE_STRINGS_H 1
| #define HAVE_SYS_STAT_H 1
| #define HAVE_SYS_TYPES_H 1
| #define HAVE_UNISTD_H 1
| #define HAVE_WCHAR_H 1
| #define STDC_HEADERS 1
| #define _ALL_SOURCE 1
| #define _DARWIN_C_SOURCE 1
| #define _GNU_SOURCE 1
| #define _HPUX_ALT_XOPEN_SOCKET_API 1
| #define _NETBSD_SOURCE 1
| #define _OPENBSD_SOURCE 1
| #define _POSIX_PTHREAD_SEMANTICS 1
| #define __STDC_WANT_IEC_60559_ATTRIBS_EXT__ 1
| #define __STDC_WANT_IEC_60559_BFP_EXT__ 1
| #define __STDC_WANT_IEC_60559_DFP_EXT__ 1
| #define __STDC_WANT_IEC_60559_FUNCS_EXT__ 1
| #define __STDC_WANT_IEC_60559_TYPES_EXT__ 1
| #define __STDC_WANT_LIB_EXT2__ 1
| #define __STDC_WANT_MATH_SPEC_FUNCS__ 1
| #define _TANDEM_SOURCE 1
| #define __EXTENSIONS__ 1
| #define PY_SUPPORT_TIER 1
| #define Py_ENABLE_SHARED 1
| #define STDC_HEADERS 1
| #define HAVE_ALLOCA_H 1
| #define HAVE_ASM_TYPES_H 1
| #define HAVE_DLFCN_H 1
| #define HAVE_ENDIAN_H 1
| #define HAVE_ERRNO_H 1
| #define HAVE_FCNTL_H 1
| #define HAVE_GRP_H 1
| #define HAVE_LANGINFO_H 1
| #define HAVE_LIBINTL_H 1
| #define HAVE_LINUX_AUXVEC_H 1
| #define HAVE_SYS_AUXV_H 1
| #define HAVE_LINUX_FS_H 1
| #define HAVE_LINUX_LIMITS_H 1
| #define HAVE_LINUX_MEMFD_H 1
| #define HAVE_LINUX_RANDOM_H 1
| #define HAVE_LINUX_SOUNDCARD_H 1
| #define HAVE_LINUX_TIPC_H 1
| #define HAVE_LINUX_WAIT_H 1
| #define HAVE_NETDB_H 1
| #define HAVE_NET_ETHERNET_H 1
| #define HAVE_NETINET_IN_H 1
| #define HAVE_NETPACKET_PACKET_H 1
| #define HAVE_POLL_H 1
| #define HAVE_PTHREAD_H 1
| #define HAVE_PTY_H 1
| #define HAVE_SCHED_H 1
| #define HAVE_SETJMP_H 1
| #define HAVE_SHADOW_H 1
| #define HAVE_SIGNAL_H 1
| #define HAVE_SPAWN_H 1
| #define HAVE_SYS_EPOLL_H 1
| /* end confdefs.h.  */
| #include <stddef.h>
| #ifdef HAVE_STDIO_H
| # include <stdio.h>
| #endif
| #ifdef HAVE_STDLIB_H
| # include <stdlib.h>
| #endif
| #ifdef HAVE_STRING_H
| # include <string.h>
| #endif
| #ifdef HAVE_INTTYPES_H
| # include <inttypes.h>
| #endif
| #ifdef HAVE_STDINT_H
| # include <stdint.h>
| #endif
| #ifdef HAVE_STRINGS_H
| # include <strings.h>
| #endif
| #ifdef HAVE_SYS_TYPES_H
| # include <sys/types.h>
| #endif
| #ifdef HAVE_SYS_STAT_H
| # include <sys/stat.h>
| #endif
| #ifdef HAVE_UNISTD_H
| # include <unistd.h>
| #endif
| #include <sys/event.h>
configure:10912: result: no
configure:10918: checking for sys/eventfd.h
configure:10918: gcc -c   conftest.c >&5
configure:10918: $? = 0
configure:10918: result: yes
configure:10924: checking for sys/file.h
configure:10924: gcc -c   conftest.c >&5
configure:10924: $? = 0
configure:10924: result: yes
configure:10930: checking for sys/ioctl.h
configure:10930: gcc -c   conftest.c >&5
configure:10930: $? = 0
configure:10930: result: yes
configure:10936: checking for sys/kern_control.h
configure:10936: gcc -c   conftest.c >&5
conftest.c:102:10: fatal error: sys/kern_control.h: No such file or directory
  102 | #include <sys/kern_control.h>
      |          ^~~~~~~~~~~~~~~~~~~~
compilation terminated.
configure:10936: $? = 1
configure: failed program was:
| /* confdefs.h */
| #define _NETBSD_SOURCE 1
| #define __BSD_VISIBLE 1
| #define _DARWIN_C_SOURCE 1
| #define _PYTHONFRAMEWORK ""
| #define _XOPEN_SOURCE 700
| #define _XOPEN_SOURCE_EXTENDED 1
| #define _POSIX_C_SOURCE 200809L
| #define HAVE_STDIO_H 1
| #define HAVE_STDLIB_H 1
| #define HAVE_STRING_H 1
| #define HAVE_INTTYPES_H 1
| #define HAVE_STDINT_H 1
| #define HAVE_STRINGS_H 1
| #define HAVE_SYS_STAT_H 1
| #define HAVE_SYS_TYPES_H 1
| #define HAVE_UNISTD_H 1
| #define HAVE_WCHAR_H 1
| #define STDC_HEADERS 1
| #define _ALL_SOURCE 1
| #define _DARWIN_C_SOURCE 1
| #define _GNU_SOURCE 1
| #define _HPUX_ALT_XOPEN_SOCKET_API 1
| #define _NETBSD_SOURCE 1
| #define _OPENBSD_SOURCE 1
| #define _POSIX_PTHREAD_SEMANTICS 1
| #define __STDC_WANT_IEC_60559_ATTRIBS_EXT__ 1
| #define __STDC_WANT_IEC_60559_BFP_EXT__ 1
| #define __STDC_WANT_IEC_60559_DFP_EXT__ 1
| #define __STDC_WANT_IEC_60559_FUNCS_EXT__ 1
| #define __STDC_WANT_IEC_60559_TYPES_EXT__ 1
| #define __STDC_WANT_LIB_EXT2__ 1
| #define __STDC_WANT_MATH_SPEC_FUNCS__ 1
| #define _TANDEM_SOURCE 1
| #define __EXTENSIONS__ 1
| #define PY_SUPPORT_TIER 1
| #define Py_ENABLE_SHARED 1
| #define STDC_HEADERS 1
| #define HAVE_ALLOCA_H 1
| #define HAVE_ASM_TYPES_H 1
| #define HAVE_DLFCN_H 1
| #define HAVE_ENDIAN_H 1
| #define HAVE_ERRNO_H 1
| #define HAVE_FCNTL_H 1
| #define HAVE_GRP_H 1
| #define HAVE_LANGINFO_H 1
| #define HAVE_LIBINTL_H 1
| #define HAVE_LINUX_AUXVEC_H 1
| #define HAVE_SYS_AUXV_H 1
| #define HAVE_LINUX_FS_H 1
| #define HAVE_LINUX_LIMITS_H 1
| #define HAVE_LINUX_MEMFD_H 1
| #define HAVE_LINUX_RANDOM_H 1
| #define HAVE_LINUX_SOUNDCARD_H 1
| #define HAVE_LINUX_TIPC_H 1
| #define HAVE_LINUX_WAIT_H 1
| #define HAVE_NETDB_H 1
| #define HAVE_NET_ETHERNET_H 1
| #define HAVE_NETINET_IN_H 1
| #define HAVE_NETPACKET_PACKET_H 1
| #define HAVE_POLL_H 1
| #define HAVE_PTHREAD_H 1
| #define HAVE_PTY_H 1
| #define HAVE_SCHED_H 1
| #define HAVE_SETJMP_H 1
| #define HAVE_SHADOW_H 1
| #define HAVE_SIGNAL_H 1
| #define HAVE_SPAWN_H 1
| #define HAVE_SYS_EPOLL_H 1
| #define HAVE_SYS_EVENTFD_H 1
| #define HAVE_SYS_FILE_H 1
| #define HAVE_SYS_IOCTL_H 1
| /* end confdefs.h.  */
| #include <stddef.h>
| #ifdef HAVE_STDIO_H
| # include <stdio.h>
| #endif
| #ifdef HAVE_STDLIB_H
| # include <stdlib.h>
| #endif
| #ifdef HAVE_STRING_H
| # include <string.h>
| #endif
| #ifdef HAVE_INTTYPES_H
| # include <inttypes.h>
| #endif
| #ifdef HAVE_STDINT_H
| # include <stdint.h>
| #endif
| #ifdef HAVE_STRINGS_H
| # include <strings.h>
| #endif
| #ifdef HAVE_SYS_TYPES_H
| # include <sys/types.h>
| #endif
| #ifdef HAVE_SYS_STAT_H
| # include <sys/stat.h>
| #endif
| #ifdef HAVE_UNISTD_H
| # include <unistd.h>
| #endif
| #include <sys/kern_control.h>
configure:10936: result: no
configure:10942: checking for sys/loadavg.h
configure:10942: gcc -c   conftest.c >&5
conftest.c:102:10: fatal error: sys/loadavg.h: No such file or directory
  102 | #include <sys/loadavg.h>
      |          ^~~~~~~~~~~~~~~
compilation terminated.
configure:10942: $? = 1
configure: failed program was:
| /* confdefs.h */
| #define _NETBSD_SOURCE 1
| #define __BSD_VISIBLE 1
| #define _DARWIN_C_SOURCE 1
| #define _PYTHONFRAMEWORK ""
| #define _XOPEN_SOURCE 700
| #define _XOPEN_SOURCE_EXTENDED 1
| #define _POSIX_C_SOURCE 200809L
| #define HAVE_STDIO_H 1
| #define HAVE_STDLIB_H 1
| #define HAVE_STRING_H 1
| #define HAVE_INTTYPES_H 1
| #define HAVE_STDINT_H 1
| #define HAVE_STRINGS_H 1
| #define HAVE_SYS_STAT_H 1
| #define HAVE_SYS_TYPES_H 1
| #define HAVE_UNISTD_H 1
| #define HAVE_WCHAR_H 1
| #define STDC_HEADERS 1
| #define _ALL_SOURCE 1
| #define _DARWIN_C_SOURCE 1
| #define _GNU_SOURCE 1
| #define _HPUX_ALT_XOPEN_SOCKET_API 1
| #define _NETBSD_SOURCE 1
| #define _OPENBSD_SOURCE 1
| #define _POSIX_PTHREAD_SEMANTICS 1
| #define __STDC_WANT_IEC_60559_ATTRIBS_EXT__ 1
| #define __STDC_WANT_IEC_60559_BFP_EXT__ 1
| #define __STDC_WANT_IEC_60559_DFP_EXT__ 1
| #define __STDC_WANT_IEC_60559_FUNCS_EXT__ 1
| #define __STDC_WANT_IEC_60559_TYPES_EXT__ 1
| #define __STDC_WANT_LIB_EXT2__ 1
| #define __STDC_WANT_MATH_SPEC_FUNCS__ 1
| #define _TANDEM_SOURCE 1
| #define __EXTENSIONS__ 1
| #define PY_SUPPORT_TIER 1
| #define Py_ENABLE_SHARED 1
| #define STDC_HEADERS 1
| #define HAVE_ALLOCA_H 1
| #define HAVE_ASM_TYPES_H 1
| #define HAVE_DLFCN_H 1
| #define HAVE_ENDIAN_H 1
| #define HAVE_ERRNO_H 1
| #define HAVE_FCNTL_H 1
| #define HAVE_GRP_H 1
| #define HAVE_LANGINFO_H 1
| #define HAVE_LIBINTL_H 1
| #define HAVE_LINUX_AUXVEC_H 1
| #define HAVE_SYS_AUXV_H 1
| #define HAVE_LINUX_FS_H 1
| #define HAVE_LINUX_LIMITS_H 1
| #define HAVE_LINUX_MEMFD_H 1
| #define HAVE_LINUX_RANDOM_H 1
| #define HAVE_LINUX_SOUNDCARD_H 1
| #define HAVE_LINUX_TIPC_H 1
| #define HAVE_LINUX_WAIT_H 1
| #define HAVE_NETDB_H 1
| #define HAVE_NET_ETHERNET_H 1
| #define HAVE_NETINET_IN_H 1
| #define HAVE_NETPACKET_PACKET_H 1
| #define HAVE_POLL_H 1
| #define HAVE_PTHREAD_H 1
| #define HAVE_PTY_H 1
| #define HAVE_SCHED_H 1
| #define HAVE_SETJMP_H 1
| #define HAVE_SHADOW_H 1
| #define HAVE_SIGNAL_H 1
| #define HAVE_SPAWN_H 1
| #define HAVE_SYS_EPOLL_H 1
| #define HAVE_SYS_EVENTFD_H 1
| #define HAVE_SYS_FILE_H 1
| #define HAVE_SYS_IOCTL_H 1
| /* end confdefs.h.  */
| #include <stddef.h>
| #ifdef HAVE_STDIO_H
| # include <stdio.h>
| #endif
| #ifdef HAVE_STDLIB_H
| # include <stdlib.h>
| #endif
| #ifdef HAVE_STRING_H
| # include <string.h>
| #endif
| #ifdef HAVE_INTTYPES_H
| # include <inttypes.h>
| #endif
| #ifdef HAVE_STDINT_H
| # include <stdint.h>
| #endif
| #ifdef HAVE_STRINGS_H
| # include <strings.h>
| #endif
| #ifdef HAVE_SYS_TYPES_H
| # include <sys/types.h>
| #endif
| #ifdef HAVE_SYS_STAT_H
| # include <sys/stat.h>
| #endif
| #ifdef HAVE_UNISTD_H
| # include <unistd.h>
| #endif
| #include <sys/loadavg.h>
configure:10942: result: no
configure:10948: checking for sys/lock.h
configure:10948: gcc -c   conftest.c >&5
conftest.c:102:10: fatal error: sys/lock.h: No such file or directory
  102 | #include <sys/lock.h>
      |          ^~~~~~~~~~~~
compilation terminated.
configure:10948: $? = 1
configure: failed program was:
| /* confdefs.h */
| #define _NETBSD_SOURCE 1
| #define __BSD_VISIBLE 1
| #define _DARWIN_C_SOURCE 1
| #define _PYTHONFRAMEWORK ""
| #define _XOPEN_SOURCE 700
| #define _XOPEN_SOURCE_EXTENDED 1
| #define _POSIX_C_SOURCE 200809L
| #define HAVE_STDIO_H 1
| #define HAVE_STDLIB_H 1
| #define HAVE_STRING_H 1
| #define HAVE_INTTYPES_H 1
| #define HAVE_STDINT_H 1
| #define HAVE_STRINGS_H 1
| #define HAVE_SYS_STAT_H 1
| #define HAVE_SYS_TYPES_H 1
| #define HAVE_UNISTD_H 1
| #define HAVE_WCHAR_H 1
| #define STDC_HEADERS 1
| #define _ALL_SOURCE 1
| #define _DARWIN_C_SOURCE 1
| #define _GNU_SOURCE 1
| #define _HPUX_ALT_XOPEN_SOCKET_API 1
| #define _NETBSD_SOURCE 1
| #define _OPENBSD_SOURCE 1
| #define _POSIX_PTHREAD_SEMANTICS 1
| #define __STDC_WANT_IEC_60559_ATTRIBS_EXT__ 1
| #define __STDC_WANT_IEC_60559_BFP_EXT__ 1
| #define __STDC_WANT_IEC_60559_DFP_EXT__ 1
| #define __STDC_WANT_IEC_60559_FUNCS_EXT__ 1
| #define __STDC_WANT_IEC_60559_TYPES_EXT__ 1
| #define __STDC_WANT_LIB_EXT2__ 1
| #define __STDC_WANT_MATH_SPEC_FUNCS__ 1
| #define _TANDEM_SOURCE 1
| #define __EXTENSIONS__ 1
| #define PY_SUPPORT_TIER 1
| #define Py_ENABLE_SHARED 1
| #define STDC_HEADERS 1
| #define HAVE_ALLOCA_H 1
| #define HAVE_ASM_TYPES_H 1
| #define HAVE_DLFCN_H 1
| #define HAVE_ENDIAN_H 1
| #define HAVE_ERRNO_H 1
| #define HAVE_FCNTL_H 1
| #define HAVE_GRP_H 1
| #define HAVE_LANGINFO_H 1
| #define HAVE_LIBINTL_H 1
| #define HAVE_LINUX_AUXVEC_H 1
| #define HAVE_SYS_AUXV_H 1
| #define HAVE_LINUX_FS_H 1
| #define HAVE_LINUX_LIMITS_H 1
| #define HAVE_LINUX_MEMFD_H 1
| #define HAVE_LINUX_RANDOM_H 1
| #define HAVE_LINUX_SOUNDCARD_H 1
| #define HAVE_LINUX_TIPC_H 1
| #define HAVE_LINUX_WAIT_H 1
| #define HAVE_NETDB_H 1
| #define HAVE_NET_ETHERNET_H 1
| #define HAVE_NETINET_IN_H 1
| #define HAVE_NETPACKET_PACKET_H 1
| #define HAVE_POLL_H 1
| #define HAVE_PTHREAD_H 1
| #define HAVE_PTY_H 1
| #define HAVE_SCHED_H 1
| #define HAVE_SETJMP_H 1
| #define HAVE_SHADOW_H 1
| #define HAVE_SIGNAL_H 1
| #define HAVE_SPAWN_H 1
| #define HAVE_SYS_EPOLL_H 1
| #define HAVE_SYS_EVENTFD_H 1
| #define HAVE_SYS_FILE_H 1
| #define HAVE_SYS_IOCTL_H 1
| /* end confdefs.h.  */
| #include <stddef.h>
| #ifdef HAVE_STDIO_H
| # include <stdio.h>
| #endif
| #ifdef HAVE_STDLIB_H
| # include <stdlib.h>
| #endif
| #ifdef HAVE_STRING_H
| # include <string.h>
| #endif
| #ifdef HAVE_INTTYPES_H
| # include <inttypes.h>
| #endif
| #ifdef HAVE_STDINT_H
| # include <stdint.h>
| #endif
| #ifdef HAVE_STRINGS_H
| # include <strings.h>
| #endif
| #ifdef HAVE_SYS_TYPES_H
| # include <sys/types.h>
| #endif
| #ifdef HAVE_SYS_STAT_H
| # include <sys/stat.h>
| #endif
| #ifdef HAVE_UNISTD_H
| # include <unistd.h>
| #endif
| #include <sys/lock.h>
configure:10948: result: no
configure:10954: checking for sys/memfd.h
configure:10954: gcc -c   conftest.c >&5
conftest.c:102:10: fatal error: sys/memfd.h: No such file or directory
  102 | #include <sys/memfd.h>
      |          ^~~~~~~~~~~~~
compilation terminated.
configure:10954: $? = 1
configure: failed program was:
| /* confdefs.h */
| #define _NETBSD_SOURCE 1
| #define __BSD_VISIBLE 1
| #define _DARWIN_C_SOURCE 1
| #define _PYTHONFRAMEWORK ""
| #define _XOPEN_SOURCE 700
| #define _XOPEN_SOURCE_EXTENDED 1
| #define _POSIX_C_SOURCE 200809L
| #define HAVE_STDIO_H 1
| #define HAVE_STDLIB_H 1
| #define HAVE_STRING_H 1
| #define HAVE_INTTYPES_H 1
| #define HAVE_STDINT_H 1
| #define HAVE_STRINGS_H 1
| #define HAVE_SYS_STAT_H 1
| #define HAVE_SYS_TYPES_H 1
| #define HAVE_UNISTD_H 1
| #define HAVE_WCHAR_H 1
| #define STDC_HEADERS 1
| #define _ALL_SOURCE 1
| #define _DARWIN_C_SOURCE 1
| #define _GNU_SOURCE 1
| #define _HPUX_ALT_XOPEN_SOCKET_API 1
| #define _NETBSD_SOURCE 1
| #define _OPENBSD_SOURCE 1
| #define _POSIX_PTHREAD_SEMANTICS 1
| #define __STDC_WANT_IEC_60559_ATTRIBS_EXT__ 1
| #define __STDC_WANT_IEC_60559_BFP_EXT__ 1
| #define __STDC_WANT_IEC_60559_DFP_EXT__ 1
| #define __STDC_WANT_IEC_60559_FUNCS_EXT__ 1
| #define __STDC_WANT_IEC_60559_TYPES_EXT__ 1
| #define __STDC_WANT_LIB_EXT2__ 1
| #define __STDC_WANT_MATH_SPEC_FUNCS__ 1
| #define _TANDEM_SOURCE 1
| #define __EXTENSIONS__ 1
| #define PY_SUPPORT_TIER 1
| #define Py_ENABLE_SHARED 1
| #define STDC_HEADERS 1
| #define HAVE_ALLOCA_H 1
| #define HAVE_ASM_TYPES_H 1
| #define HAVE_DLFCN_H 1
| #define HAVE_ENDIAN_H 1
| #define HAVE_ERRNO_H 1
| #define HAVE_FCNTL_H 1
| #define HAVE_GRP_H 1
| #define HAVE_LANGINFO_H 1
| #define HAVE_LIBINTL_H 1
| #define HAVE_LINUX_AUXVEC_H 1
| #define HAVE_SYS_AUXV_H 1
| #define HAVE_LINUX_FS_H 1
| #define HAVE_LINUX_LIMITS_H 1
| #define HAVE_LINUX_MEMFD_H 1
| #define HAVE_LINUX_RANDOM_H 1
| #define HAVE_LINUX_SOUNDCARD_H 1
| #define HAVE_LINUX_TIPC_H 1
| #define HAVE_LINUX_WAIT_H 1
| #define HAVE_NETDB_H 1
| #define HAVE_NET_ETHERNET_H 1
| #define HAVE_NETINET_IN_H 1
| #define HAVE_NETPACKET_PACKET_H 1
| #define HAVE_POLL_H 1
| #define HAVE_PTHREAD_H 1
| #define HAVE_PTY_H 1
| #define HAVE_SCHED_H 1
| #define HAVE_SETJMP_H 1
| #define HAVE_SHADOW_H 1
| #define HAVE_SIGNAL_H 1
| #define HAVE_SPAWN_H 1
| #define HAVE_SYS_EPOLL_H 1
| #define HAVE_SYS_EVENTFD_H 1
| #define HAVE_SYS_FILE_H 1
| #define HAVE_SYS_IOCTL_H 1
| /* end confdefs.h.  */
| #include <stddef.h>
| #ifdef HAVE_STDIO_H
| # include <stdio.h>
| #endif
| #ifdef HAVE_STDLIB_H
| # include <stdlib.h>
| #endif
| #ifdef HAVE_STRING_H
| # include <string.h>
| #endif
| #ifdef HAVE_INTTYPES_H
| # include <inttypes.h>
| #endif
| #ifdef HAVE_STDINT_H
| # include <stdint.h>
| #endif
| #ifdef HAVE_STRINGS_H
| # include <strings.h>
| #endif
| #ifdef HAVE_SYS_TYPES_H
| # include <sys/types.h>
| #endif
| #ifdef HAVE_SYS_STAT_H
| # include <sys/stat.h>
| #endif
| #ifdef HAVE_UNISTD_H
| # include <unistd.h>
| #endif
| #include <sys/memfd.h>
configure:10954: result: no
configure:10960: checking for sys/mkdev.h
configure:10960: gcc -c   conftest.c >&5
conftest.c:102:10: fatal error: sys/mkdev.h: No such file or directory
  102 | #include <sys/mkdev.h>
      |          ^~~~~~~~~~~~~
compilation terminated.
configure:10960: $? = 1
configure: failed program was:
| /* confdefs.h */
| #define _NETBSD_SOURCE 1
| #define __BSD_VISIBLE 1
| #define _DARWIN_C_SOURCE 1
| #define _PYTHONFRAMEWORK ""
| #define _XOPEN_SOURCE 700
| #define _XOPEN_SOURCE_EXTENDED 1
| #define _POSIX_C_SOURCE 200809L
| #define HAVE_STDIO_H 1
| #define HAVE_STDLIB_H 1
| #define HAVE_STRING_H 1
| #define HAVE_INTTYPES_H 1
| #define HAVE_STDINT_H 1
| #define HAVE_STRINGS_H 1
| #define HAVE_SYS_STAT_H 1
| #define HAVE_SYS_TYPES_H 1
| #define HAVE_UNISTD_H 1
| #define HAVE_WCHAR_H 1
| #define STDC_HEADERS 1
| #define _ALL_SOURCE 1
| #define _DARWIN_C_SOURCE 1
| #define _GNU_SOURCE 1
| #define _HPUX_ALT_XOPEN_SOCKET_API 1
| #define _NETBSD_SOURCE 1
| #define _OPENBSD_SOURCE 1
| #define _POSIX_PTHREAD_SEMANTICS 1
| #define __STDC_WANT_IEC_60559_ATTRIBS_EXT__ 1
| #define __STDC_WANT_IEC_60559_BFP_EXT__ 1
| #define __STDC_WANT_IEC_60559_DFP_EXT__ 1
| #define __STDC_WANT_IEC_60559_FUNCS_EXT__ 1
| #define __STDC_WANT_IEC_60559_TYPES_EXT__ 1
| #define __STDC_WANT_LIB_EXT2__ 1
| #define __STDC_WANT_MATH_SPEC_FUNCS__ 1
| #define _TANDEM_SOURCE 1
| #define __EXTENSIONS__ 1
| #define PY_SUPPORT_TIER 1
| #define Py_ENABLE_SHARED 1
| #define STDC_HEADERS 1
| #define HAVE_ALLOCA_H 1
| #define HAVE_ASM_TYPES_H 1
| #define HAVE_DLFCN_H 1
| #define HAVE_ENDIAN_H 1
| #define HAVE_ERRNO_H 1
| #define HAVE_FCNTL_H 1
| #define HAVE_GRP_H 1
| #define HAVE_LANGINFO_H 1
| #define HAVE_LIBINTL_H 1
| #define HAVE_LINUX_AUXVEC_H 1
| #define HAVE_SYS_AUXV_H 1
| #define HAVE_LINUX_FS_H 1
| #define HAVE_LINUX_LIMITS_H 1
| #define HAVE_LINUX_MEMFD_H 1
| #define HAVE_LINUX_RANDOM_H 1
| #define HAVE_LINUX_SOUNDCARD_H 1
| #define HAVE_LINUX_TIPC_H 1
| #define HAVE_LINUX_WAIT_H 1
| #define HAVE_NETDB_H 1
| #define HAVE_NET_ETHERNET_H 1
| #define HAVE_NETINET_IN_H 1
| #define HAVE_NETPACKET_PACKET_H 1
| #define HAVE_POLL_H 1
| #define HAVE_PTHREAD_H 1
| #define HAVE_PTY_H 1
| #define HAVE_SCHED_H 1
| #define HAVE_SETJMP_H 1
| #define HAVE_SHADOW_H 1
| #define HAVE_SIGNAL_H 1
| #define HAVE_SPAWN_H 1
| #define HAVE_SYS_EPOLL_H 1
| #define HAVE_SYS_EVENTFD_H 1
| #define HAVE_SYS_FILE_H 1
| #define HAVE_SYS_IOCTL_H 1
| /* end confdefs.h.  */
| #include <stddef.h>
| #ifdef HAVE_STDIO_H
| # include <stdio.h>
| #endif
| #ifdef HAVE_STDLIB_H
| # include <stdlib.h>
| #endif
| #ifdef HAVE_STRING_H
| # include <string.h>
| #endif
| #ifdef HAVE_INTTYPES_H
| # include <inttypes.h>
| #endif
| #ifdef HAVE_STDINT_H
| # include <stdint.h>
| #endif
| #ifdef HAVE_STRINGS_H
| # include <strings.h>
| #endif
| #ifdef HAVE_SYS_TYPES_H
| # include <sys/types.h>
| #endif
| #ifdef HAVE_SYS_STAT_H
| # include <sys/stat.h>
| #endif
| #ifdef HAVE_UNISTD_H
| # include <unistd.h>
| #endif
| #include <sys/mkdev.h>
configure:10960: result: no
configure:10966: checking for sys/mman.h
configure:10966: gcc -c   conftest.c >&5
configure:10966: $? = 0
configure:10966: result: yes
configure:10972: checking for sys/modem.h
configure:10972: gcc -c   conftest.c >&5
conftest.c:103:10: fatal error: sys/modem.h: No such file or directory
  103 | #include <sys/modem.h>
      |          ^~~~~~~~~~~~~
compilation terminated.
configure:10972: $? = 1
configure: failed program was:
| /* confdefs.h */
| #define _NETBSD_SOURCE 1
| #define __BSD_VISIBLE 1
| #define _DARWIN_C_SOURCE 1
| #define _PYTHONFRAMEWORK ""
| #define _XOPEN_SOURCE 700
| #define _XOPEN_SOURCE_EXTENDED 1
| #define _POSIX_C_SOURCE 200809L
| #define HAVE_STDIO_H 1
| #define HAVE_STDLIB_H 1
| #define HAVE_STRING_H 1
| #define HAVE_INTTYPES_H 1
| #define HAVE_STDINT_H 1
| #define HAVE_STRINGS_H 1
| #define HAVE_SYS_STAT_H 1
| #define HAVE_SYS_TYPES_H 1
| #define HAVE_UNISTD_H 1
| #define HAVE_WCHAR_H 1
| #define STDC_HEADERS 1
| #define _ALL_SOURCE 1
| #define _DARWIN_C_SOURCE 1
| #define _GNU_SOURCE 1
| #define _HPUX_ALT_XOPEN_SOCKET_API 1
| #define _NETBSD_SOURCE 1
| #define _OPENBSD_SOURCE 1
| #define _POSIX_PTHREAD_SEMANTICS 1
| #define __STDC_WANT_IEC_60559_ATTRIBS_EXT__ 1
| #define __STDC_WANT_IEC_60559_BFP_EXT__ 1
| #define __STDC_WANT_IEC_60559_DFP_EXT__ 1
| #define __STDC_WANT_IEC_60559_FUNCS_EXT__ 1
| #define __STDC_WANT_IEC_60559_TYPES_EXT__ 1
| #define __STDC_WANT_LIB_EXT2__ 1
| #define __STDC_WANT_MATH_SPEC_FUNCS__ 1
| #define _TANDEM_SOURCE 1
| #define __EXTENSIONS__ 1
| #define PY_SUPPORT_TIER 1
| #define Py_ENABLE_SHARED 1
| #define STDC_HEADERS 1
| #define HAVE_ALLOCA_H 1
| #define HAVE_ASM_TYPES_H 1
| #define HAVE_DLFCN_H 1
| #define HAVE_ENDIAN_H 1
| #define HAVE_ERRNO_H 1
| #define HAVE_FCNTL_H 1
| #define HAVE_GRP_H 1
| #define HAVE_LANGINFO_H 1
| #define HAVE_LIBINTL_H 1
| #define HAVE_LINUX_AUXVEC_H 1
| #define HAVE_SYS_AUXV_H 1
| #define HAVE_LINUX_FS_H 1
| #define HAVE_LINUX_LIMITS_H 1
| #define HAVE_LINUX_MEMFD_H 1
| #define HAVE_LINUX_RANDOM_H 1
| #define HAVE_LINUX_SOUNDCARD_H 1
| #define HAVE_LINUX_TIPC_H 1
| #define HAVE_LINUX_WAIT_H 1
| #define HAVE_NETDB_H 1
| #define HAVE_NET_ETHERNET_H 1
| #define HAVE_NETINET_IN_H 1
| #define HAVE_NETPACKET_PACKET_H 1
| #define HAVE_POLL_H 1
| #define HAVE_PTHREAD_H 1
| #define HAVE_PTY_H 1
| #define HAVE_SCHED_H 1
| #define HAVE_SETJMP_H 1
| #define HAVE_SHADOW_H 1
| #define HAVE_SIGNAL_H 1
| #define HAVE_SPAWN_H 1
| #define HAVE_SYS_EPOLL_H 1
| #define HAVE_SYS_EVENTFD_H 1
| #define HAVE_SYS_FILE_H 1
| #define HAVE_SYS_IOCTL_H 1
| #define HAVE_SYS_MMAN_H 1
| /* end confdefs.h.  */
| #include <stddef.h>
| #ifdef HAVE_STDIO_H
| # include <stdio.h>
| #endif
| #ifdef HAVE_STDLIB_H
| # include <stdlib.h>
| #endif
| #ifdef HAVE_STRING_H
| # include <string.h>
| #endif
| #ifdef HAVE_INTTYPES_H
| # include <inttypes.h>
| #endif
| #ifdef HAVE_STDINT_H
| # include <stdint.h>
| #endif
| #ifdef HAVE_STRINGS_H
| # include <strings.h>
| #endif
| #ifdef HAVE_SYS_TYPES_H
| # include <sys/types.h>
| #endif
| #ifdef HAVE_SYS_STAT_H
| # include <sys/stat.h>
| #endif
| #ifdef HAVE_UNISTD_H
| # include <unistd.h>
| #endif
| #include <sys/modem.h>
configure:10972: result: no
configure:10978: checking for sys/param.h
configure:10978: gcc -c   conftest.c >&5
configure:10978: $? = 0
configure:10978: result: yes
configure:10984: checking for sys/poll.h
configure:10984: gcc -c   conftest.c >&5
configure:10984: $? = 0
configure:10984: result: yes
configure:10990: checking for sys/random.h
configure:10990: gcc -c   conftest.c >&5
configure:10990: $? = 0
configure:10990: result: yes
configure:10996: checking for sys/resource.h
configure:10996: gcc -c   conftest.c >&5
configure:10996: $? = 0
configure:10996: result: yes
configure:11002: checking for sys/select.h
configure:11002: gcc -c   conftest.c >&5
configure:11002: $? = 0
configure:11002: result: yes
configure:11008: checking for sys/sendfile.h
configure:11008: gcc -c   conftest.c >&5
configure:11008: $? = 0
configure:11008: result: yes
configure:11014: checking for sys/socket.h
configure:11014: gcc -c   conftest.c >&5
configure:11014: $? = 0
configure:11014: result: yes
configure:11020: checking for sys/soundcard.h
configure:11020: gcc -c   conftest.c >&5
configure:11020: $? = 0
configure:11020: result: yes
configure:11026: checking for sys/stat.h
configure:11026: result: yes
configure:11032: checking for sys/statvfs.h
configure:11032: gcc -c   conftest.c >&5
configure:11032: $? = 0
configure:11032: result: yes
configure:11038: checking for sys/sys_domain.h
configure:11038: gcc -c   conftest.c >&5
conftest.c:113:10: fatal error: sys/sys_domain.h: No such file or directory
  113 | #include <sys/sys_domain.h>
      |          ^~~~~~~~~~~~~~~~~~
compilation terminated.
configure:11038: $? = 1
configure: failed program was:
| /* confdefs.h */
| #define _NETBSD_SOURCE 1
| #define __BSD_VISIBLE 1
| #define _DARWIN_C_SOURCE 1
| #define _PYTHONFRAMEWORK ""
| #define _XOPEN_SOURCE 700
| #define _XOPEN_SOURCE_EXTENDED 1
| #define _POSIX_C_SOURCE 200809L
| #define HAVE_STDIO_H 1
| #define HAVE_STDLIB_H 1
| #define HAVE_STRING_H 1
| #define HAVE_INTTYPES_H 1
| #define HAVE_STDINT_H 1
| #define HAVE_STRINGS_H 1
| #define HAVE_SYS_STAT_H 1
| #define HAVE_SYS_TYPES_H 1
| #define HAVE_UNISTD_H 1
| #define HAVE_WCHAR_H 1
| #define STDC_HEADERS 1
| #define _ALL_SOURCE 1
| #define _DARWIN_C_SOURCE 1
| #define _GNU_SOURCE 1
| #define _HPUX_ALT_XOPEN_SOCKET_API 1
| #define _NETBSD_SOURCE 1
| #define _OPENBSD_SOURCE 1
| #define _POSIX_PTHREAD_SEMANTICS 1
| #define __STDC_WANT_IEC_60559_ATTRIBS_EXT__ 1
| #define __STDC_WANT_IEC_60559_BFP_EXT__ 1
| #define __STDC_WANT_IEC_60559_DFP_EXT__ 1
| #define __STDC_WANT_IEC_60559_FUNCS_EXT__ 1
| #define __STDC_WANT_IEC_60559_TYPES_EXT__ 1
| #define __STDC_WANT_LIB_EXT2__ 1
| #define __STDC_WANT_MATH_SPEC_FUNCS__ 1
| #define _TANDEM_SOURCE 1
| #define __EXTENSIONS__ 1
| #define PY_SUPPORT_TIER 1
| #define Py_ENABLE_SHARED 1
| #define STDC_HEADERS 1
| #define HAVE_ALLOCA_H 1
| #define HAVE_ASM_TYPES_H 1
| #define HAVE_DLFCN_H 1
| #define HAVE_ENDIAN_H 1
| #define HAVE_ERRNO_H 1
| #define HAVE_FCNTL_H 1
| #define HAVE_GRP_H 1
| #define HAVE_LANGINFO_H 1
| #define HAVE_LIBINTL_H 1
| #define HAVE_LINUX_AUXVEC_H 1
| #define HAVE_SYS_AUXV_H 1
| #define HAVE_LINUX_FS_H 1
| #define HAVE_LINUX_LIMITS_H 1
| #define HAVE_LINUX_MEMFD_H 1
| #define HAVE_LINUX_RANDOM_H 1
| #define HAVE_LINUX_SOUNDCARD_H 1
| #define HAVE_LINUX_TIPC_H 1
| #define HAVE_LINUX_WAIT_H 1
| #define HAVE_NETDB_H 1
| #define HAVE_NET_ETHERNET_H 1
| #define HAVE_NETINET_IN_H 1
| #define HAVE_NETPACKET_PACKET_H 1
| #define HAVE_POLL_H 1
| #define HAVE_PTHREAD_H 1
| #define HAVE_PTY_H 1
| #define HAVE_SCHED_H 1
| #define HAVE_SETJMP_H 1
| #define HAVE_SHADOW_H 1
| #define HAVE_SIGNAL_H 1
| #define HAVE_SPAWN_H 1
| #define HAVE_SYS_EPOLL_H 1
| #define HAVE_SYS_EVENTFD_H 1
| #define HAVE_SYS_FILE_H 1
| #define HAVE_SYS_IOCTL_H 1
| #define HAVE_SYS_MMAN_H 1
| #define HAVE_SYS_PARAM_H 1
| #define HAVE_SYS_POLL_H 1
| #define HAVE_SYS_RANDOM_H 1
| #define HAVE_SYS_RESOURCE_H 1
| #define HAVE_SYS_SELECT_H 1
| #define HAVE_SYS_SENDFILE_H 1
| #define HAVE_SYS_SOCKET_H 1
| #define HAVE_SYS_SOUNDCARD_H 1
| #define HAVE_SYS_STAT_H 1
| #define HAVE_SYS_STATVFS_H 1
| /* end confdefs.h.  */
| #include <stddef.h>
| #ifdef HAVE_STDIO_H
| # include <stdio.h>
| #endif
| #ifdef HAVE_STDLIB_H
| # include <stdlib.h>
| #endif
| #ifdef HAVE_STRING_H
| # include <string.h>
| #endif
| #ifdef HAVE_INTTYPES_H
| # include <inttypes.h>
| #endif
| #ifdef HAVE_STDINT_H
| # include <stdint.h>
| #endif
| #ifdef HAVE_STRINGS_H
| # include <strings.h>
| #endif
| #ifdef HAVE_SYS_TYPES_H
| # include <sys/types.h>
| #endif
| #ifdef HAVE_SYS_STAT_H
| # include <sys/stat.h>
| #endif
| #ifdef HAVE_UNISTD_H
| # include <unistd.h>
| #endif
| #include <sys/sys_domain.h>
configure:11038: result: no
configure:11044: checking for sys/syscall.h
configure:11044: gcc -c   conftest.c >&5
configure:11044: $? = 0
configure:11044: result: yes
configure:11050: checking for sys/sysmacros.h
configure:11050: gcc -c   conftest.c >&5
configure:11050: $? = 0
configure:11050: result: yes
configure:11056: checking for sys/termio.h
configure:11056: gcc -c   conftest.c >&5
conftest.c:115:10: fatal error: sys/termio.h: No such file or directory
  115 | #include <sys/termio.h>
      |          ^~~~~~~~~~~~~~
compilation terminated.
configure:11056: $? = 1
configure: failed program was:
| /* confdefs.h */
| #define _NETBSD_SOURCE 1
| #define __BSD_VISIBLE 1
| #define _DARWIN_C_SOURCE 1
| #define _PYTHONFRAMEWORK ""
| #define _XOPEN_SOURCE 700
| #define _XOPEN_SOURCE_EXTENDED 1
| #define _POSIX_C_SOURCE 200809L
| #define HAVE_STDIO_H 1
| #define HAVE_STDLIB_H 1
| #define HAVE_STRING_H 1
| #define HAVE_INTTYPES_H 1
| #define HAVE_STDINT_H 1
| #define HAVE_STRINGS_H 1
| #define HAVE_SYS_STAT_H 1
| #define HAVE_SYS_TYPES_H 1
| #define HAVE_UNISTD_H 1
| #define HAVE_WCHAR_H 1
| #define STDC_HEADERS 1
| #define _ALL_SOURCE 1
| #define _DARWIN_C_SOURCE 1
| #define _GNU_SOURCE 1
| #define _HPUX_ALT_XOPEN_SOCKET_API 1
| #define _NETBSD_SOURCE 1
| #define _OPENBSD_SOURCE 1
| #define _POSIX_PTHREAD_SEMANTICS 1
| #define __STDC_WANT_IEC_60559_ATTRIBS_EXT__ 1
| #define __STDC_WANT_IEC_60559_BFP_EXT__ 1
| #define __STDC_WANT_IEC_60559_DFP_EXT__ 1
| #define __STDC_WANT_IEC_60559_FUNCS_EXT__ 1
| #define __STDC_WANT_IEC_60559_TYPES_EXT__ 1
| #define __STDC_WANT_LIB_EXT2__ 1
| #define __STDC_WANT_MATH_SPEC_FUNCS__ 1
| #define _TANDEM_SOURCE 1
| #define __EXTENSIONS__ 1
| #define PY_SUPPORT_TIER 1
| #define Py_ENABLE_SHARED 1
| #define STDC_HEADERS 1
| #define HAVE_ALLOCA_H 1
| #define HAVE_ASM_TYPES_H 1
| #define HAVE_DLFCN_H 1
| #define HAVE_ENDIAN_H 1
| #define HAVE_ERRNO_H 1
| #define HAVE_FCNTL_H 1
| #define HAVE_GRP_H 1
| #define HAVE_LANGINFO_H 1
| #define HAVE_LIBINTL_H 1
| #define HAVE_LINUX_AUXVEC_H 1
| #define HAVE_SYS_AUXV_H 1
| #define HAVE_LINUX_FS_H 1
| #define HAVE_LINUX_LIMITS_H 1
| #define HAVE_LINUX_MEMFD_H 1
| #define HAVE_LINUX_RANDOM_H 1
| #define HAVE_LINUX_SOUNDCARD_H 1
| #define HAVE_LINUX_TIPC_H 1
| #define HAVE_LINUX_WAIT_H 1
| #define HAVE_NETDB_H 1
| #define HAVE_NET_ETHERNET_H 1
| #define HAVE_NETINET_IN_H 1
| #define HAVE_NETPACKET_PACKET_H 1
| #define HAVE_POLL_H 1
| #define HAVE_PTHREAD_H 1
| #define HAVE_PTY_H 1
| #define HAVE_SCHED_H 1
| #define HAVE_SETJMP_H 1
| #define HAVE_SHADOW_H 1
| #define HAVE_SIGNAL_H 1
| #define HAVE_SPAWN_H 1
| #define HAVE_SYS_EPOLL_H 1
| #define HAVE_SYS_EVENTFD_H 1
| #define HAVE_SYS_FILE_H 1
| #define HAVE_SYS_IOCTL_H 1
| #define HAVE_SYS_MMAN_H 1
| #define HAVE_SYS_PARAM_H 1
| #define HAVE_SYS_POLL_H 1
| #define HAVE_SYS_RANDOM_H 1
| #define HAVE_SYS_RESOURCE_H 1
| #define HAVE_SYS_SELECT_H 1
| #define HAVE_SYS_SENDFILE_H 1
| #define HAVE_SYS_SOCKET_H 1
| #define HAVE_SYS_SOUNDCARD_H 1
| #define HAVE_SYS_STAT_H 1
| #define HAVE_SYS_STATVFS_H 1
| #define HAVE_SYS_SYSCALL_H 1
| #define HAVE_SYS_SYSMACROS_H 1
| /* end confdefs.h.  */
| #include <stddef.h>
| #ifdef HAVE_STDIO_H
| # include <stdio.h>
| #endif
| #ifdef HAVE_STDLIB_H
| # include <stdlib.h>
| #endif
| #ifdef HAVE_STRING_H
| # include <string.h>
| #endif
| #ifdef HAVE_INTTYPES_H
| # include <inttypes.h>
| #endif
| #ifdef HAVE_STDINT_H
| # include <stdint.h>
| #endif
| #ifdef HAVE_STRINGS_H
| # include <strings.h>
| #endif
| #ifdef HAVE_SYS_TYPES_H
| # include <sys/types.h>
| #endif
| #ifdef HAVE_SYS_STAT_H
| # include <sys/stat.h>
| #endif
| #ifdef HAVE_UNISTD_H
| # include <unistd.h>
| #endif
| #include <sys/termio.h>
configure:11056: result: no
configure:11062: checking for sys/time.h
configure:11062: gcc -c   conftest.c >&5
configure:11062: $? = 0
configure:11062: result: yes
configure:11068: checking for sys/times.h
configure:11068: gcc -c   conftest.c >&5
configure:11068: $? = 0
configure:11068: result: yes
configure:11074: checking for sys/timerfd.h
configure:11074: gcc -c   conftest.c >&5
configure:11074: $? = 0
configure:11074: result: yes
configure:11080: checking for sys/types.h
configure:11080: result: yes
configure:11086: checking for sys/uio.h
configure:11086: gcc -c   conftest.c >&5
configure:11086: $? = 0
configure:11086: result: yes
configure:11092: checking for sys/un.h
configure:11092: gcc -c   conftest.c >&5
configure:11092: $? = 0
configure:11092: result: yes
configure:11098: checking for sys/utsname.h
configure:11098: gcc -c   conftest.c >&5
configure:11098: $? = 0
configure:11098: result: yes
configure:11104: checking for sys/wait.h
configure:11104: gcc -c   conftest.c >&5
configure:11104: $? = 0
configure:11104: result: yes
configure:11110: checking for sys/xattr.h
configure:11110: gcc -c   conftest.c >&5
configure:11110: $? = 0
configure:11110: result: yes
configure:11116: checking for sysexits.h
configure:11116: gcc -c   conftest.c >&5
configure:11116: $? = 0
configure:11116: result: yes
configure:11122: checking for syslog.h
configure:11122: gcc -c   conftest.c >&5
configure:11122: $? = 0
configure:11122: result: yes
configure:11128: checking for termios.h
configure:11128: gcc -c   conftest.c >&5
configure:11128: $? = 0
configure:11128: result: yes
configure:11134: checking for util.h
configure:11134: gcc -c   conftest.c >&5
conftest.c:127:10: fatal error: util.h: No such file or directory
  127 | #include <util.h>
      |          ^~~~~~~~
compilation terminated.
configure:11134: $? = 1
configure: failed program was:
| /* confdefs.h */
| #define _NETBSD_SOURCE 1
| #define __BSD_VISIBLE 1
| #define _DARWIN_C_SOURCE 1
| #define _PYTHONFRAMEWORK ""
| #define _XOPEN_SOURCE 700
| #define _XOPEN_SOURCE_EXTENDED 1
| #define _POSIX_C_SOURCE 200809L
| #define HAVE_STDIO_H 1
| #define HAVE_STDLIB_H 1
| #define HAVE_STRING_H 1
| #define HAVE_INTTYPES_H 1
| #define HAVE_STDINT_H 1
| #define HAVE_STRINGS_H 1
| #define HAVE_SYS_STAT_H 1
| #define HAVE_SYS_TYPES_H 1
| #define HAVE_UNISTD_H 1
| #define HAVE_WCHAR_H 1
| #define STDC_HEADERS 1
| #define _ALL_SOURCE 1
| #define _DARWIN_C_SOURCE 1
| #define _GNU_SOURCE 1
| #define _HPUX_ALT_XOPEN_SOCKET_API 1
| #define _NETBSD_SOURCE 1
| #define _OPENBSD_SOURCE 1
| #define _POSIX_PTHREAD_SEMANTICS 1
| #define __STDC_WANT_IEC_60559_ATTRIBS_EXT__ 1
| #define __STDC_WANT_IEC_60559_BFP_EXT__ 1
| #define __STDC_WANT_IEC_60559_DFP_EXT__ 1
| #define __STDC_WANT_IEC_60559_FUNCS_EXT__ 1
| #define __STDC_WANT_IEC_60559_TYPES_EXT__ 1
| #define __STDC_WANT_LIB_EXT2__ 1
| #define __STDC_WANT_MATH_SPEC_FUNCS__ 1
| #define _TANDEM_SOURCE 1
| #define __EXTENSIONS__ 1
| #define PY_SUPPORT_TIER 1
| #define Py_ENABLE_SHARED 1
| #define STDC_HEADERS 1
| #define HAVE_ALLOCA_H 1
| #define HAVE_ASM_TYPES_H 1
| #define HAVE_DLFCN_H 1
| #define HAVE_ENDIAN_H 1
| #define HAVE_ERRNO_H 1
| #define HAVE_FCNTL_H 1
| #define HAVE_GRP_H 1
| #define HAVE_LANGINFO_H 1
| #define HAVE_LIBINTL_H 1
| #define HAVE_LINUX_AUXVEC_H 1
| #define HAVE_SYS_AUXV_H 1
| #define HAVE_LINUX_FS_H 1
| #define HAVE_LINUX_LIMITS_H 1
| #define HAVE_LINUX_MEMFD_H 1
| #define HAVE_LINUX_RANDOM_H 1
| #define HAVE_LINUX_SOUNDCARD_H 1
| #define HAVE_LINUX_TIPC_H 1
| #define HAVE_LINUX_WAIT_H 1
| #define HAVE_NETDB_H 1
| #define HAVE_NET_ETHERNET_H 1
| #define HAVE_NETINET_IN_H 1
| #define HAVE_NETPACKET_PACKET_H 1
| #define HAVE_POLL_H 1
| #define HAVE_PTHREAD_H 1
| #define HAVE_PTY_H 1
| #define HAVE_SCHED_H 1
| #define HAVE_SETJMP_H 1
| #define HAVE_SHADOW_H 1
| #define HAVE_SIGNAL_H 1
| #define HAVE_SPAWN_H 1
| #define HAVE_SYS_EPOLL_H 1
| #define HAVE_SYS_EVENTFD_H 1
| #define HAVE_SYS_FILE_H 1
| #define HAVE_SYS_IOCTL_H 1
| #define HAVE_SYS_MMAN_H 1
| #define HAVE_SYS_PARAM_H 1
| #define HAVE_SYS_POLL_H 1
| #define HAVE_SYS_RANDOM_H 1
| #define HAVE_SYS_RESOURCE_H 1
| #define HAVE_SYS_SELECT_H 1
| #define HAVE_SYS_SENDFILE_H 1
| #define HAVE_SYS_SOCKET_H 1
| #define HAVE_SYS_SOUNDCARD_H 1
| #define HAVE_SYS_STAT_H 1
| #define HAVE_SYS_STATVFS_H 1
| #define HAVE_SYS_SYSCALL_H 1
| #define HAVE_SYS_SYSMACROS_H 1
| #define HAVE_SYS_TIME_H 1
| #define HAVE_SYS_TIMES_H 1
| #define HAVE_SYS_TIMERFD_H 1
| #define HAVE_SYS_TYPES_H 1
| #define HAVE_SYS_UIO_H 1
| #define HAVE_SYS_UN_H 1
| #define HAVE_SYS_UTSNAME_H 1
| #define HAVE_SYS_WAIT_H 1
| #define HAVE_SYS_XATTR_H 1
| #define HAVE_SYSEXITS_H 1
| #define HAVE_SYSLOG_H 1
| #define HAVE_TERMIOS_H 1
| /* end confdefs.h.  */
| #include <stddef.h>
| #ifdef HAVE_STDIO_H
| # include <stdio.h>
| #endif
| #ifdef HAVE_STDLIB_H
| # include <stdlib.h>
| #endif
| #ifdef HAVE_STRING_H
| # include <string.h>
| #endif
| #ifdef HAVE_INTTYPES_H
| # include <inttypes.h>
| #endif
| #ifdef HAVE_STDINT_H
| # include <stdint.h>
| #endif
| #ifdef HAVE_STRINGS_H
| # include <strings.h>
| #endif
| #ifdef HAVE_SYS_TYPES_H
| # include <sys/types.h>
| #endif
| #ifdef HAVE_SYS_STAT_H
| # include <sys/stat.h>
| #endif
| #ifdef HAVE_UNISTD_H
| # include <unistd.h>
| #endif
| #include <util.h>
configure:11134: result: no
configure:11140: checking for utime.h
configure:11140: gcc -c   conftest.c >&5
configure:11140: $? = 0
configure:11140: result: yes
configure:11146: checking for utmp.h
configure:11146: gcc -c   conftest.c >&5
configure:11146: $? = 0
configure:11146: result: yes
configure:11156: checking for dirent.h that defines DIR
configure:11176: gcc -c   conftest.c >&5
configure:11176: $? = 0
configure:11185: result: yes
configure:11199: checking for library containing opendir
configure:11229: gcc -o conftest    conftest.c  >&5
configure:11229: $? = 0
configure:11249: result: none required
configure:11321: checking for sys/mkdev.h
configure:11321: result: no
configure:11330: checking for sys/sysmacros.h
configure:11330: result: yes
configure:11345: checking for bluetooth/bluetooth.h
configure:11345: gcc -c -std=c99   conftest.c >&5
conftest.c:131:10: fatal error: bluetooth/bluetooth.h: No such file or directory
  131 | #include <bluetooth/bluetooth.h>
      |          ^~~~~~~~~~~~~~~~~~~~~~~
compilation terminated.
configure:11345: $? = 1
configure: failed program was:
| /* confdefs.h */
| #define _NETBSD_SOURCE 1
| #define __BSD_VISIBLE 1
| #define _DARWIN_C_SOURCE 1
| #define _PYTHONFRAMEWORK ""
| #define _XOPEN_SOURCE 700
| #define _XOPEN_SOURCE_EXTENDED 1
| #define _POSIX_C_SOURCE 200809L
| #define HAVE_STDIO_H 1
| #define HAVE_STDLIB_H 1
| #define HAVE_STRING_H 1
| #define HAVE_INTTYPES_H 1
| #define HAVE_STDINT_H 1
| #define HAVE_STRINGS_H 1
| #define HAVE_SYS_STAT_H 1
| #define HAVE_SYS_TYPES_H 1
| #define HAVE_UNISTD_H 1
| #define HAVE_WCHAR_H 1
| #define STDC_HEADERS 1
| #define _ALL_SOURCE 1
| #define _DARWIN_C_SOURCE 1
| #define _GNU_SOURCE 1
| #define _HPUX_ALT_XOPEN_SOCKET_API 1
| #define _NETBSD_SOURCE 1
| #define _OPENBSD_SOURCE 1
| #define _POSIX_PTHREAD_SEMANTICS 1
| #define __STDC_WANT_IEC_60559_ATTRIBS_EXT__ 1
| #define __STDC_WANT_IEC_60559_BFP_EXT__ 1
| #define __STDC_WANT_IEC_60559_DFP_EXT__ 1
| #define __STDC_WANT_IEC_60559_FUNCS_EXT__ 1
| #define __STDC_WANT_IEC_60559_TYPES_EXT__ 1
| #define __STDC_WANT_LIB_EXT2__ 1
| #define __STDC_WANT_MATH_SPEC_FUNCS__ 1
| #define _TANDEM_SOURCE 1
| #define __EXTENSIONS__ 1
| #define PY_SUPPORT_TIER 1
| #define Py_ENABLE_SHARED 1
| #define STDC_HEADERS 1
| #define HAVE_ALLOCA_H 1
| #define HAVE_ASM_TYPES_H 1
| #define HAVE_DLFCN_H 1
| #define HAVE_ENDIAN_H 1
| #define HAVE_ERRNO_H 1
| #define HAVE_FCNTL_H 1
| #define HAVE_GRP_H 1
| #define HAVE_LANGINFO_H 1
| #define HAVE_LIBINTL_H 1
| #define HAVE_LINUX_AUXVEC_H 1
| #define HAVE_SYS_AUXV_H 1
| #define HAVE_LINUX_FS_H 1
| #define HAVE_LINUX_LIMITS_H 1
| #define HAVE_LINUX_MEMFD_H 1
| #define HAVE_LINUX_RANDOM_H 1
| #define HAVE_LINUX_SOUNDCARD_H 1
| #define HAVE_LINUX_TIPC_H 1
| #define HAVE_LINUX_WAIT_H 1
| #define HAVE_NETDB_H 1
| #define HAVE_NET_ETHERNET_H 1
| #define HAVE_NETINET_IN_H 1
| #define HAVE_NETPACKET_PACKET_H 1
| #define HAVE_POLL_H 1
| #define HAVE_PTHREAD_H 1
| #define HAVE_PTY_H 1
| #define HAVE_SCHED_H 1
| #define HAVE_SETJMP_H 1
| #define HAVE_SHADOW_H 1
| #define HAVE_SIGNAL_H 1
| #define HAVE_SPAWN_H 1
| #define HAVE_SYS_EPOLL_H 1
| #define HAVE_SYS_EVENTFD_H 1
| #define HAVE_SYS_FILE_H 1
| #define HAVE_SYS_IOCTL_H 1
| #define HAVE_SYS_MMAN_H 1
| #define HAVE_SYS_PARAM_H 1
| #define HAVE_SYS_POLL_H 1
| #define HAVE_SYS_RANDOM_H 1
| #define HAVE_SYS_RESOURCE_H 1
| #define HAVE_SYS_SELECT_H 1
| #define HAVE_SYS_SENDFILE_H 1
| #define HAVE_SYS_SOCKET_H 1
| #define HAVE_SYS_SOUNDCARD_H 1
| #define HAVE_SYS_STAT_H 1
| #define HAVE_SYS_STATVFS_H 1
| #define HAVE_SYS_SYSCALL_H 1
| #define HAVE_SYS_SYSMACROS_H 1
| #define HAVE_SYS_TIME_H 1
| #define HAVE_SYS_TIMES_H 1
| #define HAVE_SYS_TIMERFD_H 1
| #define HAVE_SYS_TYPES_H 1
| #define HAVE_SYS_UIO_H 1
| #define HAVE_SYS_UN_H 1
| #define HAVE_SYS_UTSNAME_H 1
| #define HAVE_SYS_WAIT_H 1
| #define HAVE_SYS_XATTR_H 1
| #define HAVE_SYSEXITS_H 1
| #define HAVE_SYSLOG_H 1
| #define HAVE_TERMIOS_H 1
| #define HAVE_UTIME_H 1
| #define HAVE_UTMP_H 1
| #define HAVE_DIRENT_H 1
| #define MAJOR_IN_SYSMACROS 1
| /* end confdefs.h.  */
| #include <stddef.h>
| #ifdef HAVE_STDIO_H
| # include <stdio.h>
| #endif
| #ifdef HAVE_STDLIB_H
| # include <stdlib.h>
| #endif
| #ifdef HAVE_STRING_H
| # include <string.h>
| #endif
| #ifdef HAVE_INTTYPES_H
| # include <inttypes.h>
| #endif
| #ifdef HAVE_STDINT_H
| # include <stdint.h>
| #endif
| #ifdef HAVE_STRINGS_H
| # include <strings.h>
| #endif
| #ifdef HAVE_SYS_TYPES_H
| # include <sys/types.h>
| #endif
| #ifdef HAVE_SYS_STAT_H
| # include <sys/stat.h>
| #endif
| #ifdef HAVE_UNISTD_H
| # include <unistd.h>
| #endif
| #include <bluetooth/bluetooth.h>
configure:11345: result: no
configure:11355: checking for net/if.h
configure:11355: gcc -c   conftest.c >&5
configure:11355: $? = 0
configure:11355: result: yes
configure:11372: checking for linux/netlink.h
configure:11372: gcc -c   conftest.c >&5
configure:11372: $? = 0
configure:11372: result: yes
configure:11386: checking for netlink/netlink.h
configure:11386: gcc -c   conftest.c >&5
conftest.c:114:10: fatal error: netlink/netlink.h: No such file or directory
  114 | #include <netlink/netlink.h>
      |          ^~~~~~~~~~~~~~~~~~~
compilation terminated.
configure:11386: $? = 1
configure: failed program was:
| /* confdefs.h */
| #define _NETBSD_SOURCE 1
| #define __BSD_VISIBLE 1
| #define _DARWIN_C_SOURCE 1
| #define _PYTHONFRAMEWORK ""
| #define _XOPEN_SOURCE 700
| #define _XOPEN_SOURCE_EXTENDED 1
| #define _POSIX_C_SOURCE 200809L
| #define HAVE_STDIO_H 1
| #define HAVE_STDLIB_H 1
| #define HAVE_STRING_H 1
| #define HAVE_INTTYPES_H 1
| #define HAVE_STDINT_H 1
| #define HAVE_STRINGS_H 1
| #define HAVE_SYS_STAT_H 1
| #define HAVE_SYS_TYPES_H 1
| #define HAVE_UNISTD_H 1
| #define HAVE_WCHAR_H 1
| #define STDC_HEADERS 1
| #define _ALL_SOURCE 1
| #define _DARWIN_C_SOURCE 1
| #define _GNU_SOURCE 1
| #define _HPUX_ALT_XOPEN_SOCKET_API 1
| #define _NETBSD_SOURCE 1
| #define _OPENBSD_SOURCE 1
| #define _POSIX_PTHREAD_SEMANTICS 1
| #define __STDC_WANT_IEC_60559_ATTRIBS_EXT__ 1
| #define __STDC_WANT_IEC_60559_BFP_EXT__ 1
| #define __STDC_WANT_IEC_60559_DFP_EXT__ 1
| #define __STDC_WANT_IEC_60559_FUNCS_EXT__ 1
| #define __STDC_WANT_IEC_60559_TYPES_EXT__ 1
| #define __STDC_WANT_LIB_EXT2__ 1
| #define __STDC_WANT_MATH_SPEC_FUNCS__ 1
| #define _TANDEM_SOURCE 1
| #define __EXTENSIONS__ 1
| #define PY_SUPPORT_TIER 1
| #define Py_ENABLE_SHARED 1
| #define STDC_HEADERS 1
| #define HAVE_ALLOCA_H 1
| #define HAVE_ASM_TYPES_H 1
| #define HAVE_DLFCN_H 1
| #define HAVE_ENDIAN_H 1
| #define HAVE_ERRNO_H 1
| #define HAVE_FCNTL_H 1
| #define HAVE_GRP_H 1
| #define HAVE_LANGINFO_H 1
| #define HAVE_LIBINTL_H 1
| #define HAVE_LINUX_AUXVEC_H 1
| #define HAVE_SYS_AUXV_H 1
| #define HAVE_LINUX_FS_H 1
| #define HAVE_LINUX_LIMITS_H 1
| #define HAVE_LINUX_MEMFD_H 1
| #define HAVE_LINUX_RANDOM_H 1
| #define HAVE_LINUX_SOUNDCARD_H 1
| #define HAVE_LINUX_TIPC_H 1
| #define HAVE_LINUX_WAIT_H 1
| #define HAVE_NETDB_H 1
| #define HAVE_NET_ETHERNET_H 1
| #define HAVE_NETINET_IN_H 1
| #define HAVE_NETPACKET_PACKET_H 1
| #define HAVE_POLL_H 1
| #define HAVE_PTHREAD_H 1
| #define HAVE_PTY_H 1
| #define HAVE_SCHED_H 1
| #define HAVE_SETJMP_H 1
| #define HAVE_SHADOW_H 1
| #define HAVE_SIGNAL_H 1
| #define HAVE_SPAWN_H 1
| #define HAVE_SYS_EPOLL_H 1
| #define HAVE_SYS_EVENTFD_H 1
| #define HAVE_SYS_FILE_H 1
| #define HAVE_SYS_IOCTL_H 1
| #define HAVE_SYS_MMAN_H 1
| #define HAVE_SYS_PARAM_H 1
| #define HAVE_SYS_POLL_H 1
| #define HAVE_SYS_RANDOM_H 1
| #define HAVE_SYS_RESOURCE_H 1
| #define HAVE_SYS_SELECT_H 1
| #define HAVE_SYS_SENDFILE_H 1
| #define HAVE_SYS_SOCKET_H 1
| #define HAVE_SYS_SOUNDCARD_H 1
| #define HAVE_SYS_STAT_H 1
| #define HAVE_SYS_STATVFS_H 1
| #define HAVE_SYS_SYSCALL_H 1
| #define HAVE_SYS_SYSMACROS_H 1
| #define HAVE_SYS_TIME_H 1
| #define HAVE_SYS_TIMES_H 1
| #define HAVE_SYS_TIMERFD_H 1
| #define HAVE_SYS_TYPES_H 1
| #define HAVE_SYS_UIO_H 1
| #define HAVE_SYS_UN_H 1
| #define HAVE_SYS_UTSNAME_H 1
| #define HAVE_SYS_WAIT_H 1
| #define HAVE_SYS_XATTR_H 1
| #define HAVE_SYSEXITS_H 1
| #define HAVE_SYSLOG_H 1
| #define HAVE_TERMIOS_H 1
| #define HAVE_UTIME_H 1
| #define HAVE_UTMP_H 1
| #define HAVE_DIRENT_H 1
| #define MAJOR_IN_SYSMACROS 1
| #define HAVE_NET_IF_H 1
| #define HAVE_LINUX_NETLINK_H 1
| /* end confdefs.h.  */
| 
| #ifdef HAVE_ASM_TYPES_H
| #include <asm/types.h>
| #endif
| #ifdef HAVE_SYS_SOCKET_H
| #include <sys/socket.h>
| #endif
| 
| 
| #include <netlink/netlink.h>
configure:11386: result: no
configure:11403: checking for linux/qrtr.h
configure:11403: gcc -c   conftest.c >&5
configure:11403: $? = 0
configure:11403: result: yes
configure:11419: checking for linux/vm_sockets.h
configure:11419: gcc -c   conftest.c >&5
configure:11419: $? = 0
configure:11419: result: yes
configure:11434: checking for linux/can.h
configure:11434: gcc -c   conftest.c >&5
configure:11434: $? = 0
configure:11434: result: yes
configure:11445: checking for linux/can/bcm.h
configure:11445: gcc -c   conftest.c >&5
configure:11445: $? = 0
configure:11445: result: yes
configure:11456: checking for linux/can/j1939.h
configure:11456: gcc -c   conftest.c >&5
configure:11456: $? = 0
configure:11456: result: yes
configure:11467: checking for linux/can/raw.h
configure:11467: gcc -c   conftest.c >&5
configure:11467: $? = 0
configure:11467: result: yes
configure:11478: checking for netcan/can.h
configure:11478: gcc -c   conftest.c >&5
conftest.c:117:10: fatal error: netcan/can.h: No such file or directory
  117 | #include <netcan/can.h>
      |          ^~~~~~~~~~~~~~
compilation terminated.
configure:11478: $? = 1
configure: failed program was:
| /* confdefs.h */
| #define _NETBSD_SOURCE 1
| #define __BSD_VISIBLE 1
| #define _DARWIN_C_SOURCE 1
| #define _PYTHONFRAMEWORK ""
| #define _XOPEN_SOURCE 700
| #define _XOPEN_SOURCE_EXTENDED 1
| #define _POSIX_C_SOURCE 200809L
| #define HAVE_STDIO_H 1
| #define HAVE_STDLIB_H 1
| #define HAVE_STRING_H 1
| #define HAVE_INTTYPES_H 1
| #define HAVE_STDINT_H 1
| #define HAVE_STRINGS_H 1
| #define HAVE_SYS_STAT_H 1
| #define HAVE_SYS_TYPES_H 1
| #define HAVE_UNISTD_H 1
| #define HAVE_WCHAR_H 1
| #define STDC_HEADERS 1
| #define _ALL_SOURCE 1
| #define _DARWIN_C_SOURCE 1
| #define _GNU_SOURCE 1
| #define _HPUX_ALT_XOPEN_SOCKET_API 1
| #define _NETBSD_SOURCE 1
| #define _OPENBSD_SOURCE 1
| #define _POSIX_PTHREAD_SEMANTICS 1
| #define __STDC_WANT_IEC_60559_ATTRIBS_EXT__ 1
| #define __STDC_WANT_IEC_60559_BFP_EXT__ 1
| #define __STDC_WANT_IEC_60559_DFP_EXT__ 1
| #define __STDC_WANT_IEC_60559_FUNCS_EXT__ 1
| #define __STDC_WANT_IEC_60559_TYPES_EXT__ 1
| #define __STDC_WANT_LIB_EXT2__ 1
| #define __STDC_WANT_MATH_SPEC_FUNCS__ 1
| #define _TANDEM_SOURCE 1
| #define __EXTENSIONS__ 1
| #define PY_SUPPORT_TIER 1
| #define Py_ENABLE_SHARED 1
| #define STDC_HEADERS 1
| #define HAVE_ALLOCA_H 1
| #define HAVE_ASM_TYPES_H 1
| #define HAVE_DLFCN_H 1
| #define HAVE_ENDIAN_H 1
| #define HAVE_ERRNO_H 1
| #define HAVE_FCNTL_H 1
| #define HAVE_GRP_H 1
| #define HAVE_LANGINFO_H 1
| #define HAVE_LIBINTL_H 1
| #define HAVE_LINUX_AUXVEC_H 1
| #define HAVE_SYS_AUXV_H 1
| #define HAVE_LINUX_FS_H 1
| #define HAVE_LINUX_LIMITS_H 1
| #define HAVE_LINUX_MEMFD_H 1
| #define HAVE_LINUX_RANDOM_H 1
| #define HAVE_LINUX_SOUNDCARD_H 1
| #define HAVE_LINUX_TIPC_H 1
| #define HAVE_LINUX_WAIT_H 1
| #define HAVE_NETDB_H 1
| #define HAVE_NET_ETHERNET_H 1
| #define HAVE_NETINET_IN_H 1
| #define HAVE_NETPACKET_PACKET_H 1
| #define HAVE_POLL_H 1
| #define HAVE_PTHREAD_H 1
| #define HAVE_PTY_H 1
| #define HAVE_SCHED_H 1
| #define HAVE_SETJMP_H 1
| #define HAVE_SHADOW_H 1
| #define HAVE_SIGNAL_H 1
| #define HAVE_SPAWN_H 1
| #define HAVE_SYS_EPOLL_H 1
| #define HAVE_SYS_EVENTFD_H 1
| #define HAVE_SYS_FILE_H 1
| #define HAVE_SYS_IOCTL_H 1
| #define HAVE_SYS_MMAN_H 1
| #define HAVE_SYS_PARAM_H 1
| #define HAVE_SYS_POLL_H 1
| #define HAVE_SYS_RANDOM_H 1
| #define HAVE_SYS_RESOURCE_H 1
| #define HAVE_SYS_SELECT_H 1
| #define HAVE_SYS_SENDFILE_H 1
| #define HAVE_SYS_SOCKET_H 1
| #define HAVE_SYS_SOUNDCARD_H 1
| #define HAVE_SYS_STAT_H 1
| #define HAVE_SYS_STATVFS_H 1
| #define HAVE_SYS_SYSCALL_H 1
| #define HAVE_SYS_SYSMACROS_H 1
| #define HAVE_SYS_TIME_H 1
| #define HAVE_SYS_TIMES_H 1
| #define HAVE_SYS_TIMERFD_H 1
| #define HAVE_SYS_TYPES_H 1
| #define HAVE_SYS_UIO_H 1
| #define HAVE_SYS_UN_H 1
| #define HAVE_SYS_UTSNAME_H 1
| #define HAVE_SYS_WAIT_H 1
| #define HAVE_SYS_XATTR_H 1
| #define HAVE_SYSEXITS_H 1
| #define HAVE_SYSLOG_H 1
| #define HAVE_TERMIOS_H 1
| #define HAVE_UTIME_H 1
| #define HAVE_UTMP_H 1
| #define HAVE_DIRENT_H 1
| #define MAJOR_IN_SYSMACROS 1
| #define HAVE_NET_IF_H 1
| #define HAVE_LINUX_NETLINK_H 1
| #define HAVE_LINUX_QRTR_H 1
| #define HAVE_LINUX_VM_SOCKETS_H 1
| #define HAVE_LINUX_CAN_H 1
| #define HAVE_LINUX_CAN_BCM_H 1
| #define HAVE_LINUX_CAN_J1939_H 1
| #define HAVE_LINUX_CAN_RAW_H 1
| /* end confdefs.h.  */
| 
| #ifdef HAVE_SYS_SOCKET_H
| #include <sys/socket.h>
| #endif
| 
| 
| #include <netcan/can.h>
configure:11478: result: no
configure:11492: checking for clock_t
configure:11492: gcc -c   conftest.c >&5
configure:11492: $? = 0
configure:11492: gcc -c   conftest.c >&5
conftest.c: In function 'main':
conftest.c:116:22: error: expected expression before ')' token
  116 | if (sizeof ((clock_t)))
      |                      ^
configure:11492: $? = 1
configure: failed program was:
| /* confdefs.h */
| #define _NETBSD_SOURCE 1
| #define __BSD_VISIBLE 1
| #define _DARWIN_C_SOURCE 1
| #define _PYTHONFRAMEWORK ""
| #define _XOPEN_SOURCE 700
| #define _XOPEN_SOURCE_EXTENDED 1
| #define _POSIX_C_SOURCE 200809L
| #define HAVE_STDIO_H 1
| #define HAVE_STDLIB_H 1
| #define HAVE_STRING_H 1
| #define HAVE_INTTYPES_H 1
| #define HAVE_STDINT_H 1
| #define HAVE_STRINGS_H 1
| #define HAVE_SYS_STAT_H 1
| #define HAVE_SYS_TYPES_H 1
| #define HAVE_UNISTD_H 1
| #define HAVE_WCHAR_H 1
| #define STDC_HEADERS 1
| #define _ALL_SOURCE 1
| #define _DARWIN_C_SOURCE 1
| #define _GNU_SOURCE 1
| #define _HPUX_ALT_XOPEN_SOCKET_API 1
| #define _NETBSD_SOURCE 1
| #define _OPENBSD_SOURCE 1
| #define _POSIX_PTHREAD_SEMANTICS 1
| #define __STDC_WANT_IEC_60559_ATTRIBS_EXT__ 1
| #define __STDC_WANT_IEC_60559_BFP_EXT__ 1
| #define __STDC_WANT_IEC_60559_DFP_EXT__ 1
| #define __STDC_WANT_IEC_60559_FUNCS_EXT__ 1
| #define __STDC_WANT_IEC_60559_TYPES_EXT__ 1
| #define __STDC_WANT_LIB_EXT2__ 1
| #define __STDC_WANT_MATH_SPEC_FUNCS__ 1
| #define _TANDEM_SOURCE 1
| #define __EXTENSIONS__ 1
| #define PY_SUPPORT_TIER 1
| #define Py_ENABLE_SHARED 1
| #define STDC_HEADERS 1
| #define HAVE_ALLOCA_H 1
| #define HAVE_ASM_TYPES_H 1
| #define HAVE_DLFCN_H 1
| #define HAVE_ENDIAN_H 1
| #define HAVE_ERRNO_H 1
| #define HAVE_FCNTL_H 1
| #define HAVE_GRP_H 1
| #define HAVE_LANGINFO_H 1
| #define HAVE_LIBINTL_H 1
| #define HAVE_LINUX_AUXVEC_H 1
| #define HAVE_SYS_AUXV_H 1
| #define HAVE_LINUX_FS_H 1
| #define HAVE_LINUX_LIMITS_H 1
| #define HAVE_LINUX_MEMFD_H 1
| #define HAVE_LINUX_RANDOM_H 1
| #define HAVE_LINUX_SOUNDCARD_H 1
| #define HAVE_LINUX_TIPC_H 1
| #define HAVE_LINUX_WAIT_H 1
| #define HAVE_NETDB_H 1
| #define HAVE_NET_ETHERNET_H 1
| #define HAVE_NETINET_IN_H 1
| #define HAVE_NETPACKET_PACKET_H 1
| #define HAVE_POLL_H 1
| #define HAVE_PTHREAD_H 1
| #define HAVE_PTY_H 1
| #define HAVE_SCHED_H 1
| #define HAVE_SETJMP_H 1
| #define HAVE_SHADOW_H 1
| #define HAVE_SIGNAL_H 1
| #define HAVE_SPAWN_H 1
| #define HAVE_SYS_EPOLL_H 1
| #define HAVE_SYS_EVENTFD_H 1
| #define HAVE_SYS_FILE_H 1
| #define HAVE_SYS_IOCTL_H 1
| #define HAVE_SYS_MMAN_H 1
| #define HAVE_SYS_PARAM_H 1
| #define HAVE_SYS_POLL_H 1
| #define HAVE_SYS_RANDOM_H 1
| #define HAVE_SYS_RESOURCE_H 1
| #define HAVE_SYS_SELECT_H 1
| #define HAVE_SYS_SENDFILE_H 1
| #define HAVE_SYS_SOCKET_H 1
| #define HAVE_SYS_SOUNDCARD_H 1
| #define HAVE_SYS_STAT_H 1
| #define HAVE_SYS_STATVFS_H 1
| #define HAVE_SYS_SYSCALL_H 1
| #define HAVE_SYS_SYSMACROS_H 1
| #define HAVE_SYS_TIME_H 1
| #define HAVE_SYS_TIMES_H 1
| #define HAVE_SYS_TIMERFD_H 1
| #define HAVE_SYS_TYPES_H 1
| #define HAVE_SYS_UIO_H 1
| #define HAVE_SYS_UN_H 1
| #define HAVE_SYS_UTSNAME_H 1
| #define HAVE_SYS_WAIT_H 1
| #define HAVE_SYS_XATTR_H 1
| #define HAVE_SYSEXITS_H 1
| #define HAVE_SYSLOG_H 1
| #define HAVE_TERMIOS_H 1
| #define HAVE_UTIME_H 1
| #define HAVE_UTMP_H 1
| #define HAVE_DIRENT_H 1
| #define MAJOR_IN_SYSMACROS 1
| #define HAVE_NET_IF_H 1
| #define HAVE_LINUX_NETLINK_H 1
| #define HAVE_LINUX_QRTR_H 1
| #define HAVE_LINUX_VM_SOCKETS_H 1
| #define HAVE_LINUX_CAN_H 1
| #define HAVE_LINUX_CAN_BCM_H 1
| #define HAVE_LINUX_CAN_J1939_H 1
| #define HAVE_LINUX_CAN_RAW_H 1
| /* end confdefs.h.  */
| #include <time.h>
| 
| int
| main (void)
| {
| if (sizeof ((clock_t)))
| 	    return 0;
|   ;
|   return 0;
| }
configure:11492: result: yes
configure:11507: checking for makedev
configure:11535: gcc -o conftest    conftest.c  >&5
configure:11535: $? = 0
configure:11545: result: yes
configure:11558: checking for le64toh
configure:11584: gcc -o conftest    conftest.c  >&5
configure:11584: $? = 0
configure:11594: result: yes
configure:11638: checking for mode_t
configure:11638: gcc -c   conftest.c >&5
configure:11638: $? = 0
configure:11638: gcc -c   conftest.c >&5
conftest.c: In function 'main':
conftest.c:150:21: error: expected expression before ')' token
  150 | if (sizeof ((mode_t)))
      |                     ^
configure:11638: $? = 1
configure: failed program was:
| /* confdefs.h */
| #define _NETBSD_SOURCE 1
| #define __BSD_VISIBLE 1
| #define _DARWIN_C_SOURCE 1
| #define _PYTHONFRAMEWORK ""
| #define _XOPEN_SOURCE 700
| #define _XOPEN_SOURCE_EXTENDED 1
| #define _POSIX_C_SOURCE 200809L
| #define HAVE_STDIO_H 1
| #define HAVE_STDLIB_H 1
| #define HAVE_STRING_H 1
| #define HAVE_INTTYPES_H 1
| #define HAVE_STDINT_H 1
| #define HAVE_STRINGS_H 1
| #define HAVE_SYS_STAT_H 1
| #define HAVE_SYS_TYPES_H 1
| #define HAVE_UNISTD_H 1
| #define HAVE_WCHAR_H 1
| #define STDC_HEADERS 1
| #define _ALL_SOURCE 1
| #define _DARWIN_C_SOURCE 1
| #define _GNU_SOURCE 1
| #define _HPUX_ALT_XOPEN_SOCKET_API 1
| #define _NETBSD_SOURCE 1
| #define _OPENBSD_SOURCE 1
| #define _POSIX_PTHREAD_SEMANTICS 1
| #define __STDC_WANT_IEC_60559_ATTRIBS_EXT__ 1
| #define __STDC_WANT_IEC_60559_BFP_EXT__ 1
| #define __STDC_WANT_IEC_60559_DFP_EXT__ 1
| #define __STDC_WANT_IEC_60559_FUNCS_EXT__ 1
| #define __STDC_WANT_IEC_60559_TYPES_EXT__ 1
| #define __STDC_WANT_LIB_EXT2__ 1
| #define __STDC_WANT_MATH_SPEC_FUNCS__ 1
| #define _TANDEM_SOURCE 1
| #define __EXTENSIONS__ 1
| #define PY_SUPPORT_TIER 1
| #define Py_ENABLE_SHARED 1
| #define STDC_HEADERS 1
| #define HAVE_ALLOCA_H 1
| #define HAVE_ASM_TYPES_H 1
| #define HAVE_DLFCN_H 1
| #define HAVE_ENDIAN_H 1
| #define HAVE_ERRNO_H 1
| #define HAVE_FCNTL_H 1
| #define HAVE_GRP_H 1
| #define HAVE_LANGINFO_H 1
| #define HAVE_LIBINTL_H 1
| #define HAVE_LINUX_AUXVEC_H 1
| #define HAVE_SYS_AUXV_H 1
| #define HAVE_LINUX_FS_H 1
| #define HAVE_LINUX_LIMITS_H 1
| #define HAVE_LINUX_MEMFD_H 1
| #define HAVE_LINUX_RANDOM_H 1
| #define HAVE_LINUX_SOUNDCARD_H 1
| #define HAVE_LINUX_TIPC_H 1
| #define HAVE_LINUX_WAIT_H 1
| #define HAVE_NETDB_H 1
| #define HAVE_NET_ETHERNET_H 1
| #define HAVE_NETINET_IN_H 1
| #define HAVE_NETPACKET_PACKET_H 1
| #define HAVE_POLL_H 1
| #define HAVE_PTHREAD_H 1
| #define HAVE_PTY_H 1
| #define HAVE_SCHED_H 1
| #define HAVE_SETJMP_H 1
| #define HAVE_SHADOW_H 1
| #define HAVE_SIGNAL_H 1
| #define HAVE_SPAWN_H 1
| #define HAVE_SYS_EPOLL_H 1
| #define HAVE_SYS_EVENTFD_H 1
| #define HAVE_SYS_FILE_H 1
| #define HAVE_SYS_IOCTL_H 1
| #define HAVE_SYS_MMAN_H 1
| #define HAVE_SYS_PARAM_H 1
| #define HAVE_SYS_POLL_H 1
| #define HAVE_SYS_RANDOM_H 1
| #define HAVE_SYS_RESOURCE_H 1
| #define HAVE_SYS_SELECT_H 1
| #define HAVE_SYS_SENDFILE_H 1
| #define HAVE_SYS_SOCKET_H 1
| #define HAVE_SYS_SOUNDCARD_H 1
| #define HAVE_SYS_STAT_H 1
| #define HAVE_SYS_STATVFS_H 1
| #define HAVE_SYS_SYSCALL_H 1
| #define HAVE_SYS_SYSMACROS_H 1
| #define HAVE_SYS_TIME_H 1
| #define HAVE_SYS_TIMES_H 1
| #define HAVE_SYS_TIMERFD_H 1
| #define HAVE_SYS_TYPES_H 1
| #define HAVE_SYS_UIO_H 1
| #define HAVE_SYS_UN_H 1
| #define HAVE_SYS_UTSNAME_H 1
| #define HAVE_SYS_WAIT_H 1
| #define HAVE_SYS_XATTR_H 1
| #define HAVE_SYSEXITS_H 1
| #define HAVE_SYSLOG_H 1
| #define HAVE_TERMIOS_H 1
| #define HAVE_UTIME_H 1
| #define HAVE_UTMP_H 1
| #define HAVE_DIRENT_H 1
| #define MAJOR_IN_SYSMACROS 1
| #define HAVE_NET_IF_H 1
| #define HAVE_LINUX_NETLINK_H 1
| #define HAVE_LINUX_QRTR_H 1
| #define HAVE_LINUX_VM_SOCKETS_H 1
| #define HAVE_LINUX_CAN_H 1
| #define HAVE_LINUX_CAN_BCM_H 1
| #define HAVE_LINUX_CAN_J1939_H 1
| #define HAVE_LINUX_CAN_RAW_H 1
| #define HAVE_CLOCK_T 1
| #define HAVE_MAKEDEV 1
| #define HAVE_HTOLE64 1
| #define _LARGEFILE_SOURCE 1
| #define _FILE_OFFSET_BITS 64
| #if defined(SCO_DS)
| #undef _OFF_T
| #endif
| /* end confdefs.h.  */
| #include <stddef.h>
| #ifdef HAVE_STDIO_H
| # include <stdio.h>
| #endif
| #ifdef HAVE_STDLIB_H
| # include <stdlib.h>
| #endif
| #ifdef HAVE_STRING_H
| # include <string.h>
| #endif
| #ifdef HAVE_INTTYPES_H
| # include <inttypes.h>
| #endif
| #ifdef HAVE_STDINT_H
| # include <stdint.h>
| #endif
| #ifdef HAVE_STRINGS_H
| # include <strings.h>
| #endif
| #ifdef HAVE_SYS_TYPES_H
| # include <sys/types.h>
| #endif
| #ifdef HAVE_SYS_STAT_H
| # include <sys/stat.h>
| #endif
| #ifdef HAVE_UNISTD_H
| # include <unistd.h>
| #endif
| int
| main (void)
| {
| if (sizeof ((mode_t)))
| 	    return 0;
|   ;
|   return 0;
| }
configure:11638: result: yes
configure:11648: checking for off_t
configure:11648: gcc -c   conftest.c >&5
configure:11648: $? = 0
configure:11648: gcc -c   conftest.c >&5
conftest.c: In function 'main':
conftest.c:150:20: error: expected expression before ')' token
  150 | if (sizeof ((off_t)))
      |                    ^
configure:11648: $? = 1
configure: failed program was:
| /* confdefs.h */
| #define _NETBSD_SOURCE 1
| #define __BSD_VISIBLE 1
| #define _DARWIN_C_SOURCE 1
| #define _PYTHONFRAMEWORK ""
| #define _XOPEN_SOURCE 700
| #define _XOPEN_SOURCE_EXTENDED 1
| #define _POSIX_C_SOURCE 200809L
| #define HAVE_STDIO_H 1
| #define HAVE_STDLIB_H 1
| #define HAVE_STRING_H 1
| #define HAVE_INTTYPES_H 1
| #define HAVE_STDINT_H 1
| #define HAVE_STRINGS_H 1
| #define HAVE_SYS_STAT_H 1
| #define HAVE_SYS_TYPES_H 1
| #define HAVE_UNISTD_H 1
| #define HAVE_WCHAR_H 1
| #define STDC_HEADERS 1
| #define _ALL_SOURCE 1
| #define _DARWIN_C_SOURCE 1
| #define _GNU_SOURCE 1
| #define _HPUX_ALT_XOPEN_SOCKET_API 1
| #define _NETBSD_SOURCE 1
| #define _OPENBSD_SOURCE 1
| #define _POSIX_PTHREAD_SEMANTICS 1
| #define __STDC_WANT_IEC_60559_ATTRIBS_EXT__ 1
| #define __STDC_WANT_IEC_60559_BFP_EXT__ 1
| #define __STDC_WANT_IEC_60559_DFP_EXT__ 1
| #define __STDC_WANT_IEC_60559_FUNCS_EXT__ 1
| #define __STDC_WANT_IEC_60559_TYPES_EXT__ 1
| #define __STDC_WANT_LIB_EXT2__ 1
| #define __STDC_WANT_MATH_SPEC_FUNCS__ 1
| #define _TANDEM_SOURCE 1
| #define __EXTENSIONS__ 1
| #define PY_SUPPORT_TIER 1
| #define Py_ENABLE_SHARED 1
| #define STDC_HEADERS 1
| #define HAVE_ALLOCA_H 1
| #define HAVE_ASM_TYPES_H 1
| #define HAVE_DLFCN_H 1
| #define HAVE_ENDIAN_H 1
| #define HAVE_ERRNO_H 1
| #define HAVE_FCNTL_H 1
| #define HAVE_GRP_H 1
| #define HAVE_LANGINFO_H 1
| #define HAVE_LIBINTL_H 1
| #define HAVE_LINUX_AUXVEC_H 1
| #define HAVE_SYS_AUXV_H 1
| #define HAVE_LINUX_FS_H 1
| #define HAVE_LINUX_LIMITS_H 1
| #define HAVE_LINUX_MEMFD_H 1
| #define HAVE_LINUX_RANDOM_H 1
| #define HAVE_LINUX_SOUNDCARD_H 1
| #define HAVE_LINUX_TIPC_H 1
| #define HAVE_LINUX_WAIT_H 1
| #define HAVE_NETDB_H 1
| #define HAVE_NET_ETHERNET_H 1
| #define HAVE_NETINET_IN_H 1
| #define HAVE_NETPACKET_PACKET_H 1
| #define HAVE_POLL_H 1
| #define HAVE_PTHREAD_H 1
| #define HAVE_PTY_H 1
| #define HAVE_SCHED_H 1
| #define HAVE_SETJMP_H 1
| #define HAVE_SHADOW_H 1
| #define HAVE_SIGNAL_H 1
| #define HAVE_SPAWN_H 1
| #define HAVE_SYS_EPOLL_H 1
| #define HAVE_SYS_EVENTFD_H 1
| #define HAVE_SYS_FILE_H 1
| #define HAVE_SYS_IOCTL_H 1
| #define HAVE_SYS_MMAN_H 1
| #define HAVE_SYS_PARAM_H 1
| #define HAVE_SYS_POLL_H 1
| #define HAVE_SYS_RANDOM_H 1
| #define HAVE_SYS_RESOURCE_H 1
| #define HAVE_SYS_SELECT_H 1
| #define HAVE_SYS_SENDFILE_H 1
| #define HAVE_SYS_SOCKET_H 1
| #define HAVE_SYS_SOUNDCARD_H 1
| #define HAVE_SYS_STAT_H 1
| #define HAVE_SYS_STATVFS_H 1
| #define HAVE_SYS_SYSCALL_H 1
| #define HAVE_SYS_SYSMACROS_H 1
| #define HAVE_SYS_TIME_H 1
| #define HAVE_SYS_TIMES_H 1
| #define HAVE_SYS_TIMERFD_H 1
| #define HAVE_SYS_TYPES_H 1
| #define HAVE_SYS_UIO_H 1
| #define HAVE_SYS_UN_H 1
| #define HAVE_SYS_UTSNAME_H 1
| #define HAVE_SYS_WAIT_H 1
| #define HAVE_SYS_XATTR_H 1
| #define HAVE_SYSEXITS_H 1
| #define HAVE_SYSLOG_H 1
| #define HAVE_TERMIOS_H 1
| #define HAVE_UTIME_H 1
| #define HAVE_UTMP_H 1
| #define HAVE_DIRENT_H 1
| #define MAJOR_IN_SYSMACROS 1
| #define HAVE_NET_IF_H 1
| #define HAVE_LINUX_NETLINK_H 1
| #define HAVE_LINUX_QRTR_H 1
| #define HAVE_LINUX_VM_SOCKETS_H 1
| #define HAVE_LINUX_CAN_H 1
| #define HAVE_LINUX_CAN_BCM_H 1
| #define HAVE_LINUX_CAN_J1939_H 1
| #define HAVE_LINUX_CAN_RAW_H 1
| #define HAVE_CLOCK_T 1
| #define HAVE_MAKEDEV 1
| #define HAVE_HTOLE64 1
| #define _LARGEFILE_SOURCE 1
| #define _FILE_OFFSET_BITS 64
| #if defined(SCO_DS)
| #undef _OFF_T
| #endif
| /* end confdefs.h.  */
| #include <stddef.h>
| #ifdef HAVE_STDIO_H
| # include <stdio.h>
| #endif
| #ifdef HAVE_STDLIB_H
| # include <stdlib.h>
| #endif
| #ifdef HAVE_STRING_H
| # include <string.h>
| #endif
| #ifdef HAVE_INTTYPES_H
| # include <inttypes.h>
| #endif
| #ifdef HAVE_STDINT_H
| # include <stdint.h>
| #endif
| #ifdef HAVE_STRINGS_H
| # include <strings.h>
| #endif
| #ifdef HAVE_SYS_TYPES_H
| # include <sys/types.h>
| #endif
| #ifdef HAVE_SYS_STAT_H
| # include <sys/stat.h>
| #endif
| #ifdef HAVE_UNISTD_H
| # include <unistd.h>
| #endif
| int
| main (void)
| {
| if (sizeof ((off_t)))
| 	    return 0;
|   ;
|   return 0;
| }
configure:11648: result: yes
configure:11659: checking for pid_t
configure:11659: gcc -c   conftest.c >&5
configure:11659: $? = 0
configure:11659: gcc -c   conftest.c >&5
conftest.c: In function 'main':
conftest.c:151:20: error: expected expression before ')' token
  151 | if (sizeof ((pid_t)))
      |                    ^
configure:11659: $? = 1
configure: failed program was:
| /* confdefs.h */
| #define _NETBSD_SOURCE 1
| #define __BSD_VISIBLE 1
| #define _DARWIN_C_SOURCE 1
| #define _PYTHONFRAMEWORK ""
| #define _XOPEN_SOURCE 700
| #define _XOPEN_SOURCE_EXTENDED 1
| #define _POSIX_C_SOURCE 200809L
| #define HAVE_STDIO_H 1
| #define HAVE_STDLIB_H 1
| #define HAVE_STRING_H 1
| #define HAVE_INTTYPES_H 1
| #define HAVE_STDINT_H 1
| #define HAVE_STRINGS_H 1
| #define HAVE_SYS_STAT_H 1
| #define HAVE_SYS_TYPES_H 1
| #define HAVE_UNISTD_H 1
| #define HAVE_WCHAR_H 1
| #define STDC_HEADERS 1
| #define _ALL_SOURCE 1
| #define _DARWIN_C_SOURCE 1
| #define _GNU_SOURCE 1
| #define _HPUX_ALT_XOPEN_SOCKET_API 1
| #define _NETBSD_SOURCE 1
| #define _OPENBSD_SOURCE 1
| #define _POSIX_PTHREAD_SEMANTICS 1
| #define __STDC_WANT_IEC_60559_ATTRIBS_EXT__ 1
| #define __STDC_WANT_IEC_60559_BFP_EXT__ 1
| #define __STDC_WANT_IEC_60559_DFP_EXT__ 1
| #define __STDC_WANT_IEC_60559_FUNCS_EXT__ 1
| #define __STDC_WANT_IEC_60559_TYPES_EXT__ 1
| #define __STDC_WANT_LIB_EXT2__ 1
| #define __STDC_WANT_MATH_SPEC_FUNCS__ 1
| #define _TANDEM_SOURCE 1
| #define __EXTENSIONS__ 1
| #define PY_SUPPORT_TIER 1
| #define Py_ENABLE_SHARED 1
| #define STDC_HEADERS 1
| #define HAVE_ALLOCA_H 1
| #define HAVE_ASM_TYPES_H 1
| #define HAVE_DLFCN_H 1
| #define HAVE_ENDIAN_H 1
| #define HAVE_ERRNO_H 1
| #define HAVE_FCNTL_H 1
| #define HAVE_GRP_H 1
| #define HAVE_LANGINFO_H 1
| #define HAVE_LIBINTL_H 1
| #define HAVE_LINUX_AUXVEC_H 1
| #define HAVE_SYS_AUXV_H 1
| #define HAVE_LINUX_FS_H 1
| #define HAVE_LINUX_LIMITS_H 1
| #define HAVE_LINUX_MEMFD_H 1
| #define HAVE_LINUX_RANDOM_H 1
| #define HAVE_LINUX_SOUNDCARD_H 1
| #define HAVE_LINUX_TIPC_H 1
| #define HAVE_LINUX_WAIT_H 1
| #define HAVE_NETDB_H 1
| #define HAVE_NET_ETHERNET_H 1
| #define HAVE_NETINET_IN_H 1
| #define HAVE_NETPACKET_PACKET_H 1
| #define HAVE_POLL_H 1
| #define HAVE_PTHREAD_H 1
| #define HAVE_PTY_H 1
| #define HAVE_SCHED_H 1
| #define HAVE_SETJMP_H 1
| #define HAVE_SHADOW_H 1
| #define HAVE_SIGNAL_H 1
| #define HAVE_SPAWN_H 1
| #define HAVE_SYS_EPOLL_H 1
| #define HAVE_SYS_EVENTFD_H 1
| #define HAVE_SYS_FILE_H 1
| #define HAVE_SYS_IOCTL_H 1
| #define HAVE_SYS_MMAN_H 1
| #define HAVE_SYS_PARAM_H 1
| #define HAVE_SYS_POLL_H 1
| #define HAVE_SYS_RANDOM_H 1
| #define HAVE_SYS_RESOURCE_H 1
| #define HAVE_SYS_SELECT_H 1
| #define HAVE_SYS_SENDFILE_H 1
| #define HAVE_SYS_SOCKET_H 1
| #define HAVE_SYS_SOUNDCARD_H 1
| #define HAVE_SYS_STAT_H 1
| #define HAVE_SYS_STATVFS_H 1
| #define HAVE_SYS_SYSCALL_H 1
| #define HAVE_SYS_SYSMACROS_H 1
| #define HAVE_SYS_TIME_H 1
| #define HAVE_SYS_TIMES_H 1
| #define HAVE_SYS_TIMERFD_H 1
| #define HAVE_SYS_TYPES_H 1
| #define HAVE_SYS_UIO_H 1
| #define HAVE_SYS_UN_H 1
| #define HAVE_SYS_UTSNAME_H 1
| #define HAVE_SYS_WAIT_H 1
| #define HAVE_SYS_XATTR_H 1
| #define HAVE_SYSEXITS_H 1
| #define HAVE_SYSLOG_H 1
| #define HAVE_TERMIOS_H 1
| #define HAVE_UTIME_H 1
| #define HAVE_UTMP_H 1
| #define HAVE_DIRENT_H 1
| #define MAJOR_IN_SYSMACROS 1
| #define HAVE_NET_IF_H 1
| #define HAVE_LINUX_NETLINK_H 1
| #define HAVE_LINUX_QRTR_H 1
| #define HAVE_LINUX_VM_SOCKETS_H 1
| #define HAVE_LINUX_CAN_H 1
| #define HAVE_LINUX_CAN_BCM_H 1
| #define HAVE_LINUX_CAN_J1939_H 1
| #define HAVE_LINUX_CAN_RAW_H 1
| #define HAVE_CLOCK_T 1
| #define HAVE_MAKEDEV 1
| #define HAVE_HTOLE64 1
| #define _LARGEFILE_SOURCE 1
| #define _FILE_OFFSET_BITS 64
| #if defined(SCO_DS)
| #undef _OFF_T
| #endif
| /* end confdefs.h.  */
| #include <stddef.h>
| #ifdef HAVE_STDIO_H
| # include <stdio.h>
| #endif
| #ifdef HAVE_STDLIB_H
| # include <stdlib.h>
| #endif
| #ifdef HAVE_STRING_H
| # include <string.h>
| #endif
| #ifdef HAVE_INTTYPES_H
| # include <inttypes.h>
| #endif
| #ifdef HAVE_STDINT_H
| # include <stdint.h>
| #endif
| #ifdef HAVE_STRINGS_H
| # include <strings.h>
| #endif
| #ifdef HAVE_SYS_TYPES_H
| # include <sys/types.h>
| #endif
| #ifdef HAVE_SYS_STAT_H
| # include <sys/stat.h>
| #endif
| #ifdef HAVE_UNISTD_H
| # include <unistd.h>
| #endif
| 
| int
| main (void)
| {
| if (sizeof ((pid_t)))
| 	    return 0;
|   ;
|   return 0;
| }
configure:11659: result: yes
configure:11698: checking for size_t
configure:11698: gcc -c   conftest.c >&5
configure:11698: $? = 0
configure:11698: gcc -c   conftest.c >&5
conftest.c: In function 'main':
conftest.c:151:21: error: expected expression before ')' token
  151 | if (sizeof ((size_t)))
      |                     ^
configure:11698: $? = 1
configure: failed program was:
| /* confdefs.h */
| #define _NETBSD_SOURCE 1
| #define __BSD_VISIBLE 1
| #define _DARWIN_C_SOURCE 1
| #define _PYTHONFRAMEWORK ""
| #define _XOPEN_SOURCE 700
| #define _XOPEN_SOURCE_EXTENDED 1
| #define _POSIX_C_SOURCE 200809L
| #define HAVE_STDIO_H 1
| #define HAVE_STDLIB_H 1
| #define HAVE_STRING_H 1
| #define HAVE_INTTYPES_H 1
| #define HAVE_STDINT_H 1
| #define HAVE_STRINGS_H 1
| #define HAVE_SYS_STAT_H 1
| #define HAVE_SYS_TYPES_H 1
| #define HAVE_UNISTD_H 1
| #define HAVE_WCHAR_H 1
| #define STDC_HEADERS 1
| #define _ALL_SOURCE 1
| #define _DARWIN_C_SOURCE 1
| #define _GNU_SOURCE 1
| #define _HPUX_ALT_XOPEN_SOCKET_API 1
| #define _NETBSD_SOURCE 1
| #define _OPENBSD_SOURCE 1
| #define _POSIX_PTHREAD_SEMANTICS 1
| #define __STDC_WANT_IEC_60559_ATTRIBS_EXT__ 1
| #define __STDC_WANT_IEC_60559_BFP_EXT__ 1
| #define __STDC_WANT_IEC_60559_DFP_EXT__ 1
| #define __STDC_WANT_IEC_60559_FUNCS_EXT__ 1
| #define __STDC_WANT_IEC_60559_TYPES_EXT__ 1
| #define __STDC_WANT_LIB_EXT2__ 1
| #define __STDC_WANT_MATH_SPEC_FUNCS__ 1
| #define _TANDEM_SOURCE 1
| #define __EXTENSIONS__ 1
| #define PY_SUPPORT_TIER 1
| #define Py_ENABLE_SHARED 1
| #define STDC_HEADERS 1
| #define HAVE_ALLOCA_H 1
| #define HAVE_ASM_TYPES_H 1
| #define HAVE_DLFCN_H 1
| #define HAVE_ENDIAN_H 1
| #define HAVE_ERRNO_H 1
| #define HAVE_FCNTL_H 1
| #define HAVE_GRP_H 1
| #define HAVE_LANGINFO_H 1
| #define HAVE_LIBINTL_H 1
| #define HAVE_LINUX_AUXVEC_H 1
| #define HAVE_SYS_AUXV_H 1
| #define HAVE_LINUX_FS_H 1
| #define HAVE_LINUX_LIMITS_H 1
| #define HAVE_LINUX_MEMFD_H 1
| #define HAVE_LINUX_RANDOM_H 1
| #define HAVE_LINUX_SOUNDCARD_H 1
| #define HAVE_LINUX_TIPC_H 1
| #define HAVE_LINUX_WAIT_H 1
| #define HAVE_NETDB_H 1
| #define HAVE_NET_ETHERNET_H 1
| #define HAVE_NETINET_IN_H 1
| #define HAVE_NETPACKET_PACKET_H 1
| #define HAVE_POLL_H 1
| #define HAVE_PTHREAD_H 1
| #define HAVE_PTY_H 1
| #define HAVE_SCHED_H 1
| #define HAVE_SETJMP_H 1
| #define HAVE_SHADOW_H 1
| #define HAVE_SIGNAL_H 1
| #define HAVE_SPAWN_H 1
| #define HAVE_SYS_EPOLL_H 1
| #define HAVE_SYS_EVENTFD_H 1
| #define HAVE_SYS_FILE_H 1
| #define HAVE_SYS_IOCTL_H 1
| #define HAVE_SYS_MMAN_H 1
| #define HAVE_SYS_PARAM_H 1
| #define HAVE_SYS_POLL_H 1
| #define HAVE_SYS_RANDOM_H 1
| #define HAVE_SYS_RESOURCE_H 1
| #define HAVE_SYS_SELECT_H 1
| #define HAVE_SYS_SENDFILE_H 1
| #define HAVE_SYS_SOCKET_H 1
| #define HAVE_SYS_SOUNDCARD_H 1
| #define HAVE_SYS_STAT_H 1
| #define HAVE_SYS_STATVFS_H 1
| #define HAVE_SYS_SYSCALL_H 1
| #define HAVE_SYS_SYSMACROS_H 1
| #define HAVE_SYS_TIME_H 1
| #define HAVE_SYS_TIMES_H 1
| #define HAVE_SYS_TIMERFD_H 1
| #define HAVE_SYS_TYPES_H 1
| #define HAVE_SYS_UIO_H 1
| #define HAVE_SYS_UN_H 1
| #define HAVE_SYS_UTSNAME_H 1
| #define HAVE_SYS_WAIT_H 1
| #define HAVE_SYS_XATTR_H 1
| #define HAVE_SYSEXITS_H 1
| #define HAVE_SYSLOG_H 1
| #define HAVE_TERMIOS_H 1
| #define HAVE_UTIME_H 1
| #define HAVE_UTMP_H 1
| #define HAVE_DIRENT_H 1
| #define MAJOR_IN_SYSMACROS 1
| #define HAVE_NET_IF_H 1
| #define HAVE_LINUX_NETLINK_H 1
| #define HAVE_LINUX_QRTR_H 1
| #define HAVE_LINUX_VM_SOCKETS_H 1
| #define HAVE_LINUX_CAN_H 1
| #define HAVE_LINUX_CAN_BCM_H 1
| #define HAVE_LINUX_CAN_J1939_H 1
| #define HAVE_LINUX_CAN_RAW_H 1
| #define HAVE_CLOCK_T 1
| #define HAVE_MAKEDEV 1
| #define HAVE_HTOLE64 1
| #define _LARGEFILE_SOURCE 1
| #define _FILE_OFFSET_BITS 64
| #if defined(SCO_DS)
| #undef _OFF_T
| #endif
| #define RETSIGTYPE void
| /* end confdefs.h.  */
| #include <stddef.h>
| #ifdef HAVE_STDIO_H
| # include <stdio.h>
| #endif
| #ifdef HAVE_STDLIB_H
| # include <stdlib.h>
| #endif
| #ifdef HAVE_STRING_H
| # include <string.h>
| #endif
| #ifdef HAVE_INTTYPES_H
| # include <inttypes.h>
| #endif
| #ifdef HAVE_STDINT_H
| # include <stdint.h>
| #endif
| #ifdef HAVE_STRINGS_H
| # include <strings.h>
| #endif
| #ifdef HAVE_SYS_TYPES_H
| # include <sys/types.h>
| #endif
| #ifdef HAVE_SYS_STAT_H
| # include <sys/stat.h>
| #endif
| #ifdef HAVE_UNISTD_H
| # include <unistd.h>
| #endif
| int
| main (void)
| {
| if (sizeof ((size_t)))
| 	    return 0;
|   ;
|   return 0;
| }
configure:11698: result: yes
configure:11708: checking for uid_t in sys/types.h
configure:11729: result: yes
configure:11741: checking for ssize_t
configure:11741: gcc -c   conftest.c >&5
configure:11741: $? = 0
configure:11741: gcc -c   conftest.c >&5
conftest.c: In function 'main':
conftest.c:151:22: error: expected expression before ')' token
  151 | if (sizeof ((ssize_t)))
      |                      ^
configure:11741: $? = 1
configure: failed program was:
| /* confdefs.h */
| #define _NETBSD_SOURCE 1
| #define __BSD_VISIBLE 1
| #define _DARWIN_C_SOURCE 1
| #define _PYTHONFRAMEWORK ""
| #define _XOPEN_SOURCE 700
| #define _XOPEN_SOURCE_EXTENDED 1
| #define _POSIX_C_SOURCE 200809L
| #define HAVE_STDIO_H 1
| #define HAVE_STDLIB_H 1
| #define HAVE_STRING_H 1
| #define HAVE_INTTYPES_H 1
| #define HAVE_STDINT_H 1
| #define HAVE_STRINGS_H 1
| #define HAVE_SYS_STAT_H 1
| #define HAVE_SYS_TYPES_H 1
| #define HAVE_UNISTD_H 1
| #define HAVE_WCHAR_H 1
| #define STDC_HEADERS 1
| #define _ALL_SOURCE 1
| #define _DARWIN_C_SOURCE 1
| #define _GNU_SOURCE 1
| #define _HPUX_ALT_XOPEN_SOCKET_API 1
| #define _NETBSD_SOURCE 1
| #define _OPENBSD_SOURCE 1
| #define _POSIX_PTHREAD_SEMANTICS 1
| #define __STDC_WANT_IEC_60559_ATTRIBS_EXT__ 1
| #define __STDC_WANT_IEC_60559_BFP_EXT__ 1
| #define __STDC_WANT_IEC_60559_DFP_EXT__ 1
| #define __STDC_WANT_IEC_60559_FUNCS_EXT__ 1
| #define __STDC_WANT_IEC_60559_TYPES_EXT__ 1
| #define __STDC_WANT_LIB_EXT2__ 1
| #define __STDC_WANT_MATH_SPEC_FUNCS__ 1
| #define _TANDEM_SOURCE 1
| #define __EXTENSIONS__ 1
| #define PY_SUPPORT_TIER 1
| #define Py_ENABLE_SHARED 1
| #define STDC_HEADERS 1
| #define HAVE_ALLOCA_H 1
| #define HAVE_ASM_TYPES_H 1
| #define HAVE_DLFCN_H 1
| #define HAVE_ENDIAN_H 1
| #define HAVE_ERRNO_H 1
| #define HAVE_FCNTL_H 1
| #define HAVE_GRP_H 1
| #define HAVE_LANGINFO_H 1
| #define HAVE_LIBINTL_H 1
| #define HAVE_LINUX_AUXVEC_H 1
| #define HAVE_SYS_AUXV_H 1
| #define HAVE_LINUX_FS_H 1
| #define HAVE_LINUX_LIMITS_H 1
| #define HAVE_LINUX_MEMFD_H 1
| #define HAVE_LINUX_RANDOM_H 1
| #define HAVE_LINUX_SOUNDCARD_H 1
| #define HAVE_LINUX_TIPC_H 1
| #define HAVE_LINUX_WAIT_H 1
| #define HAVE_NETDB_H 1
| #define HAVE_NET_ETHERNET_H 1
| #define HAVE_NETINET_IN_H 1
| #define HAVE_NETPACKET_PACKET_H 1
| #define HAVE_POLL_H 1
| #define HAVE_PTHREAD_H 1
| #define HAVE_PTY_H 1
| #define HAVE_SCHED_H 1
| #define HAVE_SETJMP_H 1
| #define HAVE_SHADOW_H 1
| #define HAVE_SIGNAL_H 1
| #define HAVE_SPAWN_H 1
| #define HAVE_SYS_EPOLL_H 1
| #define HAVE_SYS_EVENTFD_H 1
| #define HAVE_SYS_FILE_H 1
| #define HAVE_SYS_IOCTL_H 1
| #define HAVE_SYS_MMAN_H 1
| #define HAVE_SYS_PARAM_H 1
| #define HAVE_SYS_POLL_H 1
| #define HAVE_SYS_RANDOM_H 1
| #define HAVE_SYS_RESOURCE_H 1
| #define HAVE_SYS_SELECT_H 1
| #define HAVE_SYS_SENDFILE_H 1
| #define HAVE_SYS_SOCKET_H 1
| #define HAVE_SYS_SOUNDCARD_H 1
| #define HAVE_SYS_STAT_H 1
| #define HAVE_SYS_STATVFS_H 1
| #define HAVE_SYS_SYSCALL_H 1
| #define HAVE_SYS_SYSMACROS_H 1
| #define HAVE_SYS_TIME_H 1
| #define HAVE_SYS_TIMES_H 1
| #define HAVE_SYS_TIMERFD_H 1
| #define HAVE_SYS_TYPES_H 1
| #define HAVE_SYS_UIO_H 1
| #define HAVE_SYS_UN_H 1
| #define HAVE_SYS_UTSNAME_H 1
| #define HAVE_SYS_WAIT_H 1
| #define HAVE_SYS_XATTR_H 1
| #define HAVE_SYSEXITS_H 1
| #define HAVE_SYSLOG_H 1
| #define HAVE_TERMIOS_H 1
| #define HAVE_UTIME_H 1
| #define HAVE_UTMP_H 1
| #define HAVE_DIRENT_H 1
| #define MAJOR_IN_SYSMACROS 1
| #define HAVE_NET_IF_H 1
| #define HAVE_LINUX_NETLINK_H 1
| #define HAVE_LINUX_QRTR_H 1
| #define HAVE_LINUX_VM_SOCKETS_H 1
| #define HAVE_LINUX_CAN_H 1
| #define HAVE_LINUX_CAN_BCM_H 1
| #define HAVE_LINUX_CAN_J1939_H 1
| #define HAVE_LINUX_CAN_RAW_H 1
| #define HAVE_CLOCK_T 1
| #define HAVE_MAKEDEV 1
| #define HAVE_HTOLE64 1
| #define _LARGEFILE_SOURCE 1
| #define _FILE_OFFSET_BITS 64
| #if defined(SCO_DS)
| #undef _OFF_T
| #endif
| #define RETSIGTYPE void
| /* end confdefs.h.  */
| #include <stddef.h>
| #ifdef HAVE_STDIO_H
| # include <stdio.h>
| #endif
| #ifdef HAVE_STDLIB_H
| # include <stdlib.h>
| #endif
| #ifdef HAVE_STRING_H
| # include <string.h>
| #endif
| #ifdef HAVE_INTTYPES_H
| # include <inttypes.h>
| #endif
| #ifdef HAVE_STDINT_H
| # include <stdint.h>
| #endif
| #ifdef HAVE_STRINGS_H
| # include <strings.h>
| #endif
| #ifdef HAVE_SYS_TYPES_H
| # include <sys/types.h>
| #endif
| #ifdef HAVE_SYS_STAT_H
| # include <sys/stat.h>
| #endif
| #ifdef HAVE_UNISTD_H
| # include <unistd.h>
| #endif
| int
| main (void)
| {
| if (sizeof ((ssize_t)))
| 	    return 0;
|   ;
|   return 0;
| }
configure:11741: result: yes
configure:11750: checking for __uint128_t
configure:11750: gcc -c   conftest.c >&5
configure:11750: $? = 0
configure:11750: gcc -c   conftest.c >&5
conftest.c: In function 'main':
conftest.c:152:26: error: expected expression before ')' token
  152 | if (sizeof ((__uint128_t)))
      |                          ^
configure:11750: $? = 1
configure: failed program was:
| /* confdefs.h */
| #define _NETBSD_SOURCE 1
| #define __BSD_VISIBLE 1
| #define _DARWIN_C_SOURCE 1
| #define _PYTHONFRAMEWORK ""
| #define _XOPEN_SOURCE 700
| #define _XOPEN_SOURCE_EXTENDED 1
| #define _POSIX_C_SOURCE 200809L
| #define HAVE_STDIO_H 1
| #define HAVE_STDLIB_H 1
| #define HAVE_STRING_H 1
| #define HAVE_INTTYPES_H 1
| #define HAVE_STDINT_H 1
| #define HAVE_STRINGS_H 1
| #define HAVE_SYS_STAT_H 1
| #define HAVE_SYS_TYPES_H 1
| #define HAVE_UNISTD_H 1
| #define HAVE_WCHAR_H 1
| #define STDC_HEADERS 1
| #define _ALL_SOURCE 1
| #define _DARWIN_C_SOURCE 1
| #define _GNU_SOURCE 1
| #define _HPUX_ALT_XOPEN_SOCKET_API 1
| #define _NETBSD_SOURCE 1
| #define _OPENBSD_SOURCE 1
| #define _POSIX_PTHREAD_SEMANTICS 1
| #define __STDC_WANT_IEC_60559_ATTRIBS_EXT__ 1
| #define __STDC_WANT_IEC_60559_BFP_EXT__ 1
| #define __STDC_WANT_IEC_60559_DFP_EXT__ 1
| #define __STDC_WANT_IEC_60559_FUNCS_EXT__ 1
| #define __STDC_WANT_IEC_60559_TYPES_EXT__ 1
| #define __STDC_WANT_LIB_EXT2__ 1
| #define __STDC_WANT_MATH_SPEC_FUNCS__ 1
| #define _TANDEM_SOURCE 1
| #define __EXTENSIONS__ 1
| #define PY_SUPPORT_TIER 1
| #define Py_ENABLE_SHARED 1
| #define STDC_HEADERS 1
| #define HAVE_ALLOCA_H 1
| #define HAVE_ASM_TYPES_H 1
| #define HAVE_DLFCN_H 1
| #define HAVE_ENDIAN_H 1
| #define HAVE_ERRNO_H 1
| #define HAVE_FCNTL_H 1
| #define HAVE_GRP_H 1
| #define HAVE_LANGINFO_H 1
| #define HAVE_LIBINTL_H 1
| #define HAVE_LINUX_AUXVEC_H 1
| #define HAVE_SYS_AUXV_H 1
| #define HAVE_LINUX_FS_H 1
| #define HAVE_LINUX_LIMITS_H 1
| #define HAVE_LINUX_MEMFD_H 1
| #define HAVE_LINUX_RANDOM_H 1
| #define HAVE_LINUX_SOUNDCARD_H 1
| #define HAVE_LINUX_TIPC_H 1
| #define HAVE_LINUX_WAIT_H 1
| #define HAVE_NETDB_H 1
| #define HAVE_NET_ETHERNET_H 1
| #define HAVE_NETINET_IN_H 1
| #define HAVE_NETPACKET_PACKET_H 1
| #define HAVE_POLL_H 1
| #define HAVE_PTHREAD_H 1
| #define HAVE_PTY_H 1
| #define HAVE_SCHED_H 1
| #define HAVE_SETJMP_H 1
| #define HAVE_SHADOW_H 1
| #define HAVE_SIGNAL_H 1
| #define HAVE_SPAWN_H 1
| #define HAVE_SYS_EPOLL_H 1
| #define HAVE_SYS_EVENTFD_H 1
| #define HAVE_SYS_FILE_H 1
| #define HAVE_SYS_IOCTL_H 1
| #define HAVE_SYS_MMAN_H 1
| #define HAVE_SYS_PARAM_H 1
| #define HAVE_SYS_POLL_H 1
| #define HAVE_SYS_RANDOM_H 1
| #define HAVE_SYS_RESOURCE_H 1
| #define HAVE_SYS_SELECT_H 1
| #define HAVE_SYS_SENDFILE_H 1
| #define HAVE_SYS_SOCKET_H 1
| #define HAVE_SYS_SOUNDCARD_H 1
| #define HAVE_SYS_STAT_H 1
| #define HAVE_SYS_STATVFS_H 1
| #define HAVE_SYS_SYSCALL_H 1
| #define HAVE_SYS_SYSMACROS_H 1
| #define HAVE_SYS_TIME_H 1
| #define HAVE_SYS_TIMES_H 1
| #define HAVE_SYS_TIMERFD_H 1
| #define HAVE_SYS_TYPES_H 1
| #define HAVE_SYS_UIO_H 1
| #define HAVE_SYS_UN_H 1
| #define HAVE_SYS_UTSNAME_H 1
| #define HAVE_SYS_WAIT_H 1
| #define HAVE_SYS_XATTR_H 1
| #define HAVE_SYSEXITS_H 1
| #define HAVE_SYSLOG_H 1
| #define HAVE_TERMIOS_H 1
| #define HAVE_UTIME_H 1
| #define HAVE_UTMP_H 1
| #define HAVE_DIRENT_H 1
| #define MAJOR_IN_SYSMACROS 1
| #define HAVE_NET_IF_H 1
| #define HAVE_LINUX_NETLINK_H 1
| #define HAVE_LINUX_QRTR_H 1
| #define HAVE_LINUX_VM_SOCKETS_H 1
| #define HAVE_LINUX_CAN_H 1
| #define HAVE_LINUX_CAN_BCM_H 1
| #define HAVE_LINUX_CAN_J1939_H 1
| #define HAVE_LINUX_CAN_RAW_H 1
| #define HAVE_CLOCK_T 1
| #define HAVE_MAKEDEV 1
| #define HAVE_HTOLE64 1
| #define _LARGEFILE_SOURCE 1
| #define _FILE_OFFSET_BITS 64
| #if defined(SCO_DS)
| #undef _OFF_T
| #endif
| #define RETSIGTYPE void
| #define HAVE_SSIZE_T 1
| /* end confdefs.h.  */
| #include <stddef.h>
| #ifdef HAVE_STDIO_H
| # include <stdio.h>
| #endif
| #ifdef HAVE_STDLIB_H
| # include <stdlib.h>
| #endif
| #ifdef HAVE_STRING_H
| # include <string.h>
| #endif
| #ifdef HAVE_INTTYPES_H
| # include <inttypes.h>
| #endif
| #ifdef HAVE_STDINT_H
| # include <stdint.h>
| #endif
| #ifdef HAVE_STRINGS_H
| # include <strings.h>
| #endif
| #ifdef HAVE_SYS_TYPES_H
| # include <sys/types.h>
| #endif
| #ifdef HAVE_SYS_STAT_H
| # include <sys/stat.h>
| #endif
| #ifdef HAVE_UNISTD_H
| # include <unistd.h>
| #endif
| int
| main (void)
| {
| if (sizeof ((__uint128_t)))
| 	    return 0;
|   ;
|   return 0;
| }
configure:11750: result: yes
configure:11768: checking size of int
configure:11774: gcc -o conftest    conftest.c  >&5
configure:11774: $? = 0
configure:11774: ./conftest
configure:11774: $? = 0
configure:11789: result: 4
configure:11801: checking size of long
configure:11807: gcc -o conftest    conftest.c  >&5
configure:11807: $? = 0
configure:11807: ./conftest
configure:11807: $? = 0
configure:11822: result: 8
configure:11832: checking alignment of long
configure:11838: gcc -o conftest    conftest.c  >&5
configure:11838: $? = 0
configure:11838: ./conftest
configure:11838: $? = 0
configure:11854: result: 8
configure:11866: checking size of long long
configure:11872: gcc -o conftest    conftest.c  >&5
configure:11872: $? = 0
configure:11872: ./conftest
configure:11872: $? = 0
configure:11887: result: 8
configure:11899: checking size of void *
configure:11905: gcc -o conftest    conftest.c  >&5
configure:11905: $? = 0
configure:11905: ./conftest
configure:11905: $? = 0
configure:11920: result: 8
configure:11932: checking size of short
configure:11938: gcc -o conftest    conftest.c  >&5
configure:11938: $? = 0
configure:11938: ./conftest
configure:11938: $? = 0
configure:11953: result: 2
configure:11965: checking size of float
configure:11971: gcc -o conftest    conftest.c  >&5
configure:11971: $? = 0
configure:11971: ./conftest
configure:11971: $? = 0
configure:11986: result: 4
configure:11998: checking size of double
configure:12004: gcc -o conftest    conftest.c  >&5
configure:12004: $? = 0
configure:12004: ./conftest
configure:12004: $? = 0
configure:12019: result: 8
configure:12031: checking size of fpos_t
configure:12037: gcc -o conftest    conftest.c  >&5
configure:12037: $? = 0
configure:12037: ./conftest
configure:12037: $? = 0
configure:12052: result: 16
configure:12064: checking size of size_t
configure:12070: gcc -o conftest    conftest.c  >&5
configure:12070: $? = 0
configure:12070: ./conftest
configure:12070: $? = 0
configure:12085: result: 8
configure:12095: checking alignment of size_t
configure:12101: gcc -o conftest    conftest.c  >&5
configure:12101: $? = 0
configure:12101: ./conftest
configure:12101: $? = 0
configure:12117: result: 8
configure:12129: checking size of pid_t
configure:12135: gcc -o conftest    conftest.c  >&5
configure:12135: $? = 0
configure:12135: ./conftest
configure:12135: $? = 0
configure:12150: result: 4
configure:12162: checking size of uintptr_t
configure:12168: gcc -o conftest    conftest.c  >&5
configure:12168: $? = 0
configure:12168: ./conftest
configure:12168: $? = 0
configure:12183: result: 8
configure:12193: checking alignment of max_align_t
configure:12199: gcc -o conftest    conftest.c  >&5
configure:12199: $? = 0
configure:12199: ./conftest
configure:12199: $? = 0
configure:12215: result: 16
configure:12225: checking for long double
configure:12260: result: yes
configure:12272: checking size of long double
configure:12278: gcc -o conftest    conftest.c  >&5
configure:12278: $? = 0
configure:12278: ./conftest
configure:12278: $? = 0
configure:12293: result: 16
configure:12306: checking size of _Bool
configure:12312: gcc -o conftest    conftest.c  >&5
configure:12312: $? = 0
configure:12312: ./conftest
configure:12312: $? = 0
configure:12327: result: 1
configure:12340: checking size of off_t
configure:12346: gcc -o conftest    conftest.c  >&5
configure:12346: $? = 0
configure:12346: ./conftest
configure:12346: $? = 0
configure:12366: result: 8
configure:12375: checking whether to enable large file support
configure:12401: result: no
configure:12410: checking size of time_t
configure:12416: gcc -o conftest    conftest.c  >&5
configure:12416: $? = 0
configure:12416: ./conftest
configure:12416: $? = 0
configure:12439: result: 8
configure:12458: checking for pthread_t
configure:12478: gcc -c   conftest.c >&5
configure:12478: $? = 0
configure:12487: result: yes
configure:12496: checking size of pthread_t
configure:12502: gcc -o conftest    conftest.c  >&5
configure:12502: $? = 0
configure:12502: ./conftest
configure:12502: $? = 0
configure:12522: result: 8
configure:12539: checking size of pthread_key_t
configure:12545: gcc -o conftest    conftest.c  >&5
configure:12545: $? = 0
configure:12545: ./conftest
configure:12545: $? = 0
configure:12561: result: 4
configure:12569: checking whether pthread_key_t is compatible with int
configure:12588: gcc -c   conftest.c >&5
configure:12588: $? = 0
configure:12601: result: yes
configure:12614: checking for --enable-framework
configure:12631: result: no
configure:12640: checking for --with-dsymutil
configure:12659: result: no
configure:12716: checking for dyld
configure:12727: result: no
configure:12732: checking for --with-address-sanitizer
configure:12747: result: no
configure:12752: checking for --with-memory-sanitizer
configure:12806: result: no
configure:12811: checking for --with-undefined-behavior-sanitizer
configure:12826: result: no
configure:12833: checking for --with-thread-sanitizer
configure:12848: result: no
configure:12865: checking the extension of shared libraries
configure:12879: result: .so
configure:12886: checking LDSHARED
configure:13024: result: $(CC) -shared
configure:13028: checking BLDSHARED flags
configure:13031: result: $(CC) -shared
configure:13036: checking CCSHARED
configure:13075: result: -fPIC
configure:13079: checking LINKFORSHARED
configure:13150: result: -Xlinker -export-dynamic
configure:13155: checking CFLAGSFORSHARED
configure:13176: result: $(CCSHARED)
configure:13188: checking SHLIBS
configure:13194: result: $(LIBS)
configure:13197: checking perf trampoline
configure:13208: result: yes
configure:13230: checking for sendfile in -lsendfile
configure:13253: gcc -o conftest    conftest.c -lsendfile   >&5
/usr/bin/ld: cannot find -lsendfile: No such file or directory
collect2: error: ld returned 1 exit status
configure:13253: $? = 1
configure: failed program was:
| /* confdefs.h */
| #define _NETBSD_SOURCE 1
| #define __BSD_VISIBLE 1
| #define _DARWIN_C_SOURCE 1
| #define _PYTHONFRAMEWORK ""
| #define _XOPEN_SOURCE 700
| #define _XOPEN_SOURCE_EXTENDED 1
| #define _POSIX_C_SOURCE 200809L
| #define HAVE_STDIO_H 1
| #define HAVE_STDLIB_H 1
| #define HAVE_STRING_H 1
| #define HAVE_INTTYPES_H 1
| #define HAVE_STDINT_H 1
| #define HAVE_STRINGS_H 1
| #define HAVE_SYS_STAT_H 1
| #define HAVE_SYS_TYPES_H 1
| #define HAVE_UNISTD_H 1
| #define HAVE_WCHAR_H 1
| #define STDC_HEADERS 1
| #define _ALL_SOURCE 1
| #define _DARWIN_C_SOURCE 1
| #define _GNU_SOURCE 1
| #define _HPUX_ALT_XOPEN_SOCKET_API 1
| #define _NETBSD_SOURCE 1
| #define _OPENBSD_SOURCE 1
| #define _POSIX_PTHREAD_SEMANTICS 1
| #define __STDC_WANT_IEC_60559_ATTRIBS_EXT__ 1
| #define __STDC_WANT_IEC_60559_BFP_EXT__ 1
| #define __STDC_WANT_IEC_60559_DFP_EXT__ 1
| #define __STDC_WANT_IEC_60559_FUNCS_EXT__ 1
| #define __STDC_WANT_IEC_60559_TYPES_EXT__ 1
| #define __STDC_WANT_LIB_EXT2__ 1
| #define __STDC_WANT_MATH_SPEC_FUNCS__ 1
| #define _TANDEM_SOURCE 1
| #define __EXTENSIONS__ 1
| #define PY_SUPPORT_TIER 1
| #define Py_ENABLE_SHARED 1
| #define STDC_HEADERS 1
| #define HAVE_ALLOCA_H 1
| #define HAVE_ASM_TYPES_H 1
| #define HAVE_DLFCN_H 1
| #define HAVE_ENDIAN_H 1
| #define HAVE_ERRNO_H 1
| #define HAVE_FCNTL_H 1
| #define HAVE_GRP_H 1
| #define HAVE_LANGINFO_H 1
| #define HAVE_LIBINTL_H 1
| #define HAVE_LINUX_AUXVEC_H 1
| #define HAVE_SYS_AUXV_H 1
| #define HAVE_LINUX_FS_H 1
| #define HAVE_LINUX_LIMITS_H 1
| #define HAVE_LINUX_MEMFD_H 1
| #define HAVE_LINUX_RANDOM_H 1
| #define HAVE_LINUX_SOUNDCARD_H 1
| #define HAVE_LINUX_TIPC_H 1
| #define HAVE_LINUX_WAIT_H 1
| #define HAVE_NETDB_H 1
| #define HAVE_NET_ETHERNET_H 1
| #define HAVE_NETINET_IN_H 1
| #define HAVE_NETPACKET_PACKET_H 1
| #define HAVE_POLL_H 1
| #define HAVE_PTHREAD_H 1
| #define HAVE_PTY_H 1
| #define HAVE_SCHED_H 1
| #define HAVE_SETJMP_H 1
| #define HAVE_SHADOW_H 1
| #define HAVE_SIGNAL_H 1
| #define HAVE_SPAWN_H 1
| #define HAVE_SYS_EPOLL_H 1
| #define HAVE_SYS_EVENTFD_H 1
| #define HAVE_SYS_FILE_H 1
| #define HAVE_SYS_IOCTL_H 1
| #define HAVE_SYS_MMAN_H 1
| #define HAVE_SYS_PARAM_H 1
| #define HAVE_SYS_POLL_H 1
| #define HAVE_SYS_RANDOM_H 1
| #define HAVE_SYS_RESOURCE_H 1
| #define HAVE_SYS_SELECT_H 1
| #define HAVE_SYS_SENDFILE_H 1
| #define HAVE_SYS_SOCKET_H 1
| #define HAVE_SYS_SOUNDCARD_H 1
| #define HAVE_SYS_STAT_H 1
| #define HAVE_SYS_STATVFS_H 1
| #define HAVE_SYS_SYSCALL_H 1
| #define HAVE_SYS_SYSMACROS_H 1
| #define HAVE_SYS_TIME_H 1
| #define HAVE_SYS_TIMES_H 1
| #define HAVE_SYS_TIMERFD_H 1
| #define HAVE_SYS_TYPES_H 1
| #define HAVE_SYS_UIO_H 1
| #define HAVE_SYS_UN_H 1
| #define HAVE_SYS_UTSNAME_H 1
| #define HAVE_SYS_WAIT_H 1
| #define HAVE_SYS_XATTR_H 1
| #define HAVE_SYSEXITS_H 1
| #define HAVE_SYSLOG_H 1
| #define HAVE_TERMIOS_H 1
| #define HAVE_UTIME_H 1
| #define HAVE_UTMP_H 1
| #define HAVE_DIRENT_H 1
| #define MAJOR_IN_SYSMACROS 1
| #define HAVE_NET_IF_H 1
| #define HAVE_LINUX_NETLINK_H 1
| #define HAVE_LINUX_QRTR_H 1
| #define HAVE_LINUX_VM_SOCKETS_H 1
| #define HAVE_LINUX_CAN_H 1
| #define HAVE_LINUX_CAN_BCM_H 1
| #define HAVE_LINUX_CAN_J1939_H 1
| #define HAVE_LINUX_CAN_RAW_H 1
| #define HAVE_CLOCK_T 1
| #define HAVE_MAKEDEV 1
| #define HAVE_HTOLE64 1
| #define _LARGEFILE_SOURCE 1
| #define _FILE_OFFSET_BITS 64
| #if defined(SCO_DS)
| #undef _OFF_T
| #endif
| #define RETSIGTYPE void
| #define HAVE_SSIZE_T 1
| #define HAVE___UINT128_T 1
| #define HAVE_GCC_UINT128_T 1
| #define SIZEOF_INT 4
| #define SIZEOF_LONG 8
| #define ALIGNOF_LONG 8
| #define SIZEOF_LONG_LONG 8
| #define SIZEOF_VOID_P 8
| #define SIZEOF_SHORT 2
| #define SIZEOF_FLOAT 4
| #define SIZEOF_DOUBLE 8
| #define SIZEOF_FPOS_T 16
| #define SIZEOF_SIZE_T 8
| #define ALIGNOF_SIZE_T 8
| #define SIZEOF_PID_T 4
| #define SIZEOF_UINTPTR_T 8
| #define ALIGNOF_MAX_ALIGN_T 16
| #define HAVE_LONG_DOUBLE 1
| #define SIZEOF_LONG_DOUBLE 16
| #define SIZEOF__BOOL 1
| #define SIZEOF_OFF_T 8
| #define SIZEOF_TIME_T 8
| #define SIZEOF_PTHREAD_T 8
| #define SIZEOF_PTHREAD_KEY_T 4
| #define PTHREAD_KEY_T_IS_COMPATIBLE_WITH_INT 1
| #define PY_HAVE_PERF_TRAMPOLINE 1
| /* end confdefs.h.  */
| 
| /* Override any GCC internal prototype to avoid an error.
|    Use char because int might match the return type of a GCC
|    builtin and then its argument prototype would still apply.  */
| char sendfile ();
| int
| main (void)
| {
| return sendfile ();
|   ;
|   return 0;
| }
configure:13263: result: no
configure:13273: checking for dlopen in -ldl
configure:13296: gcc -o conftest    conftest.c -ldl   >&5
configure:13296: $? = 0
configure:13306: result: yes
configure:13316: checking for shl_load in -ldld
configure:13339: gcc -o conftest    conftest.c -ldld  -ldl  >&5
/usr/bin/ld: cannot find -ldld: No such file or directory
collect2: error: ld returned 1 exit status
configure:13339: $? = 1
configure: failed program was:
| /* confdefs.h */
| #define _NETBSD_SOURCE 1
| #define __BSD_VISIBLE 1
| #define _DARWIN_C_SOURCE 1
| #define _PYTHONFRAMEWORK ""
| #define _XOPEN_SOURCE 700
| #define _XOPEN_SOURCE_EXTENDED 1
| #define _POSIX_C_SOURCE 200809L
| #define HAVE_STDIO_H 1
| #define HAVE_STDLIB_H 1
| #define HAVE_STRING_H 1
| #define HAVE_INTTYPES_H 1
| #define HAVE_STDINT_H 1
| #define HAVE_STRINGS_H 1
| #define HAVE_SYS_STAT_H 1
| #define HAVE_SYS_TYPES_H 1
| #define HAVE_UNISTD_H 1
| #define HAVE_WCHAR_H 1
| #define STDC_HEADERS 1
| #define _ALL_SOURCE 1
| #define _DARWIN_C_SOURCE 1
| #define _GNU_SOURCE 1
| #define _HPUX_ALT_XOPEN_SOCKET_API 1
| #define _NETBSD_SOURCE 1
| #define _OPENBSD_SOURCE 1
| #define _POSIX_PTHREAD_SEMANTICS 1
| #define __STDC_WANT_IEC_60559_ATTRIBS_EXT__ 1
| #define __STDC_WANT_IEC_60559_BFP_EXT__ 1
| #define __STDC_WANT_IEC_60559_DFP_EXT__ 1
| #define __STDC_WANT_IEC_60559_FUNCS_EXT__ 1
| #define __STDC_WANT_IEC_60559_TYPES_EXT__ 1
| #define __STDC_WANT_LIB_EXT2__ 1
| #define __STDC_WANT_MATH_SPEC_FUNCS__ 1
| #define _TANDEM_SOURCE 1
| #define __EXTENSIONS__ 1
| #define PY_SUPPORT_TIER 1
| #define Py_ENABLE_SHARED 1
| #define STDC_HEADERS 1
| #define HAVE_ALLOCA_H 1
| #define HAVE_ASM_TYPES_H 1
| #define HAVE_DLFCN_H 1
| #define HAVE_ENDIAN_H 1
| #define HAVE_ERRNO_H 1
| #define HAVE_FCNTL_H 1
| #define HAVE_GRP_H 1
| #define HAVE_LANGINFO_H 1
| #define HAVE_LIBINTL_H 1
| #define HAVE_LINUX_AUXVEC_H 1
| #define HAVE_SYS_AUXV_H 1
| #define HAVE_LINUX_FS_H 1
| #define HAVE_LINUX_LIMITS_H 1
| #define HAVE_LINUX_MEMFD_H 1
| #define HAVE_LINUX_RANDOM_H 1
| #define HAVE_LINUX_SOUNDCARD_H 1
| #define HAVE_LINUX_TIPC_H 1
| #define HAVE_LINUX_WAIT_H 1
| #define HAVE_NETDB_H 1
| #define HAVE_NET_ETHERNET_H 1
| #define HAVE_NETINET_IN_H 1
| #define HAVE_NETPACKET_PACKET_H 1
| #define HAVE_POLL_H 1
| #define HAVE_PTHREAD_H 1
| #define HAVE_PTY_H 1
| #define HAVE_SCHED_H 1
| #define HAVE_SETJMP_H 1
| #define HAVE_SHADOW_H 1
| #define HAVE_SIGNAL_H 1
| #define HAVE_SPAWN_H 1
| #define HAVE_SYS_EPOLL_H 1
| #define HAVE_SYS_EVENTFD_H 1
| #define HAVE_SYS_FILE_H 1
| #define HAVE_SYS_IOCTL_H 1
| #define HAVE_SYS_MMAN_H 1
| #define HAVE_SYS_PARAM_H 1
| #define HAVE_SYS_POLL_H 1
| #define HAVE_SYS_RANDOM_H 1
| #define HAVE_SYS_RESOURCE_H 1
| #define HAVE_SYS_SELECT_H 1
| #define HAVE_SYS_SENDFILE_H 1
| #define HAVE_SYS_SOCKET_H 1
| #define HAVE_SYS_SOUNDCARD_H 1
| #define HAVE_SYS_STAT_H 1
| #define HAVE_SYS_STATVFS_H 1
| #define HAVE_SYS_SYSCALL_H 1
| #define HAVE_SYS_SYSMACROS_H 1
| #define HAVE_SYS_TIME_H 1
| #define HAVE_SYS_TIMES_H 1
| #define HAVE_SYS_TIMERFD_H 1
| #define HAVE_SYS_TYPES_H 1
| #define HAVE_SYS_UIO_H 1
| #define HAVE_SYS_UN_H 1
| #define HAVE_SYS_UTSNAME_H 1
| #define HAVE_SYS_WAIT_H 1
| #define HAVE_SYS_XATTR_H 1
| #define HAVE_SYSEXITS_H 1
| #define HAVE_SYSLOG_H 1
| #define HAVE_TERMIOS_H 1
| #define HAVE_UTIME_H 1
| #define HAVE_UTMP_H 1
| #define HAVE_DIRENT_H 1
| #define MAJOR_IN_SYSMACROS 1
| #define HAVE_NET_IF_H 1
| #define HAVE_LINUX_NETLINK_H 1
| #define HAVE_LINUX_QRTR_H 1
| #define HAVE_LINUX_VM_SOCKETS_H 1
| #define HAVE_LINUX_CAN_H 1
| #define HAVE_LINUX_CAN_BCM_H 1
| #define HAVE_LINUX_CAN_J1939_H 1
| #define HAVE_LINUX_CAN_RAW_H 1
| #define HAVE_CLOCK_T 1
| #define HAVE_MAKEDEV 1
| #define HAVE_HTOLE64 1
| #define _LARGEFILE_SOURCE 1
| #define _FILE_OFFSET_BITS 64
| #if defined(SCO_DS)
| #undef _OFF_T
| #endif
| #define RETSIGTYPE void
| #define HAVE_SSIZE_T 1
| #define HAVE___UINT128_T 1
| #define HAVE_GCC_UINT128_T 1
| #define SIZEOF_INT 4
| #define SIZEOF_LONG 8
| #define ALIGNOF_LONG 8
| #define SIZEOF_LONG_LONG 8
| #define SIZEOF_VOID_P 8
| #define SIZEOF_SHORT 2
| #define SIZEOF_FLOAT 4
| #define SIZEOF_DOUBLE 8
| #define SIZEOF_FPOS_T 16
| #define SIZEOF_SIZE_T 8
| #define ALIGNOF_SIZE_T 8
| #define SIZEOF_PID_T 4
| #define SIZEOF_UINTPTR_T 8
| #define ALIGNOF_MAX_ALIGN_T 16
| #define HAVE_LONG_DOUBLE 1
| #define SIZEOF_LONG_DOUBLE 16
| #define SIZEOF__BOOL 1
| #define SIZEOF_OFF_T 8
| #define SIZEOF_TIME_T 8
| #define SIZEOF_PTHREAD_T 8
| #define SIZEOF_PTHREAD_KEY_T 4
| #define PTHREAD_KEY_T_IS_COMPATIBLE_WITH_INT 1
| #define PY_HAVE_PERF_TRAMPOLINE 1
| #define HAVE_LIBDL 1
| /* end confdefs.h.  */
| 
| /* Override any GCC internal prototype to avoid an error.
|    Use char because int might match the return type of a GCC
|    builtin and then its argument prototype would still apply.  */
| char shl_load ();
| int
| main (void)
| {
| return shl_load ();
|   ;
|   return 0;
| }
configure:13349: result: no
configure:13368: checking for uuid.h
configure:13368: gcc -c   conftest.c >&5
conftest.c:175:10: fatal error: uuid.h: No such file or directory
  175 | #include <uuid.h>
      |          ^~~~~~~~
compilation terminated.
configure:13368: $? = 1
configure: failed program was:
| /* confdefs.h */
| #define _NETBSD_SOURCE 1
| #define __BSD_VISIBLE 1
| #define _DARWIN_C_SOURCE 1
| #define _PYTHONFRAMEWORK ""
| #define _XOPEN_SOURCE 700
| #define _XOPEN_SOURCE_EXTENDED 1
| #define _POSIX_C_SOURCE 200809L
| #define HAVE_STDIO_H 1
| #define HAVE_STDLIB_H 1
| #define HAVE_STRING_H 1
| #define HAVE_INTTYPES_H 1
| #define HAVE_STDINT_H 1
| #define HAVE_STRINGS_H 1
| #define HAVE_SYS_STAT_H 1
| #define HAVE_SYS_TYPES_H 1
| #define HAVE_UNISTD_H 1
| #define HAVE_WCHAR_H 1
| #define STDC_HEADERS 1
| #define _ALL_SOURCE 1
| #define _DARWIN_C_SOURCE 1
| #define _GNU_SOURCE 1
| #define _HPUX_ALT_XOPEN_SOCKET_API 1
| #define _NETBSD_SOURCE 1
| #define _OPENBSD_SOURCE 1
| #define _POSIX_PTHREAD_SEMANTICS 1
| #define __STDC_WANT_IEC_60559_ATTRIBS_EXT__ 1
| #define __STDC_WANT_IEC_60559_BFP_EXT__ 1
| #define __STDC_WANT_IEC_60559_DFP_EXT__ 1
| #define __STDC_WANT_IEC_60559_FUNCS_EXT__ 1
| #define __STDC_WANT_IEC_60559_TYPES_EXT__ 1
| #define __STDC_WANT_LIB_EXT2__ 1
| #define __STDC_WANT_MATH_SPEC_FUNCS__ 1
| #define _TANDEM_SOURCE 1
| #define __EXTENSIONS__ 1
| #define PY_SUPPORT_TIER 1
| #define Py_ENABLE_SHARED 1
| #define STDC_HEADERS 1
| #define HAVE_ALLOCA_H 1
| #define HAVE_ASM_TYPES_H 1
| #define HAVE_DLFCN_H 1
| #define HAVE_ENDIAN_H 1
| #define HAVE_ERRNO_H 1
| #define HAVE_FCNTL_H 1
| #define HAVE_GRP_H 1
| #define HAVE_LANGINFO_H 1
| #define HAVE_LIBINTL_H 1
| #define HAVE_LINUX_AUXVEC_H 1
| #define HAVE_SYS_AUXV_H 1
| #define HAVE_LINUX_FS_H 1
| #define HAVE_LINUX_LIMITS_H 1
| #define HAVE_LINUX_MEMFD_H 1
| #define HAVE_LINUX_RANDOM_H 1
| #define HAVE_LINUX_SOUNDCARD_H 1
| #define HAVE_LINUX_TIPC_H 1
| #define HAVE_LINUX_WAIT_H 1
| #define HAVE_NETDB_H 1
| #define HAVE_NET_ETHERNET_H 1
| #define HAVE_NETINET_IN_H 1
| #define HAVE_NETPACKET_PACKET_H 1
| #define HAVE_POLL_H 1
| #define HAVE_PTHREAD_H 1
| #define HAVE_PTY_H 1
| #define HAVE_SCHED_H 1
| #define HAVE_SETJMP_H 1
| #define HAVE_SHADOW_H 1
| #define HAVE_SIGNAL_H 1
| #define HAVE_SPAWN_H 1
| #define HAVE_SYS_EPOLL_H 1
| #define HAVE_SYS_EVENTFD_H 1
| #define HAVE_SYS_FILE_H 1
| #define HAVE_SYS_IOCTL_H 1
| #define HAVE_SYS_MMAN_H 1
| #define HAVE_SYS_PARAM_H 1
| #define HAVE_SYS_POLL_H 1
| #define HAVE_SYS_RANDOM_H 1
| #define HAVE_SYS_RESOURCE_H 1
| #define HAVE_SYS_SELECT_H 1
| #define HAVE_SYS_SENDFILE_H 1
| #define HAVE_SYS_SOCKET_H 1
| #define HAVE_SYS_SOUNDCARD_H 1
| #define HAVE_SYS_STAT_H 1
| #define HAVE_SYS_STATVFS_H 1
| #define HAVE_SYS_SYSCALL_H 1
| #define HAVE_SYS_SYSMACROS_H 1
| #define HAVE_SYS_TIME_H 1
| #define HAVE_SYS_TIMES_H 1
| #define HAVE_SYS_TIMERFD_H 1
| #define HAVE_SYS_TYPES_H 1
| #define HAVE_SYS_UIO_H 1
| #define HAVE_SYS_UN_H 1
| #define HAVE_SYS_UTSNAME_H 1
| #define HAVE_SYS_WAIT_H 1
| #define HAVE_SYS_XATTR_H 1
| #define HAVE_SYSEXITS_H 1
| #define HAVE_SYSLOG_H 1
| #define HAVE_TERMIOS_H 1
| #define HAVE_UTIME_H 1
| #define HAVE_UTMP_H 1
| #define HAVE_DIRENT_H 1
| #define MAJOR_IN_SYSMACROS 1
| #define HAVE_NET_IF_H 1
| #define HAVE_LINUX_NETLINK_H 1
| #define HAVE_LINUX_QRTR_H 1
| #define HAVE_LINUX_VM_SOCKETS_H 1
| #define HAVE_LINUX_CAN_H 1
| #define HAVE_LINUX_CAN_BCM_H 1
| #define HAVE_LINUX_CAN_J1939_H 1
| #define HAVE_LINUX_CAN_RAW_H 1
| #define HAVE_CLOCK_T 1
| #define HAVE_MAKEDEV 1
| #define HAVE_HTOLE64 1
| #define _LARGEFILE_SOURCE 1
| #define _FILE_OFFSET_BITS 64
| #if defined(SCO_DS)
| #undef _OFF_T
| #endif
| #define RETSIGTYPE void
| #define HAVE_SSIZE_T 1
| #define HAVE___UINT128_T 1
| #define HAVE_GCC_UINT128_T 1
| #define SIZEOF_INT 4
| #define SIZEOF_LONG 8
| #define ALIGNOF_LONG 8
| #define SIZEOF_LONG_LONG 8
| #define SIZEOF_VOID_P 8
| #define SIZEOF_SHORT 2
| #define SIZEOF_FLOAT 4
| #define SIZEOF_DOUBLE 8
| #define SIZEOF_FPOS_T 16
| #define SIZEOF_SIZE_T 8
| #define ALIGNOF_SIZE_T 8
| #define SIZEOF_PID_T 4
| #define SIZEOF_UINTPTR_T 8
| #define ALIGNOF_MAX_ALIGN_T 16
| #define HAVE_LONG_DOUBLE 1
| #define SIZEOF_LONG_DOUBLE 16
| #define SIZEOF__BOOL 1
| #define SIZEOF_OFF_T 8
| #define SIZEOF_TIME_T 8
| #define SIZEOF_PTHREAD_T 8
| #define SIZEOF_PTHREAD_KEY_T 4
| #define PTHREAD_KEY_T_IS_COMPATIBLE_WITH_INT 1
| #define PY_HAVE_PERF_TRAMPOLINE 1
| #define HAVE_LIBDL 1
| /* end confdefs.h.  */
| #include <stddef.h>
| #ifdef HAVE_STDIO_H
| # include <stdio.h>
| #endif
| #ifdef HAVE_STDLIB_H
| # include <stdlib.h>
| #endif
| #ifdef HAVE_STRING_H
| # include <string.h>
| #endif
| #ifdef HAVE_INTTYPES_H
| # include <inttypes.h>
| #endif
| #ifdef HAVE_STDINT_H
| # include <stdint.h>
| #endif
| #ifdef HAVE_STRINGS_H
| # include <strings.h>
| #endif
| #ifdef HAVE_SYS_TYPES_H
| # include <sys/types.h>
| #endif
| #ifdef HAVE_SYS_STAT_H
| # include <sys/stat.h>
| #endif
| #ifdef HAVE_UNISTD_H
| # include <unistd.h>
| #endif
| #include <uuid.h>
configure:13368: result: no
configure:13399: checking for uuid >= 2.20
configure:13580: result: no
configure:13593: checking for uuid/uuid.h
configure:13593: gcc -c    conftest.c >&5
configure:13593: $? = 0
configure:13593: result: yes
configure:13599: checking for uuid_generate_time in -luuid
configure:13622: gcc -o conftest      conftest.c -luuid  -ldl  >&5
/usr/bin/ld: cannot find -luuid: No such file or directory
collect2: error: ld returned 1 exit status
configure:13622: $? = 1
configure: failed program was:
| /* confdefs.h */
| #define _NETBSD_SOURCE 1
| #define __BSD_VISIBLE 1
| #define _DARWIN_C_SOURCE 1
| #define _PYTHONFRAMEWORK ""
| #define _XOPEN_SOURCE 700
| #define _XOPEN_SOURCE_EXTENDED 1
| #define _POSIX_C_SOURCE 200809L
| #define HAVE_STDIO_H 1
| #define HAVE_STDLIB_H 1
| #define HAVE_STRING_H 1
| #define HAVE_INTTYPES_H 1
| #define HAVE_STDINT_H 1
| #define HAVE_STRINGS_H 1
| #define HAVE_SYS_STAT_H 1
| #define HAVE_SYS_TYPES_H 1
| #define HAVE_UNISTD_H 1
| #define HAVE_WCHAR_H 1
| #define STDC_HEADERS 1
| #define _ALL_SOURCE 1
| #define _DARWIN_C_SOURCE 1
| #define _GNU_SOURCE 1
| #define _HPUX_ALT_XOPEN_SOCKET_API 1
| #define _NETBSD_SOURCE 1
| #define _OPENBSD_SOURCE 1
| #define _POSIX_PTHREAD_SEMANTICS 1
| #define __STDC_WANT_IEC_60559_ATTRIBS_EXT__ 1
| #define __STDC_WANT_IEC_60559_BFP_EXT__ 1
| #define __STDC_WANT_IEC_60559_DFP_EXT__ 1
| #define __STDC_WANT_IEC_60559_FUNCS_EXT__ 1
| #define __STDC_WANT_IEC_60559_TYPES_EXT__ 1
| #define __STDC_WANT_LIB_EXT2__ 1
| #define __STDC_WANT_MATH_SPEC_FUNCS__ 1
| #define _TANDEM_SOURCE 1
| #define __EXTENSIONS__ 1
| #define PY_SUPPORT_TIER 1
| #define Py_ENABLE_SHARED 1
| #define STDC_HEADERS 1
| #define HAVE_ALLOCA_H 1
| #define HAVE_ASM_TYPES_H 1
| #define HAVE_DLFCN_H 1
| #define HAVE_ENDIAN_H 1
| #define HAVE_ERRNO_H 1
| #define HAVE_FCNTL_H 1
| #define HAVE_GRP_H 1
| #define HAVE_LANGINFO_H 1
| #define HAVE_LIBINTL_H 1
| #define HAVE_LINUX_AUXVEC_H 1
| #define HAVE_SYS_AUXV_H 1
| #define HAVE_LINUX_FS_H 1
| #define HAVE_LINUX_LIMITS_H 1
| #define HAVE_LINUX_MEMFD_H 1
| #define HAVE_LINUX_RANDOM_H 1
| #define HAVE_LINUX_SOUNDCARD_H 1
| #define HAVE_LINUX_TIPC_H 1
| #define HAVE_LINUX_WAIT_H 1
| #define HAVE_NETDB_H 1
| #define HAVE_NET_ETHERNET_H 1
| #define HAVE_NETINET_IN_H 1
| #define HAVE_NETPACKET_PACKET_H 1
| #define HAVE_POLL_H 1
| #define HAVE_PTHREAD_H 1
| #define HAVE_PTY_H 1
| #define HAVE_SCHED_H 1
| #define HAVE_SETJMP_H 1
| #define HAVE_SHADOW_H 1
| #define HAVE_SIGNAL_H 1
| #define HAVE_SPAWN_H 1
| #define HAVE_SYS_EPOLL_H 1
| #define HAVE_SYS_EVENTFD_H 1
| #define HAVE_SYS_FILE_H 1
| #define HAVE_SYS_IOCTL_H 1
| #define HAVE_SYS_MMAN_H 1
| #define HAVE_SYS_PARAM_H 1
| #define HAVE_SYS_POLL_H 1
| #define HAVE_SYS_RANDOM_H 1
| #define HAVE_SYS_RESOURCE_H 1
| #define HAVE_SYS_SELECT_H 1
| #define HAVE_SYS_SENDFILE_H 1
| #define HAVE_SYS_SOCKET_H 1
| #define HAVE_SYS_SOUNDCARD_H 1
| #define HAVE_SYS_STAT_H 1
| #define HAVE_SYS_STATVFS_H 1
| #define HAVE_SYS_SYSCALL_H 1
| #define HAVE_SYS_SYSMACROS_H 1
| #define HAVE_SYS_TIME_H 1
| #define HAVE_SYS_TIMES_H 1
| #define HAVE_SYS_TIMERFD_H 1
| #define HAVE_SYS_TYPES_H 1
| #define HAVE_SYS_UIO_H 1
| #define HAVE_SYS_UN_H 1
| #define HAVE_SYS_UTSNAME_H 1
| #define HAVE_SYS_WAIT_H 1
| #define HAVE_SYS_XATTR_H 1
| #define HAVE_SYSEXITS_H 1
| #define HAVE_SYSLOG_H 1
| #define HAVE_TERMIOS_H 1
| #define HAVE_UTIME_H 1
| #define HAVE_UTMP_H 1
| #define HAVE_DIRENT_H 1
| #define MAJOR_IN_SYSMACROS 1
| #define HAVE_NET_IF_H 1
| #define HAVE_LINUX_NETLINK_H 1
| #define HAVE_LINUX_QRTR_H 1
| #define HAVE_LINUX_VM_SOCKETS_H 1
| #define HAVE_LINUX_CAN_H 1
| #define HAVE_LINUX_CAN_BCM_H 1
| #define HAVE_LINUX_CAN_J1939_H 1
| #define HAVE_LINUX_CAN_RAW_H 1
| #define HAVE_CLOCK_T 1
| #define HAVE_MAKEDEV 1
| #define HAVE_HTOLE64 1
| #define _LARGEFILE_SOURCE 1
| #define _FILE_OFFSET_BITS 64
| #if defined(SCO_DS)
| #undef _OFF_T
| #endif
| #define RETSIGTYPE void
| #define HAVE_SSIZE_T 1
| #define HAVE___UINT128_T 1
| #define HAVE_GCC_UINT128_T 1
| #define SIZEOF_INT 4
| #define SIZEOF_LONG 8
| #define ALIGNOF_LONG 8
| #define SIZEOF_LONG_LONG 8
| #define SIZEOF_VOID_P 8
| #define SIZEOF_SHORT 2
| #define SIZEOF_FLOAT 4
| #define SIZEOF_DOUBLE 8
| #define SIZEOF_FPOS_T 16
| #define SIZEOF_SIZE_T 8
| #define ALIGNOF_SIZE_T 8
| #define SIZEOF_PID_T 4
| #define SIZEOF_UINTPTR_T 8
| #define ALIGNOF_MAX_ALIGN_T 16
| #define HAVE_LONG_DOUBLE 1
| #define SIZEOF_LONG_DOUBLE 16
| #define SIZEOF__BOOL 1
| #define SIZEOF_OFF_T 8
| #define SIZEOF_TIME_T 8
| #define SIZEOF_PTHREAD_T 8
| #define SIZEOF_PTHREAD_KEY_T 4
| #define PTHREAD_KEY_T_IS_COMPATIBLE_WITH_INT 1
| #define PY_HAVE_PERF_TRAMPOLINE 1
| #define HAVE_LIBDL 1
| #define HAVE_UUID_UUID_H 1
| /* end confdefs.h.  */
| 
| /* Override any GCC internal prototype to avoid an error.
|    Use char because int might match the return type of a GCC
|    builtin and then its argument prototype would still apply.  */
| char uuid_generate_time ();
| int
| main (void)
| {
| return uuid_generate_time ();
|   ;
|   return 0;
| }
configure:13632: result: no
configure:13642: checking for uuid_generate_time_safe in -luuid
configure:13665: gcc -o conftest      conftest.c -luuid  -ldl  >&5
/usr/bin/ld: cannot find -luuid: No such file or directory
collect2: error: ld returned 1 exit status
configure:13665: $? = 1
configure: failed program was:
| /* confdefs.h */
| #define _NETBSD_SOURCE 1
| #define __BSD_VISIBLE 1
| #define _DARWIN_C_SOURCE 1
| #define _PYTHONFRAMEWORK ""
| #define _XOPEN_SOURCE 700
| #define _XOPEN_SOURCE_EXTENDED 1
| #define _POSIX_C_SOURCE 200809L
| #define HAVE_STDIO_H 1
| #define HAVE_STDLIB_H 1
| #define HAVE_STRING_H 1
| #define HAVE_INTTYPES_H 1
| #define HAVE_STDINT_H 1
| #define HAVE_STRINGS_H 1
| #define HAVE_SYS_STAT_H 1
| #define HAVE_SYS_TYPES_H 1
| #define HAVE_UNISTD_H 1
| #define HAVE_WCHAR_H 1
| #define STDC_HEADERS 1
| #define _ALL_SOURCE 1
| #define _DARWIN_C_SOURCE 1
| #define _GNU_SOURCE 1
| #define _HPUX_ALT_XOPEN_SOCKET_API 1
| #define _NETBSD_SOURCE 1
| #define _OPENBSD_SOURCE 1
| #define _POSIX_PTHREAD_SEMANTICS 1
| #define __STDC_WANT_IEC_60559_ATTRIBS_EXT__ 1
| #define __STDC_WANT_IEC_60559_BFP_EXT__ 1
| #define __STDC_WANT_IEC_60559_DFP_EXT__ 1
| #define __STDC_WANT_IEC_60559_FUNCS_EXT__ 1
| #define __STDC_WANT_IEC_60559_TYPES_EXT__ 1
| #define __STDC_WANT_LIB_EXT2__ 1
| #define __STDC_WANT_MATH_SPEC_FUNCS__ 1
| #define _TANDEM_SOURCE 1
| #define __EXTENSIONS__ 1
| #define PY_SUPPORT_TIER 1
| #define Py_ENABLE_SHARED 1
| #define STDC_HEADERS 1
| #define HAVE_ALLOCA_H 1
| #define HAVE_ASM_TYPES_H 1
| #define HAVE_DLFCN_H 1
| #define HAVE_ENDIAN_H 1
| #define HAVE_ERRNO_H 1
| #define HAVE_FCNTL_H 1
| #define HAVE_GRP_H 1
| #define HAVE_LANGINFO_H 1
| #define HAVE_LIBINTL_H 1
| #define HAVE_LINUX_AUXVEC_H 1
| #define HAVE_SYS_AUXV_H 1
| #define HAVE_LINUX_FS_H 1
| #define HAVE_LINUX_LIMITS_H 1
| #define HAVE_LINUX_MEMFD_H 1
| #define HAVE_LINUX_RANDOM_H 1
| #define HAVE_LINUX_SOUNDCARD_H 1
| #define HAVE_LINUX_TIPC_H 1
| #define HAVE_LINUX_WAIT_H 1
| #define HAVE_NETDB_H 1
| #define HAVE_NET_ETHERNET_H 1
| #define HAVE_NETINET_IN_H 1
| #define HAVE_NETPACKET_PACKET_H 1
| #define HAVE_POLL_H 1
| #define HAVE_PTHREAD_H 1
| #define HAVE_PTY_H 1
| #define HAVE_SCHED_H 1
| #define HAVE_SETJMP_H 1
| #define HAVE_SHADOW_H 1
| #define HAVE_SIGNAL_H 1
| #define HAVE_SPAWN_H 1
| #define HAVE_SYS_EPOLL_H 1
| #define HAVE_SYS_EVENTFD_H 1
| #define HAVE_SYS_FILE_H 1
| #define HAVE_SYS_IOCTL_H 1
| #define HAVE_SYS_MMAN_H 1
| #define HAVE_SYS_PARAM_H 1
| #define HAVE_SYS_POLL_H 1
| #define HAVE_SYS_RANDOM_H 1
| #define HAVE_SYS_RESOURCE_H 1
| #define HAVE_SYS_SELECT_H 1
| #define HAVE_SYS_SENDFILE_H 1
| #define HAVE_SYS_SOCKET_H 1
| #define HAVE_SYS_SOUNDCARD_H 1
| #define HAVE_SYS_STAT_H 1
| #define HAVE_SYS_STATVFS_H 1
| #define HAVE_SYS_SYSCALL_H 1
| #define HAVE_SYS_SYSMACROS_H 1
| #define HAVE_SYS_TIME_H 1
| #define HAVE_SYS_TIMES_H 1
| #define HAVE_SYS_TIMERFD_H 1
| #define HAVE_SYS_TYPES_H 1
| #define HAVE_SYS_UIO_H 1
| #define HAVE_SYS_UN_H 1
| #define HAVE_SYS_UTSNAME_H 1
| #define HAVE_SYS_WAIT_H 1
| #define HAVE_SYS_XATTR_H 1
| #define HAVE_SYSEXITS_H 1
| #define HAVE_SYSLOG_H 1
| #define HAVE_TERMIOS_H 1
| #define HAVE_UTIME_H 1
| #define HAVE_UTMP_H 1
| #define HAVE_DIRENT_H 1
| #define MAJOR_IN_SYSMACROS 1
| #define HAVE_NET_IF_H 1
| #define HAVE_LINUX_NETLINK_H 1
| #define HAVE_LINUX_QRTR_H 1
| #define HAVE_LINUX_VM_SOCKETS_H 1
| #define HAVE_LINUX_CAN_H 1
| #define HAVE_LINUX_CAN_BCM_H 1
| #define HAVE_LINUX_CAN_J1939_H 1
| #define HAVE_LINUX_CAN_RAW_H 1
| #define HAVE_CLOCK_T 1
| #define HAVE_MAKEDEV 1
| #define HAVE_HTOLE64 1
| #define _LARGEFILE_SOURCE 1
| #define _FILE_OFFSET_BITS 64
| #if defined(SCO_DS)
| #undef _OFF_T
| #endif
| #define RETSIGTYPE void
| #define HAVE_SSIZE_T 1
| #define HAVE___UINT128_T 1
| #define HAVE_GCC_UINT128_T 1
| #define SIZEOF_INT 4
| #define SIZEOF_LONG 8
| #define ALIGNOF_LONG 8
| #define SIZEOF_LONG_LONG 8
| #define SIZEOF_VOID_P 8
| #define SIZEOF_SHORT 2
| #define SIZEOF_FLOAT 4
| #define SIZEOF_DOUBLE 8
| #define SIZEOF_FPOS_T 16
| #define SIZEOF_SIZE_T 8
| #define ALIGNOF_SIZE_T 8
| #define SIZEOF_PID_T 4
| #define SIZEOF_UINTPTR_T 8
| #define ALIGNOF_MAX_ALIGN_T 16
| #define HAVE_LONG_DOUBLE 1
| #define SIZEOF_LONG_DOUBLE 16
| #define SIZEOF__BOOL 1
| #define SIZEOF_OFF_T 8
| #define SIZEOF_TIME_T 8
| #define SIZEOF_PTHREAD_T 8
| #define SIZEOF_PTHREAD_KEY_T 4
| #define PTHREAD_KEY_T_IS_COMPATIBLE_WITH_INT 1
| #define PY_HAVE_PERF_TRAMPOLINE 1
| #define HAVE_LIBDL 1
| #define HAVE_UUID_UUID_H 1
| /* end confdefs.h.  */
| 
| /* Override any GCC internal prototype to avoid an error.
|    Use char because int might match the return type of a GCC
|    builtin and then its argument prototype would still apply.  */
| char uuid_generate_time_safe ();
| int
| main (void)
| {
| return uuid_generate_time_safe ();
|   ;
|   return 0;
| }
configure:13675: result: no
configure:13725: checking for uuid/uuid.h
configure:13725: result: yes
configure:13730: checking for uuid_generate_time
configure:13730: gcc -o conftest    conftest.c -ldl  >&5
/usr/bin/ld: /tmp/ccpwwB08.o: in function `main':
conftest.c:(.text+0x5): undefined reference to `uuid_generate_time'
collect2: error: ld returned 1 exit status
configure:13730: $? = 1
configure: failed program was:
| /* confdefs.h */
| #define _NETBSD_SOURCE 1
| #define __BSD_VISIBLE 1
| #define _DARWIN_C_SOURCE 1
| #define _PYTHONFRAMEWORK ""
| #define _XOPEN_SOURCE 700
| #define _XOPEN_SOURCE_EXTENDED 1
| #define _POSIX_C_SOURCE 200809L
| #define HAVE_STDIO_H 1
| #define HAVE_STDLIB_H 1
| #define HAVE_STRING_H 1
| #define HAVE_INTTYPES_H 1
| #define HAVE_STDINT_H 1
| #define HAVE_STRINGS_H 1
| #define HAVE_SYS_STAT_H 1
| #define HAVE_SYS_TYPES_H 1
| #define HAVE_UNISTD_H 1
| #define HAVE_WCHAR_H 1
| #define STDC_HEADERS 1
| #define _ALL_SOURCE 1
| #define _DARWIN_C_SOURCE 1
| #define _GNU_SOURCE 1
| #define _HPUX_ALT_XOPEN_SOCKET_API 1
| #define _NETBSD_SOURCE 1
| #define _OPENBSD_SOURCE 1
| #define _POSIX_PTHREAD_SEMANTICS 1
| #define __STDC_WANT_IEC_60559_ATTRIBS_EXT__ 1
| #define __STDC_WANT_IEC_60559_BFP_EXT__ 1
| #define __STDC_WANT_IEC_60559_DFP_EXT__ 1
| #define __STDC_WANT_IEC_60559_FUNCS_EXT__ 1
| #define __STDC_WANT_IEC_60559_TYPES_EXT__ 1
| #define __STDC_WANT_LIB_EXT2__ 1
| #define __STDC_WANT_MATH_SPEC_FUNCS__ 1
| #define _TANDEM_SOURCE 1
| #define __EXTENSIONS__ 1
| #define PY_SUPPORT_TIER 1
| #define Py_ENABLE_SHARED 1
| #define STDC_HEADERS 1
| #define HAVE_ALLOCA_H 1
| #define HAVE_ASM_TYPES_H 1
| #define HAVE_DLFCN_H 1
| #define HAVE_ENDIAN_H 1
| #define HAVE_ERRNO_H 1
| #define HAVE_FCNTL_H 1
| #define HAVE_GRP_H 1
| #define HAVE_LANGINFO_H 1
| #define HAVE_LIBINTL_H 1
| #define HAVE_LINUX_AUXVEC_H 1
| #define HAVE_SYS_AUXV_H 1
| #define HAVE_LINUX_FS_H 1
| #define HAVE_LINUX_LIMITS_H 1
| #define HAVE_LINUX_MEMFD_H 1
| #define HAVE_LINUX_RANDOM_H 1
| #define HAVE_LINUX_SOUNDCARD_H 1
| #define HAVE_LINUX_TIPC_H 1
| #define HAVE_LINUX_WAIT_H 1
| #define HAVE_NETDB_H 1
| #define HAVE_NET_ETHERNET_H 1
| #define HAVE_NETINET_IN_H 1
| #define HAVE_NETPACKET_PACKET_H 1
| #define HAVE_POLL_H 1
| #define HAVE_PTHREAD_H 1
| #define HAVE_PTY_H 1
| #define HAVE_SCHED_H 1
| #define HAVE_SETJMP_H 1
| #define HAVE_SHADOW_H 1
| #define HAVE_SIGNAL_H 1
| #define HAVE_SPAWN_H 1
| #define HAVE_SYS_EPOLL_H 1
| #define HAVE_SYS_EVENTFD_H 1
| #define HAVE_SYS_FILE_H 1
| #define HAVE_SYS_IOCTL_H 1
| #define HAVE_SYS_MMAN_H 1
| #define HAVE_SYS_PARAM_H 1
| #define HAVE_SYS_POLL_H 1
| #define HAVE_SYS_RANDOM_H 1
| #define HAVE_SYS_RESOURCE_H 1
| #define HAVE_SYS_SELECT_H 1
| #define HAVE_SYS_SENDFILE_H 1
| #define HAVE_SYS_SOCKET_H 1
| #define HAVE_SYS_SOUNDCARD_H 1
| #define HAVE_SYS_STAT_H 1
| #define HAVE_SYS_STATVFS_H 1
| #define HAVE_SYS_SYSCALL_H 1
| #define HAVE_SYS_SYSMACROS_H 1
| #define HAVE_SYS_TIME_H 1
| #define HAVE_SYS_TIMES_H 1
| #define HAVE_SYS_TIMERFD_H 1
| #define HAVE_SYS_TYPES_H 1
| #define HAVE_SYS_UIO_H 1
| #define HAVE_SYS_UN_H 1
| #define HAVE_SYS_UTSNAME_H 1
| #define HAVE_SYS_WAIT_H 1
| #define HAVE_SYS_XATTR_H 1
| #define HAVE_SYSEXITS_H 1
| #define HAVE_SYSLOG_H 1
| #define HAVE_TERMIOS_H 1
| #define HAVE_UTIME_H 1
| #define HAVE_UTMP_H 1
| #define HAVE_DIRENT_H 1
| #define MAJOR_IN_SYSMACROS 1
| #define HAVE_NET_IF_H 1
| #define HAVE_LINUX_NETLINK_H 1
| #define HAVE_LINUX_QRTR_H 1
| #define HAVE_LINUX_VM_SOCKETS_H 1
| #define HAVE_LINUX_CAN_H 1
| #define HAVE_LINUX_CAN_BCM_H 1
| #define HAVE_LINUX_CAN_J1939_H 1
| #define HAVE_LINUX_CAN_RAW_H 1
| #define HAVE_CLOCK_T 1
| #define HAVE_MAKEDEV 1
| #define HAVE_HTOLE64 1
| #define _LARGEFILE_SOURCE 1
| #define _FILE_OFFSET_BITS 64
| #if defined(SCO_DS)
| #undef _OFF_T
| #endif
| #define RETSIGTYPE void
| #define HAVE_SSIZE_T 1
| #define HAVE___UINT128_T 1
| #define HAVE_GCC_UINT128_T 1
| #define SIZEOF_INT 4
| #define SIZEOF_LONG 8
| #define ALIGNOF_LONG 8
| #define SIZEOF_LONG_LONG 8
| #define SIZEOF_VOID_P 8
| #define SIZEOF_SHORT 2
| #define SIZEOF_FLOAT 4
| #define SIZEOF_DOUBLE 8
| #define SIZEOF_FPOS_T 16
| #define SIZEOF_SIZE_T 8
| #define ALIGNOF_SIZE_T 8
| #define SIZEOF_PID_T 4
| #define SIZEOF_UINTPTR_T 8
| #define ALIGNOF_MAX_ALIGN_T 16
| #define HAVE_LONG_DOUBLE 1
| #define SIZEOF_LONG_DOUBLE 16
| #define SIZEOF__BOOL 1
| #define SIZEOF_OFF_T 8
| #define SIZEOF_TIME_T 8
| #define SIZEOF_PTHREAD_T 8
| #define SIZEOF_PTHREAD_KEY_T 4
| #define PTHREAD_KEY_T_IS_COMPATIBLE_WITH_INT 1
| #define PY_HAVE_PERF_TRAMPOLINE 1
| #define HAVE_LIBDL 1
| #define HAVE_UUID_UUID_H 1
| #define HAVE_UUID_UUID_H 1
| /* end confdefs.h.  */
| /* Define uuid_generate_time to an innocuous variant, in case <limits.h> declares uuid_generate_time.
|    For example, HP-UX 11i <limits.h> declares gettimeofday.  */
| #define uuid_generate_time innocuous_uuid_generate_time
| 
| /* System header to define __stub macros and hopefully few prototypes,
|    which can conflict with char uuid_generate_time (); below.  */
| 
| #include <limits.h>
| #undef uuid_generate_time
| 
| /* Override any GCC internal prototype to avoid an error.
|    Use char because int might match the return type of a GCC
|    builtin and then its argument prototype would still apply.  */
| #ifdef __cplusplus
| extern "C"
| #endif
| char uuid_generate_time ();
| /* The GNU C library defines this for functions which it implements
|     to always fail with ENOSYS.  Some functions are actually named
|     something starting with __ and the normal name is an alias.  */
| #if defined __stub_uuid_generate_time || defined __stub___uuid_generate_time
| choke me
| #endif
| 
| int
| main (void)
| {
| return uuid_generate_time ();
|   ;
|   return 0;
| }
configure:13730: result: no
configure:13755: checking for library containing sem_init
configure:13785: gcc -o conftest    conftest.c -ldl  >&5
configure:13785: $? = 0
configure:13805: result: none required
configure:13816: checking for textdomain in -lintl
configure:13839: gcc -o conftest    conftest.c -lintl  -ldl  >&5
/usr/bin/ld: cannot find -lintl: No such file or directory
collect2: error: ld returned 1 exit status
configure:13839: $? = 1
configure: failed program was:
| /* confdefs.h */
| #define _NETBSD_SOURCE 1
| #define __BSD_VISIBLE 1
| #define _DARWIN_C_SOURCE 1
| #define _PYTHONFRAMEWORK ""
| #define _XOPEN_SOURCE 700
| #define _XOPEN_SOURCE_EXTENDED 1
| #define _POSIX_C_SOURCE 200809L
| #define HAVE_STDIO_H 1
| #define HAVE_STDLIB_H 1
| #define HAVE_STRING_H 1
| #define HAVE_INTTYPES_H 1
| #define HAVE_STDINT_H 1
| #define HAVE_STRINGS_H 1
| #define HAVE_SYS_STAT_H 1
| #define HAVE_SYS_TYPES_H 1
| #define HAVE_UNISTD_H 1
| #define HAVE_WCHAR_H 1
| #define STDC_HEADERS 1
| #define _ALL_SOURCE 1
| #define _DARWIN_C_SOURCE 1
| #define _GNU_SOURCE 1
| #define _HPUX_ALT_XOPEN_SOCKET_API 1
| #define _NETBSD_SOURCE 1
| #define _OPENBSD_SOURCE 1
| #define _POSIX_PTHREAD_SEMANTICS 1
| #define __STDC_WANT_IEC_60559_ATTRIBS_EXT__ 1
| #define __STDC_WANT_IEC_60559_BFP_EXT__ 1
| #define __STDC_WANT_IEC_60559_DFP_EXT__ 1
| #define __STDC_WANT_IEC_60559_FUNCS_EXT__ 1
| #define __STDC_WANT_IEC_60559_TYPES_EXT__ 1
| #define __STDC_WANT_LIB_EXT2__ 1
| #define __STDC_WANT_MATH_SPEC_FUNCS__ 1
| #define _TANDEM_SOURCE 1
| #define __EXTENSIONS__ 1
| #define PY_SUPPORT_TIER 1
| #define Py_ENABLE_SHARED 1
| #define STDC_HEADERS 1
| #define HAVE_ALLOCA_H 1
| #define HAVE_ASM_TYPES_H 1
| #define HAVE_DLFCN_H 1
| #define HAVE_ENDIAN_H 1
| #define HAVE_ERRNO_H 1
| #define HAVE_FCNTL_H 1
| #define HAVE_GRP_H 1
| #define HAVE_LANGINFO_H 1
| #define HAVE_LIBINTL_H 1
| #define HAVE_LINUX_AUXVEC_H 1
| #define HAVE_SYS_AUXV_H 1
| #define HAVE_LINUX_FS_H 1
| #define HAVE_LINUX_LIMITS_H 1
| #define HAVE_LINUX_MEMFD_H 1
| #define HAVE_LINUX_RANDOM_H 1
| #define HAVE_LINUX_SOUNDCARD_H 1
| #define HAVE_LINUX_TIPC_H 1
| #define HAVE_LINUX_WAIT_H 1
| #define HAVE_NETDB_H 1
| #define HAVE_NET_ETHERNET_H 1
| #define HAVE_NETINET_IN_H 1
| #define HAVE_NETPACKET_PACKET_H 1
| #define HAVE_POLL_H 1
| #define HAVE_PTHREAD_H 1
| #define HAVE_PTY_H 1
| #define HAVE_SCHED_H 1
| #define HAVE_SETJMP_H 1
| #define HAVE_SHADOW_H 1
| #define HAVE_SIGNAL_H 1
| #define HAVE_SPAWN_H 1
| #define HAVE_SYS_EPOLL_H 1
| #define HAVE_SYS_EVENTFD_H 1
| #define HAVE_SYS_FILE_H 1
| #define HAVE_SYS_IOCTL_H 1
| #define HAVE_SYS_MMAN_H 1
| #define HAVE_SYS_PARAM_H 1
| #define HAVE_SYS_POLL_H 1
| #define HAVE_SYS_RANDOM_H 1
| #define HAVE_SYS_RESOURCE_H 1
| #define HAVE_SYS_SELECT_H 1
| #define HAVE_SYS_SENDFILE_H 1
| #define HAVE_SYS_SOCKET_H 1
| #define HAVE_SYS_SOUNDCARD_H 1
| #define HAVE_SYS_STAT_H 1
| #define HAVE_SYS_STATVFS_H 1
| #define HAVE_SYS_SYSCALL_H 1
| #define HAVE_SYS_SYSMACROS_H 1
| #define HAVE_SYS_TIME_H 1
| #define HAVE_SYS_TIMES_H 1
| #define HAVE_SYS_TIMERFD_H 1
| #define HAVE_SYS_TYPES_H 1
| #define HAVE_SYS_UIO_H 1
| #define HAVE_SYS_UN_H 1
| #define HAVE_SYS_UTSNAME_H 1
| #define HAVE_SYS_WAIT_H 1
| #define HAVE_SYS_XATTR_H 1
| #define HAVE_SYSEXITS_H 1
| #define HAVE_SYSLOG_H 1
| #define HAVE_TERMIOS_H 1
| #define HAVE_UTIME_H 1
| #define HAVE_UTMP_H 1
| #define HAVE_DIRENT_H 1
| #define MAJOR_IN_SYSMACROS 1
| #define HAVE_NET_IF_H 1
| #define HAVE_LINUX_NETLINK_H 1
| #define HAVE_LINUX_QRTR_H 1
| #define HAVE_LINUX_VM_SOCKETS_H 1
| #define HAVE_LINUX_CAN_H 1
| #define HAVE_LINUX_CAN_BCM_H 1
| #define HAVE_LINUX_CAN_J1939_H 1
| #define HAVE_LINUX_CAN_RAW_H 1
| #define HAVE_CLOCK_T 1
| #define HAVE_MAKEDEV 1
| #define HAVE_HTOLE64 1
| #define _LARGEFILE_SOURCE 1
| #define _FILE_OFFSET_BITS 64
| #if defined(SCO_DS)
| #undef _OFF_T
| #endif
| #define RETSIGTYPE void
| #define HAVE_SSIZE_T 1
| #define HAVE___UINT128_T 1
| #define HAVE_GCC_UINT128_T 1
| #define SIZEOF_INT 4
| #define SIZEOF_LONG 8
| #define ALIGNOF_LONG 8
| #define SIZEOF_LONG_LONG 8
| #define SIZEOF_VOID_P 8
| #define SIZEOF_SHORT 2
| #define SIZEOF_FLOAT 4
| #define SIZEOF_DOUBLE 8
| #define SIZEOF_FPOS_T 16
| #define SIZEOF_SIZE_T 8
| #define ALIGNOF_SIZE_T 8
| #define SIZEOF_PID_T 4
| #define SIZEOF_UINTPTR_T 8
| #define ALIGNOF_MAX_ALIGN_T 16
| #define HAVE_LONG_DOUBLE 1
| #define SIZEOF_LONG_DOUBLE 16
| #define SIZEOF__BOOL 1
| #define SIZEOF_OFF_T 8
| #define SIZEOF_TIME_T 8
| #define SIZEOF_PTHREAD_T 8
| #define SIZEOF_PTHREAD_KEY_T 4
| #define PTHREAD_KEY_T_IS_COMPATIBLE_WITH_INT 1
| #define PY_HAVE_PERF_TRAMPOLINE 1
| #define HAVE_LIBDL 1
| #define HAVE_UUID_UUID_H 1
| #define HAVE_UUID_UUID_H 1
| /* end confdefs.h.  */
| 
| /* Override any GCC internal prototype to avoid an error.
|    Use char because int might match the return type of a GCC
|    builtin and then its argument prototype would still apply.  */
| char textdomain ();
| int
| main (void)
| {
| return textdomain ();
|   ;
|   return 0;
| }
configure:13849: result: no
configure:13910: checking aligned memory access is required
configure:13943: gcc -o conftest    conftest.c -ldl  >&5
configure:13943: $? = 0
configure:13943: ./conftest
configure:13943: $? = 0
configure:13955: result: no
configure:13966: checking for --with-hash-algorithm
configure:13994: result: default
configure:14014: checking for --with-tzpath
configure:14035: result: "/usr/share/zoneinfo:/usr/lib/zoneinfo:/usr/share/lib/zoneinfo:/etc/zoneinfo"
configure:14042: checking for t_open in -lnsl
configure:14065: gcc -o conftest    conftest.c -lnsl  -ldl  >&5
/usr/bin/ld: cannot find -lnsl: No such file or directory
collect2: error: ld returned 1 exit status
configure:14065: $? = 1
configure: failed program was:
| /* confdefs.h */
| #define _NETBSD_SOURCE 1
| #define __BSD_VISIBLE 1
| #define _DARWIN_C_SOURCE 1
| #define _PYTHONFRAMEWORK ""
| #define _XOPEN_SOURCE 700
| #define _XOPEN_SOURCE_EXTENDED 1
| #define _POSIX_C_SOURCE 200809L
| #define HAVE_STDIO_H 1
| #define HAVE_STDLIB_H 1
| #define HAVE_STRING_H 1
| #define HAVE_INTTYPES_H 1
| #define HAVE_STDINT_H 1
| #define HAVE_STRINGS_H 1
| #define HAVE_SYS_STAT_H 1
| #define HAVE_SYS_TYPES_H 1
| #define HAVE_UNISTD_H 1
| #define HAVE_WCHAR_H 1
| #define STDC_HEADERS 1
| #define _ALL_SOURCE 1
| #define _DARWIN_C_SOURCE 1
| #define _GNU_SOURCE 1
| #define _HPUX_ALT_XOPEN_SOCKET_API 1
| #define _NETBSD_SOURCE 1
| #define _OPENBSD_SOURCE 1
| #define _POSIX_PTHREAD_SEMANTICS 1
| #define __STDC_WANT_IEC_60559_ATTRIBS_EXT__ 1
| #define __STDC_WANT_IEC_60559_BFP_EXT__ 1
| #define __STDC_WANT_IEC_60559_DFP_EXT__ 1
| #define __STDC_WANT_IEC_60559_FUNCS_EXT__ 1
| #define __STDC_WANT_IEC_60559_TYPES_EXT__ 1
| #define __STDC_WANT_LIB_EXT2__ 1
| #define __STDC_WANT_MATH_SPEC_FUNCS__ 1
| #define _TANDEM_SOURCE 1
| #define __EXTENSIONS__ 1
| #define PY_SUPPORT_TIER 1
| #define Py_ENABLE_SHARED 1
| #define STDC_HEADERS 1
| #define HAVE_ALLOCA_H 1
| #define HAVE_ASM_TYPES_H 1
| #define HAVE_DLFCN_H 1
| #define HAVE_ENDIAN_H 1
| #define HAVE_ERRNO_H 1
| #define HAVE_FCNTL_H 1
| #define HAVE_GRP_H 1
| #define HAVE_LANGINFO_H 1
| #define HAVE_LIBINTL_H 1
| #define HAVE_LINUX_AUXVEC_H 1
| #define HAVE_SYS_AUXV_H 1
| #define HAVE_LINUX_FS_H 1
| #define HAVE_LINUX_LIMITS_H 1
| #define HAVE_LINUX_MEMFD_H 1
| #define HAVE_LINUX_RANDOM_H 1
| #define HAVE_LINUX_SOUNDCARD_H 1
| #define HAVE_LINUX_TIPC_H 1
| #define HAVE_LINUX_WAIT_H 1
| #define HAVE_NETDB_H 1
| #define HAVE_NET_ETHERNET_H 1
| #define HAVE_NETINET_IN_H 1
| #define HAVE_NETPACKET_PACKET_H 1
| #define HAVE_POLL_H 1
| #define HAVE_PTHREAD_H 1
| #define HAVE_PTY_H 1
| #define HAVE_SCHED_H 1
| #define HAVE_SETJMP_H 1
| #define HAVE_SHADOW_H 1
| #define HAVE_SIGNAL_H 1
| #define HAVE_SPAWN_H 1
| #define HAVE_SYS_EPOLL_H 1
| #define HAVE_SYS_EVENTFD_H 1
| #define HAVE_SYS_FILE_H 1
| #define HAVE_SYS_IOCTL_H 1
| #define HAVE_SYS_MMAN_H 1
| #define HAVE_SYS_PARAM_H 1
| #define HAVE_SYS_POLL_H 1
| #define HAVE_SYS_RANDOM_H 1
| #define HAVE_SYS_RESOURCE_H 1
| #define HAVE_SYS_SELECT_H 1
| #define HAVE_SYS_SENDFILE_H 1
| #define HAVE_SYS_SOCKET_H 1
| #define HAVE_SYS_SOUNDCARD_H 1
| #define HAVE_SYS_STAT_H 1
| #define HAVE_SYS_STATVFS_H 1
| #define HAVE_SYS_SYSCALL_H 1
| #define HAVE_SYS_SYSMACROS_H 1
| #define HAVE_SYS_TIME_H 1
| #define HAVE_SYS_TIMES_H 1
| #define HAVE_SYS_TIMERFD_H 1
| #define HAVE_SYS_TYPES_H 1
| #define HAVE_SYS_UIO_H 1
| #define HAVE_SYS_UN_H 1
| #define HAVE_SYS_UTSNAME_H 1
| #define HAVE_SYS_WAIT_H 1
| #define HAVE_SYS_XATTR_H 1
| #define HAVE_SYSEXITS_H 1
| #define HAVE_SYSLOG_H 1
| #define HAVE_TERMIOS_H 1
| #define HAVE_UTIME_H 1
| #define HAVE_UTMP_H 1
| #define HAVE_DIRENT_H 1
| #define MAJOR_IN_SYSMACROS 1
| #define HAVE_NET_IF_H 1
| #define HAVE_LINUX_NETLINK_H 1
| #define HAVE_LINUX_QRTR_H 1
| #define HAVE_LINUX_VM_SOCKETS_H 1
| #define HAVE_LINUX_CAN_H 1
| #define HAVE_LINUX_CAN_BCM_H 1
| #define HAVE_LINUX_CAN_J1939_H 1
| #define HAVE_LINUX_CAN_RAW_H 1
| #define HAVE_CLOCK_T 1
| #define HAVE_MAKEDEV 1
| #define HAVE_HTOLE64 1
| #define _LARGEFILE_SOURCE 1
| #define _FILE_OFFSET_BITS 64
| #if defined(SCO_DS)
| #undef _OFF_T
| #endif
| #define RETSIGTYPE void
| #define HAVE_SSIZE_T 1
| #define HAVE___UINT128_T 1
| #define HAVE_GCC_UINT128_T 1
| #define SIZEOF_INT 4
| #define SIZEOF_LONG 8
| #define ALIGNOF_LONG 8
| #define SIZEOF_LONG_LONG 8
| #define SIZEOF_VOID_P 8
| #define SIZEOF_SHORT 2
| #define SIZEOF_FLOAT 4
| #define SIZEOF_DOUBLE 8
| #define SIZEOF_FPOS_T 16
| #define SIZEOF_SIZE_T 8
| #define ALIGNOF_SIZE_T 8
| #define SIZEOF_PID_T 4
| #define SIZEOF_UINTPTR_T 8
| #define ALIGNOF_MAX_ALIGN_T 16
| #define HAVE_LONG_DOUBLE 1
| #define SIZEOF_LONG_DOUBLE 16
| #define SIZEOF__BOOL 1
| #define SIZEOF_OFF_T 8
| #define SIZEOF_TIME_T 8
| #define SIZEOF_PTHREAD_T 8
| #define SIZEOF_PTHREAD_KEY_T 4
| #define PTHREAD_KEY_T_IS_COMPATIBLE_WITH_INT 1
| #define PY_HAVE_PERF_TRAMPOLINE 1
| #define HAVE_LIBDL 1
| #define HAVE_UUID_UUID_H 1
| #define HAVE_UUID_UUID_H 1
| /* end confdefs.h.  */
| 
| /* Override any GCC internal prototype to avoid an error.
|    Use char because int might match the return type of a GCC
|    builtin and then its argument prototype would still apply.  */
| char t_open ();
| int
| main (void)
| {
| return t_open ();
|   ;
|   return 0;
| }
configure:14075: result: no
configure:14082: checking for socket in -lsocket
configure:14105: gcc -o conftest    conftest.c -lsocket -ldl  -ldl  >&5
/usr/bin/ld: cannot find -lsocket: No such file or directory
collect2: error: ld returned 1 exit status
configure:14105: $? = 1
configure: failed program was:
| /* confdefs.h */
| #define _NETBSD_SOURCE 1
| #define __BSD_VISIBLE 1
| #define _DARWIN_C_SOURCE 1
| #define _PYTHONFRAMEWORK ""
| #define _XOPEN_SOURCE 700
| #define _XOPEN_SOURCE_EXTENDED 1
| #define _POSIX_C_SOURCE 200809L
| #define HAVE_STDIO_H 1
| #define HAVE_STDLIB_H 1
| #define HAVE_STRING_H 1
| #define HAVE_INTTYPES_H 1
| #define HAVE_STDINT_H 1
| #define HAVE_STRINGS_H 1
| #define HAVE_SYS_STAT_H 1
| #define HAVE_SYS_TYPES_H 1
| #define HAVE_UNISTD_H 1
| #define HAVE_WCHAR_H 1
| #define STDC_HEADERS 1
| #define _ALL_SOURCE 1
| #define _DARWIN_C_SOURCE 1
| #define _GNU_SOURCE 1
| #define _HPUX_ALT_XOPEN_SOCKET_API 1
| #define _NETBSD_SOURCE 1
| #define _OPENBSD_SOURCE 1
| #define _POSIX_PTHREAD_SEMANTICS 1
| #define __STDC_WANT_IEC_60559_ATTRIBS_EXT__ 1
| #define __STDC_WANT_IEC_60559_BFP_EXT__ 1
| #define __STDC_WANT_IEC_60559_DFP_EXT__ 1
| #define __STDC_WANT_IEC_60559_FUNCS_EXT__ 1
| #define __STDC_WANT_IEC_60559_TYPES_EXT__ 1
| #define __STDC_WANT_LIB_EXT2__ 1
| #define __STDC_WANT_MATH_SPEC_FUNCS__ 1
| #define _TANDEM_SOURCE 1
| #define __EXTENSIONS__ 1
| #define PY_SUPPORT_TIER 1
| #define Py_ENABLE_SHARED 1
| #define STDC_HEADERS 1
| #define HAVE_ALLOCA_H 1
| #define HAVE_ASM_TYPES_H 1
| #define HAVE_DLFCN_H 1
| #define HAVE_ENDIAN_H 1
| #define HAVE_ERRNO_H 1
| #define HAVE_FCNTL_H 1
| #define HAVE_GRP_H 1
| #define HAVE_LANGINFO_H 1
| #define HAVE_LIBINTL_H 1
| #define HAVE_LINUX_AUXVEC_H 1
| #define HAVE_SYS_AUXV_H 1
| #define HAVE_LINUX_FS_H 1
| #define HAVE_LINUX_LIMITS_H 1
| #define HAVE_LINUX_MEMFD_H 1
| #define HAVE_LINUX_RANDOM_H 1
| #define HAVE_LINUX_SOUNDCARD_H 1
| #define HAVE_LINUX_TIPC_H 1
| #define HAVE_LINUX_WAIT_H 1
| #define HAVE_NETDB_H 1
| #define HAVE_NET_ETHERNET_H 1
| #define HAVE_NETINET_IN_H 1
| #define HAVE_NETPACKET_PACKET_H 1
| #define HAVE_POLL_H 1
| #define HAVE_PTHREAD_H 1
| #define HAVE_PTY_H 1
| #define HAVE_SCHED_H 1
| #define HAVE_SETJMP_H 1
| #define HAVE_SHADOW_H 1
| #define HAVE_SIGNAL_H 1
| #define HAVE_SPAWN_H 1
| #define HAVE_SYS_EPOLL_H 1
| #define HAVE_SYS_EVENTFD_H 1
| #define HAVE_SYS_FILE_H 1
| #define HAVE_SYS_IOCTL_H 1
| #define HAVE_SYS_MMAN_H 1
| #define HAVE_SYS_PARAM_H 1
| #define HAVE_SYS_POLL_H 1
| #define HAVE_SYS_RANDOM_H 1
| #define HAVE_SYS_RESOURCE_H 1
| #define HAVE_SYS_SELECT_H 1
| #define HAVE_SYS_SENDFILE_H 1
| #define HAVE_SYS_SOCKET_H 1
| #define HAVE_SYS_SOUNDCARD_H 1
| #define HAVE_SYS_STAT_H 1
| #define HAVE_SYS_STATVFS_H 1
| #define HAVE_SYS_SYSCALL_H 1
| #define HAVE_SYS_SYSMACROS_H 1
| #define HAVE_SYS_TIME_H 1
| #define HAVE_SYS_TIMES_H 1
| #define HAVE_SYS_TIMERFD_H 1
| #define HAVE_SYS_TYPES_H 1
| #define HAVE_SYS_UIO_H 1
| #define HAVE_SYS_UN_H 1
| #define HAVE_SYS_UTSNAME_H 1
| #define HAVE_SYS_WAIT_H 1
| #define HAVE_SYS_XATTR_H 1
| #define HAVE_SYSEXITS_H 1
| #define HAVE_SYSLOG_H 1
| #define HAVE_TERMIOS_H 1
| #define HAVE_UTIME_H 1
| #define HAVE_UTMP_H 1
| #define HAVE_DIRENT_H 1
| #define MAJOR_IN_SYSMACROS 1
| #define HAVE_NET_IF_H 1
| #define HAVE_LINUX_NETLINK_H 1
| #define HAVE_LINUX_QRTR_H 1
| #define HAVE_LINUX_VM_SOCKETS_H 1
| #define HAVE_LINUX_CAN_H 1
| #define HAVE_LINUX_CAN_BCM_H 1
| #define HAVE_LINUX_CAN_J1939_H 1
| #define HAVE_LINUX_CAN_RAW_H 1
| #define HAVE_CLOCK_T 1
| #define HAVE_MAKEDEV 1
| #define HAVE_HTOLE64 1
| #define _LARGEFILE_SOURCE 1
| #define _FILE_OFFSET_BITS 64
| #if defined(SCO_DS)
| #undef _OFF_T
| #endif
| #define RETSIGTYPE void
| #define HAVE_SSIZE_T 1
| #define HAVE___UINT128_T 1
| #define HAVE_GCC_UINT128_T 1
| #define SIZEOF_INT 4
| #define SIZEOF_LONG 8
| #define ALIGNOF_LONG 8
| #define SIZEOF_LONG_LONG 8
| #define SIZEOF_VOID_P 8
| #define SIZEOF_SHORT 2
| #define SIZEOF_FLOAT 4
| #define SIZEOF_DOUBLE 8
| #define SIZEOF_FPOS_T 16
| #define SIZEOF_SIZE_T 8
| #define ALIGNOF_SIZE_T 8
| #define SIZEOF_PID_T 4
| #define SIZEOF_UINTPTR_T 8
| #define ALIGNOF_MAX_ALIGN_T 16
| #define HAVE_LONG_DOUBLE 1
| #define SIZEOF_LONG_DOUBLE 16
| #define SIZEOF__BOOL 1
| #define SIZEOF_OFF_T 8
| #define SIZEOF_TIME_T 8
| #define SIZEOF_PTHREAD_T 8
| #define SIZEOF_PTHREAD_KEY_T 4
| #define PTHREAD_KEY_T_IS_COMPATIBLE_WITH_INT 1
| #define PY_HAVE_PERF_TRAMPOLINE 1
| #define HAVE_LIBDL 1
| #define HAVE_UUID_UUID_H 1
| #define HAVE_UUID_UUID_H 1
| /* end confdefs.h.  */
| 
| /* Override any GCC internal prototype to avoid an error.
|    Use char because int might match the return type of a GCC
|    builtin and then its argument prototype would still apply.  */
| char socket ();
| int
| main (void)
| {
| return socket ();
|   ;
|   return 0;
| }
configure:14115: result: no
configure:14168: checking for --with-libs
configure:14180: result: no
configure:14186: checking for --with-system-expat
configure:14198: result: no
configure:14295: checking for libffi
configure:14423: result: no
configure:14434: checking for ffi.h
configure:14434: gcc -c    conftest.c >&5
configure:14434: $? = 0
configure:14434: result: yes
configure:14438: checking for ffi_call in -lffi
configure:14461: gcc -o conftest      conftest.c -lffi  -ldl  >&5
configure:14461: $? = 0
configure:14471: result: yes
configure:14549: checking for ffi_prep_cif_var
configure:14566: gcc -c    conftest.c >&5
configure:14566: $? = 0
configure:14575: result: yes
configure:14588: checking for ffi_prep_closure_loc
configure:14605: gcc -c    conftest.c >&5
configure:14605: $? = 0
configure:14614: result: yes
configure:14627: checking for ffi_closure_alloc
configure:14644: gcc -c    conftest.c >&5
configure:14644: $? = 0
configure:14653: result: yes
configure:14675: checking for --with-system-libmpdec
configure:14686: result: yes
configure:14695: checking for libmpdec >= 2.5.0
configure:14756: result: no
configure:14804: gcc -o conftest     conftest.c -lmpdec -lm -ldl  >&5
conftest.c:154:18: fatal error: mpdecimal.h: No such file or directory
  154 |         #include <mpdecimal.h>
      |                  ^~~~~~~~~~~~~
compilation terminated.
configure:14804: $? = 1
configure: failed program was:
| /* confdefs.h */
| #define _NETBSD_SOURCE 1
| #define __BSD_VISIBLE 1
| #define _DARWIN_C_SOURCE 1
| #define _PYTHONFRAMEWORK ""
| #define _XOPEN_SOURCE 700
| #define _XOPEN_SOURCE_EXTENDED 1
| #define _POSIX_C_SOURCE 200809L
| #define HAVE_STDIO_H 1
| #define HAVE_STDLIB_H 1
| #define HAVE_STRING_H 1
| #define HAVE_INTTYPES_H 1
| #define HAVE_STDINT_H 1
| #define HAVE_STRINGS_H 1
| #define HAVE_SYS_STAT_H 1
| #define HAVE_SYS_TYPES_H 1
| #define HAVE_UNISTD_H 1
| #define HAVE_WCHAR_H 1
| #define STDC_HEADERS 1
| #define _ALL_SOURCE 1
| #define _DARWIN_C_SOURCE 1
| #define _GNU_SOURCE 1
| #define _HPUX_ALT_XOPEN_SOCKET_API 1
| #define _NETBSD_SOURCE 1
| #define _OPENBSD_SOURCE 1
| #define _POSIX_PTHREAD_SEMANTICS 1
| #define __STDC_WANT_IEC_60559_ATTRIBS_EXT__ 1
| #define __STDC_WANT_IEC_60559_BFP_EXT__ 1
| #define __STDC_WANT_IEC_60559_DFP_EXT__ 1
| #define __STDC_WANT_IEC_60559_FUNCS_EXT__ 1
| #define __STDC_WANT_IEC_60559_TYPES_EXT__ 1
| #define __STDC_WANT_LIB_EXT2__ 1
| #define __STDC_WANT_MATH_SPEC_FUNCS__ 1
| #define _TANDEM_SOURCE 1
| #define __EXTENSIONS__ 1
| #define PY_SUPPORT_TIER 1
| #define Py_ENABLE_SHARED 1
| #define STDC_HEADERS 1
| #define HAVE_ALLOCA_H 1
| #define HAVE_ASM_TYPES_H 1
| #define HAVE_DLFCN_H 1
| #define HAVE_ENDIAN_H 1
| #define HAVE_ERRNO_H 1
| #define HAVE_FCNTL_H 1
| #define HAVE_GRP_H 1
| #define HAVE_LANGINFO_H 1
| #define HAVE_LIBINTL_H 1
| #define HAVE_LINUX_AUXVEC_H 1
| #define HAVE_SYS_AUXV_H 1
| #define HAVE_LINUX_FS_H 1
| #define HAVE_LINUX_LIMITS_H 1
| #define HAVE_LINUX_MEMFD_H 1
| #define HAVE_LINUX_RANDOM_H 1
| #define HAVE_LINUX_SOUNDCARD_H 1
| #define HAVE_LINUX_TIPC_H 1
| #define HAVE_LINUX_WAIT_H 1
| #define HAVE_NETDB_H 1
| #define HAVE_NET_ETHERNET_H 1
| #define HAVE_NETINET_IN_H 1
| #define HAVE_NETPACKET_PACKET_H 1
| #define HAVE_POLL_H 1
| #define HAVE_PTHREAD_H 1
| #define HAVE_PTY_H 1
| #define HAVE_SCHED_H 1
| #define HAVE_SETJMP_H 1
| #define HAVE_SHADOW_H 1
| #define HAVE_SIGNAL_H 1
| #define HAVE_SPAWN_H 1
| #define HAVE_SYS_EPOLL_H 1
| #define HAVE_SYS_EVENTFD_H 1
| #define HAVE_SYS_FILE_H 1
| #define HAVE_SYS_IOCTL_H 1
| #define HAVE_SYS_MMAN_H 1
| #define HAVE_SYS_PARAM_H 1
| #define HAVE_SYS_POLL_H 1
| #define HAVE_SYS_RANDOM_H 1
| #define HAVE_SYS_RESOURCE_H 1
| #define HAVE_SYS_SELECT_H 1
| #define HAVE_SYS_SENDFILE_H 1
| #define HAVE_SYS_SOCKET_H 1
| #define HAVE_SYS_SOUNDCARD_H 1
| #define HAVE_SYS_STAT_H 1
| #define HAVE_SYS_STATVFS_H 1
| #define HAVE_SYS_SYSCALL_H 1
| #define HAVE_SYS_SYSMACROS_H 1
| #define HAVE_SYS_TIME_H 1
| #define HAVE_SYS_TIMES_H 1
| #define HAVE_SYS_TIMERFD_H 1
| #define HAVE_SYS_TYPES_H 1
| #define HAVE_SYS_UIO_H 1
| #define HAVE_SYS_UN_H 1
| #define HAVE_SYS_UTSNAME_H 1
| #define HAVE_SYS_WAIT_H 1
| #define HAVE_SYS_XATTR_H 1
| #define HAVE_SYSEXITS_H 1
| #define HAVE_SYSLOG_H 1
| #define HAVE_TERMIOS_H 1
| #define HAVE_UTIME_H 1
| #define HAVE_UTMP_H 1
| #define HAVE_DIRENT_H 1
| #define MAJOR_IN_SYSMACROS 1
| #define HAVE_NET_IF_H 1
| #define HAVE_LINUX_NETLINK_H 1
| #define HAVE_LINUX_QRTR_H 1
| #define HAVE_LINUX_VM_SOCKETS_H 1
| #define HAVE_LINUX_CAN_H 1
| #define HAVE_LINUX_CAN_BCM_H 1
| #define HAVE_LINUX_CAN_J1939_H 1
| #define HAVE_LINUX_CAN_RAW_H 1
| #define HAVE_CLOCK_T 1
| #define HAVE_MAKEDEV 1
| #define HAVE_HTOLE64 1
| #define _LARGEFILE_SOURCE 1
| #define _FILE_OFFSET_BITS 64
| #if defined(SCO_DS)
| #undef _OFF_T
| #endif
| #define RETSIGTYPE void
| #define HAVE_SSIZE_T 1
| #define HAVE___UINT128_T 1
| #define HAVE_GCC_UINT128_T 1
| #define SIZEOF_INT 4
| #define SIZEOF_LONG 8
| #define ALIGNOF_LONG 8
| #define SIZEOF_LONG_LONG 8
| #define SIZEOF_VOID_P 8
| #define SIZEOF_SHORT 2
| #define SIZEOF_FLOAT 4
| #define SIZEOF_DOUBLE 8
| #define SIZEOF_FPOS_T 16
| #define SIZEOF_SIZE_T 8
| #define ALIGNOF_SIZE_T 8
| #define SIZEOF_PID_T 4
| #define SIZEOF_UINTPTR_T 8
| #define ALIGNOF_MAX_ALIGN_T 16
| #define HAVE_LONG_DOUBLE 1
| #define SIZEOF_LONG_DOUBLE 16
| #define SIZEOF__BOOL 1
| #define SIZEOF_OFF_T 8
| #define SIZEOF_TIME_T 8
| #define SIZEOF_PTHREAD_T 8
| #define SIZEOF_PTHREAD_KEY_T 4
| #define PTHREAD_KEY_T_IS_COMPATIBLE_WITH_INT 1
| #define PY_HAVE_PERF_TRAMPOLINE 1
| #define HAVE_LIBDL 1
| #define HAVE_UUID_UUID_H 1
| #define HAVE_UUID_UUID_H 1
| #define HAVE_FFI_PREP_CIF_VAR 1
| #define HAVE_FFI_PREP_CLOSURE_LOC 1
| #define HAVE_FFI_CLOSURE_ALLOC 1
| /* end confdefs.h.  */
| 
| 
|         #include <mpdecimal.h>
|         #if MPD_VERSION_HEX < 0x02050000
|         #  error "mpdecimal 2.5.0 or higher required"
|         #endif
| 
| int
| main (void)
| {
| const char *x = mpd_version();
|   ;
|   return 0;
| }
configure:14826: WARNING: no system libmpdecimal found; falling back to bundled libmpdecimal (deprecated and scheduled for removal in Python 3.15)
configure:14842: checking for --with-decimal-contextvar
configure:14861: result: yes
configure:14867: checking for decimal libmpdec machine
configure:14907: result: uint128
configure:14964: checking for sqlite3 >= 3.15.2
configure:15027: result: no
configure:15054: checking for sqlite3.h
configure:15054: gcc -c    -I$(srcdir)/Modules/_sqlite conftest.c >&5
conftest.c:181:10: fatal error: sqlite3.h: No such file or directory
  181 | #include <sqlite3.h>
      |          ^~~~~~~~~~~
compilation terminated.
configure:15054: $? = 1
configure: failed program was:
| /* confdefs.h */
| #define _NETBSD_SOURCE 1
| #define __BSD_VISIBLE 1
| #define _DARWIN_C_SOURCE 1
| #define _PYTHONFRAMEWORK ""
| #define _XOPEN_SOURCE 700
| #define _XOPEN_SOURCE_EXTENDED 1
| #define _POSIX_C_SOURCE 200809L
| #define HAVE_STDIO_H 1
| #define HAVE_STDLIB_H 1
| #define HAVE_STRING_H 1
| #define HAVE_INTTYPES_H 1
| #define HAVE_STDINT_H 1
| #define HAVE_STRINGS_H 1
| #define HAVE_SYS_STAT_H 1
| #define HAVE_SYS_TYPES_H 1
| #define HAVE_UNISTD_H 1
| #define HAVE_WCHAR_H 1
| #define STDC_HEADERS 1
| #define _ALL_SOURCE 1
| #define _DARWIN_C_SOURCE 1
| #define _GNU_SOURCE 1
| #define _HPUX_ALT_XOPEN_SOCKET_API 1
| #define _NETBSD_SOURCE 1
| #define _OPENBSD_SOURCE 1
| #define _POSIX_PTHREAD_SEMANTICS 1
| #define __STDC_WANT_IEC_60559_ATTRIBS_EXT__ 1
| #define __STDC_WANT_IEC_60559_BFP_EXT__ 1
| #define __STDC_WANT_IEC_60559_DFP_EXT__ 1
| #define __STDC_WANT_IEC_60559_FUNCS_EXT__ 1
| #define __STDC_WANT_IEC_60559_TYPES_EXT__ 1
| #define __STDC_WANT_LIB_EXT2__ 1
| #define __STDC_WANT_MATH_SPEC_FUNCS__ 1
| #define _TANDEM_SOURCE 1
| #define __EXTENSIONS__ 1
| #define PY_SUPPORT_TIER 1
| #define Py_ENABLE_SHARED 1
| #define STDC_HEADERS 1
| #define HAVE_ALLOCA_H 1
| #define HAVE_ASM_TYPES_H 1
| #define HAVE_DLFCN_H 1
| #define HAVE_ENDIAN_H 1
| #define HAVE_ERRNO_H 1
| #define HAVE_FCNTL_H 1
| #define HAVE_GRP_H 1
| #define HAVE_LANGINFO_H 1
| #define HAVE_LIBINTL_H 1
| #define HAVE_LINUX_AUXVEC_H 1
| #define HAVE_SYS_AUXV_H 1
| #define HAVE_LINUX_FS_H 1
| #define HAVE_LINUX_LIMITS_H 1
| #define HAVE_LINUX_MEMFD_H 1
| #define HAVE_LINUX_RANDOM_H 1
| #define HAVE_LINUX_SOUNDCARD_H 1
| #define HAVE_LINUX_TIPC_H 1
| #define HAVE_LINUX_WAIT_H 1
| #define HAVE_NETDB_H 1
| #define HAVE_NET_ETHERNET_H 1
| #define HAVE_NETINET_IN_H 1
| #define HAVE_NETPACKET_PACKET_H 1
| #define HAVE_POLL_H 1
| #define HAVE_PTHREAD_H 1
| #define HAVE_PTY_H 1
| #define HAVE_SCHED_H 1
| #define HAVE_SETJMP_H 1
| #define HAVE_SHADOW_H 1
| #define HAVE_SIGNAL_H 1
| #define HAVE_SPAWN_H 1
| #define HAVE_SYS_EPOLL_H 1
| #define HAVE_SYS_EVENTFD_H 1
| #define HAVE_SYS_FILE_H 1
| #define HAVE_SYS_IOCTL_H 1
| #define HAVE_SYS_MMAN_H 1
| #define HAVE_SYS_PARAM_H 1
| #define HAVE_SYS_POLL_H 1
| #define HAVE_SYS_RANDOM_H 1
| #define HAVE_SYS_RESOURCE_H 1
| #define HAVE_SYS_SELECT_H 1
| #define HAVE_SYS_SENDFILE_H 1
| #define HAVE_SYS_SOCKET_H 1
| #define HAVE_SYS_SOUNDCARD_H 1
| #define HAVE_SYS_STAT_H 1
| #define HAVE_SYS_STATVFS_H 1
| #define HAVE_SYS_SYSCALL_H 1
| #define HAVE_SYS_SYSMACROS_H 1
| #define HAVE_SYS_TIME_H 1
| #define HAVE_SYS_TIMES_H 1
| #define HAVE_SYS_TIMERFD_H 1
| #define HAVE_SYS_TYPES_H 1
| #define HAVE_SYS_UIO_H 1
| #define HAVE_SYS_UN_H 1
| #define HAVE_SYS_UTSNAME_H 1
| #define HAVE_SYS_WAIT_H 1
| #define HAVE_SYS_XATTR_H 1
| #define HAVE_SYSEXITS_H 1
| #define HAVE_SYSLOG_H 1
| #define HAVE_TERMIOS_H 1
| #define HAVE_UTIME_H 1
| #define HAVE_UTMP_H 1
| #define HAVE_DIRENT_H 1
| #define MAJOR_IN_SYSMACROS 1
| #define HAVE_NET_IF_H 1
| #define HAVE_LINUX_NETLINK_H 1
| #define HAVE_LINUX_QRTR_H 1
| #define HAVE_LINUX_VM_SOCKETS_H 1
| #define HAVE_LINUX_CAN_H 1
| #define HAVE_LINUX_CAN_BCM_H 1
| #define HAVE_LINUX_CAN_J1939_H 1
| #define HAVE_LINUX_CAN_RAW_H 1
| #define HAVE_CLOCK_T 1
| #define HAVE_MAKEDEV 1
| #define HAVE_HTOLE64 1
| #define _LARGEFILE_SOURCE 1
| #define _FILE_OFFSET_BITS 64
| #if defined(SCO_DS)
| #undef _OFF_T
| #endif
| #define RETSIGTYPE void
| #define HAVE_SSIZE_T 1
| #define HAVE___UINT128_T 1
| #define HAVE_GCC_UINT128_T 1
| #define SIZEOF_INT 4
| #define SIZEOF_LONG 8
| #define ALIGNOF_LONG 8
| #define SIZEOF_LONG_LONG 8
| #define SIZEOF_VOID_P 8
| #define SIZEOF_SHORT 2
| #define SIZEOF_FLOAT 4
| #define SIZEOF_DOUBLE 8
| #define SIZEOF_FPOS_T 16
| #define SIZEOF_SIZE_T 8
| #define ALIGNOF_SIZE_T 8
| #define SIZEOF_PID_T 4
| #define SIZEOF_UINTPTR_T 8
| #define ALIGNOF_MAX_ALIGN_T 16
| #define HAVE_LONG_DOUBLE 1
| #define SIZEOF_LONG_DOUBLE 16
| #define SIZEOF__BOOL 1
| #define SIZEOF_OFF_T 8
| #define SIZEOF_TIME_T 8
| #define SIZEOF_PTHREAD_T 8
| #define SIZEOF_PTHREAD_KEY_T 4
| #define PTHREAD_KEY_T_IS_COMPATIBLE_WITH_INT 1
| #define PY_HAVE_PERF_TRAMPOLINE 1
| #define HAVE_LIBDL 1
| #define HAVE_UUID_UUID_H 1
| #define HAVE_UUID_UUID_H 1
| #define HAVE_FFI_PREP_CIF_VAR 1
| #define HAVE_FFI_PREP_CLOSURE_LOC 1
| #define HAVE_FFI_CLOSURE_ALLOC 1
| #define WITH_DECIMAL_CONTEXTVAR 1
| /* end confdefs.h.  */
| #include <stddef.h>
| #ifdef HAVE_STDIO_H
| # include <stdio.h>
| #endif
| #ifdef HAVE_STDLIB_H
| # include <stdlib.h>
| #endif
| #ifdef HAVE_STRING_H
| # include <string.h>
| #endif
| #ifdef HAVE_INTTYPES_H
| # include <inttypes.h>
| #endif
| #ifdef HAVE_STDINT_H
| # include <stdint.h>
| #endif
| #ifdef HAVE_STRINGS_H
| # include <strings.h>
| #endif
| #ifdef HAVE_SYS_TYPES_H
| # include <sys/types.h>
| #endif
| #ifdef HAVE_SYS_STAT_H
| # include <sys/stat.h>
| #endif
| #ifdef HAVE_UNISTD_H
| # include <unistd.h>
| #endif
| #include <sqlite3.h>
configure:15054: result: no
configure:15678: checking for --enable-loadable-sqlite-extensions
configure:15704: result: no
configure:15968: gcc -o conftest     conftest.c   >&5
conftest.c:155:16: fatal error: tcl.h: No such file or directory
  155 |       #include <tcl.h>
      |                ^~~~~~~
compilation terminated.
configure:15968: $? = 1
configure: failed program was:
| /* confdefs.h */
| #define _NETBSD_SOURCE 1
| #define __BSD_VISIBLE 1
| #define _DARWIN_C_SOURCE 1
| #define _PYTHONFRAMEWORK ""
| #define _XOPEN_SOURCE 700
| #define _XOPEN_SOURCE_EXTENDED 1
| #define _POSIX_C_SOURCE 200809L
| #define HAVE_STDIO_H 1
| #define HAVE_STDLIB_H 1
| #define HAVE_STRING_H 1
| #define HAVE_INTTYPES_H 1
| #define HAVE_STDINT_H 1
| #define HAVE_STRINGS_H 1
| #define HAVE_SYS_STAT_H 1
| #define HAVE_SYS_TYPES_H 1
| #define HAVE_UNISTD_H 1
| #define HAVE_WCHAR_H 1
| #define STDC_HEADERS 1
| #define _ALL_SOURCE 1
| #define _DARWIN_C_SOURCE 1
| #define _GNU_SOURCE 1
| #define _HPUX_ALT_XOPEN_SOCKET_API 1
| #define _NETBSD_SOURCE 1
| #define _OPENBSD_SOURCE 1
| #define _POSIX_PTHREAD_SEMANTICS 1
| #define __STDC_WANT_IEC_60559_ATTRIBS_EXT__ 1
| #define __STDC_WANT_IEC_60559_BFP_EXT__ 1
| #define __STDC_WANT_IEC_60559_DFP_EXT__ 1
| #define __STDC_WANT_IEC_60559_FUNCS_EXT__ 1
| #define __STDC_WANT_IEC_60559_TYPES_EXT__ 1
| #define __STDC_WANT_LIB_EXT2__ 1
| #define __STDC_WANT_MATH_SPEC_FUNCS__ 1
| #define _TANDEM_SOURCE 1
| #define __EXTENSIONS__ 1
| #define PY_SUPPORT_TIER 1
| #define Py_ENABLE_SHARED 1
| #define STDC_HEADERS 1
| #define HAVE_ALLOCA_H 1
| #define HAVE_ASM_TYPES_H 1
| #define HAVE_DLFCN_H 1
| #define HAVE_ENDIAN_H 1
| #define HAVE_ERRNO_H 1
| #define HAVE_FCNTL_H 1
| #define HAVE_GRP_H 1
| #define HAVE_LANGINFO_H 1
| #define HAVE_LIBINTL_H 1
| #define HAVE_LINUX_AUXVEC_H 1
| #define HAVE_SYS_AUXV_H 1
| #define HAVE_LINUX_FS_H 1
| #define HAVE_LINUX_LIMITS_H 1
| #define HAVE_LINUX_MEMFD_H 1
| #define HAVE_LINUX_RANDOM_H 1
| #define HAVE_LINUX_SOUNDCARD_H 1
| #define HAVE_LINUX_TIPC_H 1
| #define HAVE_LINUX_WAIT_H 1
| #define HAVE_NETDB_H 1
| #define HAVE_NET_ETHERNET_H 1
| #define HAVE_NETINET_IN_H 1
| #define HAVE_NETPACKET_PACKET_H 1
| #define HAVE_POLL_H 1
| #define HAVE_PTHREAD_H 1
| #define HAVE_PTY_H 1
| #define HAVE_SCHED_H 1
| #define HAVE_SETJMP_H 1
| #define HAVE_SHADOW_H 1
| #define HAVE_SIGNAL_H 1
| #define HAVE_SPAWN_H 1
| #define HAVE_SYS_EPOLL_H 1
| #define HAVE_SYS_EVENTFD_H 1
| #define HAVE_SYS_FILE_H 1
| #define HAVE_SYS_IOCTL_H 1
| #define HAVE_SYS_MMAN_H 1
| #define HAVE_SYS_PARAM_H 1
| #define HAVE_SYS_POLL_H 1
| #define HAVE_SYS_RANDOM_H 1
| #define HAVE_SYS_RESOURCE_H 1
| #define HAVE_SYS_SELECT_H 1
| #define HAVE_SYS_SENDFILE_H 1
| #define HAVE_SYS_SOCKET_H 1
| #define HAVE_SYS_SOUNDCARD_H 1
| #define HAVE_SYS_STAT_H 1
| #define HAVE_SYS_STATVFS_H 1
| #define HAVE_SYS_SYSCALL_H 1
| #define HAVE_SYS_SYSMACROS_H 1
| #define HAVE_SYS_TIME_H 1
| #define HAVE_SYS_TIMES_H 1
| #define HAVE_SYS_TIMERFD_H 1
| #define HAVE_SYS_TYPES_H 1
| #define HAVE_SYS_UIO_H 1
| #define HAVE_SYS_UN_H 1
| #define HAVE_SYS_UTSNAME_H 1
| #define HAVE_SYS_WAIT_H 1
| #define HAVE_SYS_XATTR_H 1
| #define HAVE_SYSEXITS_H 1
| #define HAVE_SYSLOG_H 1
| #define HAVE_TERMIOS_H 1
| #define HAVE_UTIME_H 1
| #define HAVE_UTMP_H 1
| #define HAVE_DIRENT_H 1
| #define MAJOR_IN_SYSMACROS 1
| #define HAVE_NET_IF_H 1
| #define HAVE_LINUX_NETLINK_H 1
| #define HAVE_LINUX_QRTR_H 1
| #define HAVE_LINUX_VM_SOCKETS_H 1
| #define HAVE_LINUX_CAN_H 1
| #define HAVE_LINUX_CAN_BCM_H 1
| #define HAVE_LINUX_CAN_J1939_H 1
| #define HAVE_LINUX_CAN_RAW_H 1
| #define HAVE_CLOCK_T 1
| #define HAVE_MAKEDEV 1
| #define HAVE_HTOLE64 1
| #define _LARGEFILE_SOURCE 1
| #define _FILE_OFFSET_BITS 64
| #if defined(SCO_DS)
| #undef _OFF_T
| #endif
| #define RETSIGTYPE void
| #define HAVE_SSIZE_T 1
| #define HAVE___UINT128_T 1
| #define HAVE_GCC_UINT128_T 1
| #define SIZEOF_INT 4
| #define SIZEOF_LONG 8
| #define ALIGNOF_LONG 8
| #define SIZEOF_LONG_LONG 8
| #define SIZEOF_VOID_P 8
| #define SIZEOF_SHORT 2
| #define SIZEOF_FLOAT 4
| #define SIZEOF_DOUBLE 8
| #define SIZEOF_FPOS_T 16
| #define SIZEOF_SIZE_T 8
| #define ALIGNOF_SIZE_T 8
| #define SIZEOF_PID_T 4
| #define SIZEOF_UINTPTR_T 8
| #define ALIGNOF_MAX_ALIGN_T 16
| #define HAVE_LONG_DOUBLE 1
| #define SIZEOF_LONG_DOUBLE 16
| #define SIZEOF__BOOL 1
| #define SIZEOF_OFF_T 8
| #define SIZEOF_TIME_T 8
| #define SIZEOF_PTHREAD_T 8
| #define SIZEOF_PTHREAD_KEY_T 4
| #define PTHREAD_KEY_T_IS_COMPATIBLE_WITH_INT 1
| #define PY_HAVE_PERF_TRAMPOLINE 1
| #define HAVE_LIBDL 1
| #define HAVE_UUID_UUID_H 1
| #define HAVE_UUID_UUID_H 1
| #define HAVE_FFI_PREP_CIF_VAR 1
| #define HAVE_FFI_PREP_CLOSURE_LOC 1
| #define HAVE_FFI_CLOSURE_ALLOC 1
| #define WITH_DECIMAL_CONTEXTVAR 1
| /* end confdefs.h.  */
| 
| 
|       #include <tcl.h>
|       #include <tk.h>
|       #if defined(TK_HEX_VERSION)
|       #  if TK_HEX_VERSION < 0x0805020c
|       #    error "Tk older than 8.5.12 not supported"
|       #  endif
|       #endif
|       #if (TCL_MAJOR_VERSION < 8) ||           ((TCL_MAJOR_VERSION == 8) && (TCL_MINOR_VERSION < 5)) ||           ((TCL_MAJOR_VERSION == 8) && (TCL_MINOR_VERSION == 5) && (TCL_RELEASE_SERIAL < 12))
|       #  error "Tcl older than 8.5.12 not supported"
|       #endif
|       #if (TK_MAJOR_VERSION < 8) ||           ((TK_MAJOR_VERSION == 8) && (TK_MINOR_VERSION < 5)) ||           ((TK_MAJOR_VERSION == 8) && (TK_MINOR_VERSION == 5) && (TK_RELEASE_SERIAL < 12))
|       #  error "Tk older than 8.5.12 not supported"
|       #endif
| 
| int
| main (void)
| {
| 
|       void *x1 = Tcl_Init;
|       void *x2 = Tk_Init;
| 
|   ;
|   return 0;
| }
| 
configure:16001: checking for gdbm.h
configure:16001: gcc -c    conftest.c >&5
conftest.c:181:10: fatal error: gdbm.h: No such file or directory
  181 | #include <gdbm.h>
      |          ^~~~~~~~
compilation terminated.
configure:16001: $? = 1
configure: failed program was:
| /* confdefs.h */
| #define _NETBSD_SOURCE 1
| #define __BSD_VISIBLE 1
| #define _DARWIN_C_SOURCE 1
| #define _PYTHONFRAMEWORK ""
| #define _XOPEN_SOURCE 700
| #define _XOPEN_SOURCE_EXTENDED 1
| #define _POSIX_C_SOURCE 200809L
| #define HAVE_STDIO_H 1
| #define HAVE_STDLIB_H 1
| #define HAVE_STRING_H 1
| #define HAVE_INTTYPES_H 1
| #define HAVE_STDINT_H 1
| #define HAVE_STRINGS_H 1
| #define HAVE_SYS_STAT_H 1
| #define HAVE_SYS_TYPES_H 1
| #define HAVE_UNISTD_H 1
| #define HAVE_WCHAR_H 1
| #define STDC_HEADERS 1
| #define _ALL_SOURCE 1
| #define _DARWIN_C_SOURCE 1
| #define _GNU_SOURCE 1
| #define _HPUX_ALT_XOPEN_SOCKET_API 1
| #define _NETBSD_SOURCE 1
| #define _OPENBSD_SOURCE 1
| #define _POSIX_PTHREAD_SEMANTICS 1
| #define __STDC_WANT_IEC_60559_ATTRIBS_EXT__ 1
| #define __STDC_WANT_IEC_60559_BFP_EXT__ 1
| #define __STDC_WANT_IEC_60559_DFP_EXT__ 1
| #define __STDC_WANT_IEC_60559_FUNCS_EXT__ 1
| #define __STDC_WANT_IEC_60559_TYPES_EXT__ 1
| #define __STDC_WANT_LIB_EXT2__ 1
| #define __STDC_WANT_MATH_SPEC_FUNCS__ 1
| #define _TANDEM_SOURCE 1
| #define __EXTENSIONS__ 1
| #define PY_SUPPORT_TIER 1
| #define Py_ENABLE_SHARED 1
| #define STDC_HEADERS 1
| #define HAVE_ALLOCA_H 1
| #define HAVE_ASM_TYPES_H 1
| #define HAVE_DLFCN_H 1
| #define HAVE_ENDIAN_H 1
| #define HAVE_ERRNO_H 1
| #define HAVE_FCNTL_H 1
| #define HAVE_GRP_H 1
| #define HAVE_LANGINFO_H 1
| #define HAVE_LIBINTL_H 1
| #define HAVE_LINUX_AUXVEC_H 1
| #define HAVE_SYS_AUXV_H 1
| #define HAVE_LINUX_FS_H 1
| #define HAVE_LINUX_LIMITS_H 1
| #define HAVE_LINUX_MEMFD_H 1
| #define HAVE_LINUX_RANDOM_H 1
| #define HAVE_LINUX_SOUNDCARD_H 1
| #define HAVE_LINUX_TIPC_H 1
| #define HAVE_LINUX_WAIT_H 1
| #define HAVE_NETDB_H 1
| #define HAVE_NET_ETHERNET_H 1
| #define HAVE_NETINET_IN_H 1
| #define HAVE_NETPACKET_PACKET_H 1
| #define HAVE_POLL_H 1
| #define HAVE_PTHREAD_H 1
| #define HAVE_PTY_H 1
| #define HAVE_SCHED_H 1
| #define HAVE_SETJMP_H 1
| #define HAVE_SHADOW_H 1
| #define HAVE_SIGNAL_H 1
| #define HAVE_SPAWN_H 1
| #define HAVE_SYS_EPOLL_H 1
| #define HAVE_SYS_EVENTFD_H 1
| #define HAVE_SYS_FILE_H 1
| #define HAVE_SYS_IOCTL_H 1
| #define HAVE_SYS_MMAN_H 1
| #define HAVE_SYS_PARAM_H 1
| #define HAVE_SYS_POLL_H 1
| #define HAVE_SYS_RANDOM_H 1
| #define HAVE_SYS_RESOURCE_H 1
| #define HAVE_SYS_SELECT_H 1
| #define HAVE_SYS_SENDFILE_H 1
| #define HAVE_SYS_SOCKET_H 1
| #define HAVE_SYS_SOUNDCARD_H 1
| #define HAVE_SYS_STAT_H 1
| #define HAVE_SYS_STATVFS_H 1
| #define HAVE_SYS_SYSCALL_H 1
| #define HAVE_SYS_SYSMACROS_H 1
| #define HAVE_SYS_TIME_H 1
| #define HAVE_SYS_TIMES_H 1
| #define HAVE_SYS_TIMERFD_H 1
| #define HAVE_SYS_TYPES_H 1
| #define HAVE_SYS_UIO_H 1
| #define HAVE_SYS_UN_H 1
| #define HAVE_SYS_UTSNAME_H 1
| #define HAVE_SYS_WAIT_H 1
| #define HAVE_SYS_XATTR_H 1
| #define HAVE_SYSEXITS_H 1
| #define HAVE_SYSLOG_H 1
| #define HAVE_TERMIOS_H 1
| #define HAVE_UTIME_H 1
| #define HAVE_UTMP_H 1
| #define HAVE_DIRENT_H 1
| #define MAJOR_IN_SYSMACROS 1
| #define HAVE_NET_IF_H 1
| #define HAVE_LINUX_NETLINK_H 1
| #define HAVE_LINUX_QRTR_H 1
| #define HAVE_LINUX_VM_SOCKETS_H 1
| #define HAVE_LINUX_CAN_H 1
| #define HAVE_LINUX_CAN_BCM_H 1
| #define HAVE_LINUX_CAN_J1939_H 1
| #define HAVE_LINUX_CAN_RAW_H 1
| #define HAVE_CLOCK_T 1
| #define HAVE_MAKEDEV 1
| #define HAVE_HTOLE64 1
| #define _LARGEFILE_SOURCE 1
| #define _FILE_OFFSET_BITS 64
| #if defined(SCO_DS)
| #undef _OFF_T
| #endif
| #define RETSIGTYPE void
| #define HAVE_SSIZE_T 1
| #define HAVE___UINT128_T 1
| #define HAVE_GCC_UINT128_T 1
| #define SIZEOF_INT 4
| #define SIZEOF_LONG 8
| #define ALIGNOF_LONG 8
| #define SIZEOF_LONG_LONG 8
| #define SIZEOF_VOID_P 8
| #define SIZEOF_SHORT 2
| #define SIZEOF_FLOAT 4
| #define SIZEOF_DOUBLE 8
| #define SIZEOF_FPOS_T 16
| #define SIZEOF_SIZE_T 8
| #define ALIGNOF_SIZE_T 8
| #define SIZEOF_PID_T 4
| #define SIZEOF_UINTPTR_T 8
| #define ALIGNOF_MAX_ALIGN_T 16
| #define HAVE_LONG_DOUBLE 1
| #define SIZEOF_LONG_DOUBLE 16
| #define SIZEOF__BOOL 1
| #define SIZEOF_OFF_T 8
| #define SIZEOF_TIME_T 8
| #define SIZEOF_PTHREAD_T 8
| #define SIZEOF_PTHREAD_KEY_T 4
| #define PTHREAD_KEY_T_IS_COMPATIBLE_WITH_INT 1
| #define PY_HAVE_PERF_TRAMPOLINE 1
| #define HAVE_LIBDL 1
| #define HAVE_UUID_UUID_H 1
| #define HAVE_UUID_UUID_H 1
| #define HAVE_FFI_PREP_CIF_VAR 1
| #define HAVE_FFI_PREP_CLOSURE_LOC 1
| #define HAVE_FFI_CLOSURE_ALLOC 1
| #define WITH_DECIMAL_CONTEXTVAR 1
| /* end confdefs.h.  */
| #include <stddef.h>
| #ifdef HAVE_STDIO_H
| # include <stdio.h>
| #endif
| #ifdef HAVE_STDLIB_H
| # include <stdlib.h>
| #endif
| #ifdef HAVE_STRING_H
| # include <string.h>
| #endif
| #ifdef HAVE_INTTYPES_H
| # include <inttypes.h>
| #endif
| #ifdef HAVE_STDINT_H
| # include <stdint.h>
| #endif
| #ifdef HAVE_STRINGS_H
| # include <strings.h>
| #endif
| #ifdef HAVE_SYS_TYPES_H
| # include <sys/types.h>
| #endif
| #ifdef HAVE_SYS_STAT_H
| # include <sys/stat.h>
| #endif
| #ifdef HAVE_UNISTD_H
| # include <unistd.h>
| #endif
| #include <gdbm.h>
configure:16001: result: no
configure:16067: checking for ndbm.h
configure:16067: gcc -c   conftest.c >&5
conftest.c:181:10: fatal error: ndbm.h: No such file or directory
  181 | #include <ndbm.h>
      |          ^~~~~~~~
compilation terminated.
configure:16067: $? = 1
configure: failed program was:
| /* confdefs.h */
| #define _NETBSD_SOURCE 1
| #define __BSD_VISIBLE 1
| #define _DARWIN_C_SOURCE 1
| #define _PYTHONFRAMEWORK ""
| #define _XOPEN_SOURCE 700
| #define _XOPEN_SOURCE_EXTENDED 1
| #define _POSIX_C_SOURCE 200809L
| #define HAVE_STDIO_H 1
| #define HAVE_STDLIB_H 1
| #define HAVE_STRING_H 1
| #define HAVE_INTTYPES_H 1
| #define HAVE_STDINT_H 1
| #define HAVE_STRINGS_H 1
| #define HAVE_SYS_STAT_H 1
| #define HAVE_SYS_TYPES_H 1
| #define HAVE_UNISTD_H 1
| #define HAVE_WCHAR_H 1
| #define STDC_HEADERS 1
| #define _ALL_SOURCE 1
| #define _DARWIN_C_SOURCE 1
| #define _GNU_SOURCE 1
| #define _HPUX_ALT_XOPEN_SOCKET_API 1
| #define _NETBSD_SOURCE 1
| #define _OPENBSD_SOURCE 1
| #define _POSIX_PTHREAD_SEMANTICS 1
| #define __STDC_WANT_IEC_60559_ATTRIBS_EXT__ 1
| #define __STDC_WANT_IEC_60559_BFP_EXT__ 1
| #define __STDC_WANT_IEC_60559_DFP_EXT__ 1
| #define __STDC_WANT_IEC_60559_FUNCS_EXT__ 1
| #define __STDC_WANT_IEC_60559_TYPES_EXT__ 1
| #define __STDC_WANT_LIB_EXT2__ 1
| #define __STDC_WANT_MATH_SPEC_FUNCS__ 1
| #define _TANDEM_SOURCE 1
| #define __EXTENSIONS__ 1
| #define PY_SUPPORT_TIER 1
| #define Py_ENABLE_SHARED 1
| #define STDC_HEADERS 1
| #define HAVE_ALLOCA_H 1
| #define HAVE_ASM_TYPES_H 1
| #define HAVE_DLFCN_H 1
| #define HAVE_ENDIAN_H 1
| #define HAVE_ERRNO_H 1
| #define HAVE_FCNTL_H 1
| #define HAVE_GRP_H 1
| #define HAVE_LANGINFO_H 1
| #define HAVE_LIBINTL_H 1
| #define HAVE_LINUX_AUXVEC_H 1
| #define HAVE_SYS_AUXV_H 1
| #define HAVE_LINUX_FS_H 1
| #define HAVE_LINUX_LIMITS_H 1
| #define HAVE_LINUX_MEMFD_H 1
| #define HAVE_LINUX_RANDOM_H 1
| #define HAVE_LINUX_SOUNDCARD_H 1
| #define HAVE_LINUX_TIPC_H 1
| #define HAVE_LINUX_WAIT_H 1
| #define HAVE_NETDB_H 1
| #define HAVE_NET_ETHERNET_H 1
| #define HAVE_NETINET_IN_H 1
| #define HAVE_NETPACKET_PACKET_H 1
| #define HAVE_POLL_H 1
| #define HAVE_PTHREAD_H 1
| #define HAVE_PTY_H 1
| #define HAVE_SCHED_H 1
| #define HAVE_SETJMP_H 1
| #define HAVE_SHADOW_H 1
| #define HAVE_SIGNAL_H 1
| #define HAVE_SPAWN_H 1
| #define HAVE_SYS_EPOLL_H 1
| #define HAVE_SYS_EVENTFD_H 1
| #define HAVE_SYS_FILE_H 1
| #define HAVE_SYS_IOCTL_H 1
| #define HAVE_SYS_MMAN_H 1
| #define HAVE_SYS_PARAM_H 1
| #define HAVE_SYS_POLL_H 1
| #define HAVE_SYS_RANDOM_H 1
| #define HAVE_SYS_RESOURCE_H 1
| #define HAVE_SYS_SELECT_H 1
| #define HAVE_SYS_SENDFILE_H 1
| #define HAVE_SYS_SOCKET_H 1
| #define HAVE_SYS_SOUNDCARD_H 1
| #define HAVE_SYS_STAT_H 1
| #define HAVE_SYS_STATVFS_H 1
| #define HAVE_SYS_SYSCALL_H 1
| #define HAVE_SYS_SYSMACROS_H 1
| #define HAVE_SYS_TIME_H 1
| #define HAVE_SYS_TIMES_H 1
| #define HAVE_SYS_TIMERFD_H 1
| #define HAVE_SYS_TYPES_H 1
| #define HAVE_SYS_UIO_H 1
| #define HAVE_SYS_UN_H 1
| #define HAVE_SYS_UTSNAME_H 1
| #define HAVE_SYS_WAIT_H 1
| #define HAVE_SYS_XATTR_H 1
| #define HAVE_SYSEXITS_H 1
| #define HAVE_SYSLOG_H 1
| #define HAVE_TERMIOS_H 1
| #define HAVE_UTIME_H 1
| #define HAVE_UTMP_H 1
| #define HAVE_DIRENT_H 1
| #define MAJOR_IN_SYSMACROS 1
| #define HAVE_NET_IF_H 1
| #define HAVE_LINUX_NETLINK_H 1
| #define HAVE_LINUX_QRTR_H 1
| #define HAVE_LINUX_VM_SOCKETS_H 1
| #define HAVE_LINUX_CAN_H 1
| #define HAVE_LINUX_CAN_BCM_H 1
| #define HAVE_LINUX_CAN_J1939_H 1
| #define HAVE_LINUX_CAN_RAW_H 1
| #define HAVE_CLOCK_T 1
| #define HAVE_MAKEDEV 1
| #define HAVE_HTOLE64 1
| #define _LARGEFILE_SOURCE 1
| #define _FILE_OFFSET_BITS 64
| #if defined(SCO_DS)
| #undef _OFF_T
| #endif
| #define RETSIGTYPE void
| #define HAVE_SSIZE_T 1
| #define HAVE___UINT128_T 1
| #define HAVE_GCC_UINT128_T 1
| #define SIZEOF_INT 4
| #define SIZEOF_LONG 8
| #define ALIGNOF_LONG 8
| #define SIZEOF_LONG_LONG 8
| #define SIZEOF_VOID_P 8
| #define SIZEOF_SHORT 2
| #define SIZEOF_FLOAT 4
| #define SIZEOF_DOUBLE 8
| #define SIZEOF_FPOS_T 16
| #define SIZEOF_SIZE_T 8
| #define ALIGNOF_SIZE_T 8
| #define SIZEOF_PID_T 4
| #define SIZEOF_UINTPTR_T 8
| #define ALIGNOF_MAX_ALIGN_T 16
| #define HAVE_LONG_DOUBLE 1
| #define SIZEOF_LONG_DOUBLE 16
| #define SIZEOF__BOOL 1
| #define SIZEOF_OFF_T 8
| #define SIZEOF_TIME_T 8
| #define SIZEOF_PTHREAD_T 8
| #define SIZEOF_PTHREAD_KEY_T 4
| #define PTHREAD_KEY_T_IS_COMPATIBLE_WITH_INT 1
| #define PY_HAVE_PERF_TRAMPOLINE 1
| #define HAVE_LIBDL 1
| #define HAVE_UUID_UUID_H 1
| #define HAVE_UUID_UUID_H 1
| #define HAVE_FFI_PREP_CIF_VAR 1
| #define HAVE_FFI_PREP_CLOSURE_LOC 1
| #define HAVE_FFI_CLOSURE_ALLOC 1
| #define WITH_DECIMAL_CONTEXTVAR 1
| /* end confdefs.h.  */
| #include <stddef.h>
| #ifdef HAVE_STDIO_H
| # include <stdio.h>
| #endif
| #ifdef HAVE_STDLIB_H
| # include <stdlib.h>
| #endif
| #ifdef HAVE_STRING_H
| # include <string.h>
| #endif
| #ifdef HAVE_INTTYPES_H
| # include <inttypes.h>
| #endif
| #ifdef HAVE_STDINT_H
| # include <stdint.h>
| #endif
| #ifdef HAVE_STRINGS_H
| # include <strings.h>
| #endif
| #ifdef HAVE_SYS_TYPES_H
| # include <sys/types.h>
| #endif
| #ifdef HAVE_SYS_STAT_H
| # include <sys/stat.h>
| #endif
| #ifdef HAVE_UNISTD_H
| # include <unistd.h>
| #endif
| #include <ndbm.h>
configure:16067: result: no
configure:16149: checking for ndbm presence and linker args
configure:16168: result:  ()
configure:16177: checking for gdbm/ndbm.h
configure:16177: gcc -c   conftest.c >&5
conftest.c:181:10: fatal error: gdbm/ndbm.h: No such file or directory
  181 | #include <gdbm/ndbm.h>
      |          ^~~~~~~~~~~~~
compilation terminated.
configure:16177: $? = 1
configure: failed program was:
| /* confdefs.h */
| #define _NETBSD_SOURCE 1
| #define __BSD_VISIBLE 1
| #define _DARWIN_C_SOURCE 1
| #define _PYTHONFRAMEWORK ""
| #define _XOPEN_SOURCE 700
| #define _XOPEN_SOURCE_EXTENDED 1
| #define _POSIX_C_SOURCE 200809L
| #define HAVE_STDIO_H 1
| #define HAVE_STDLIB_H 1
| #define HAVE_STRING_H 1
| #define HAVE_INTTYPES_H 1
| #define HAVE_STDINT_H 1
| #define HAVE_STRINGS_H 1
| #define HAVE_SYS_STAT_H 1
| #define HAVE_SYS_TYPES_H 1
| #define HAVE_UNISTD_H 1
| #define HAVE_WCHAR_H 1
| #define STDC_HEADERS 1
| #define _ALL_SOURCE 1
| #define _DARWIN_C_SOURCE 1
| #define _GNU_SOURCE 1
| #define _HPUX_ALT_XOPEN_SOCKET_API 1
| #define _NETBSD_SOURCE 1
| #define _OPENBSD_SOURCE 1
| #define _POSIX_PTHREAD_SEMANTICS 1
| #define __STDC_WANT_IEC_60559_ATTRIBS_EXT__ 1
| #define __STDC_WANT_IEC_60559_BFP_EXT__ 1
| #define __STDC_WANT_IEC_60559_DFP_EXT__ 1
| #define __STDC_WANT_IEC_60559_FUNCS_EXT__ 1
| #define __STDC_WANT_IEC_60559_TYPES_EXT__ 1
| #define __STDC_WANT_LIB_EXT2__ 1
| #define __STDC_WANT_MATH_SPEC_FUNCS__ 1
| #define _TANDEM_SOURCE 1
| #define __EXTENSIONS__ 1
| #define PY_SUPPORT_TIER 1
| #define Py_ENABLE_SHARED 1
| #define STDC_HEADERS 1
| #define HAVE_ALLOCA_H 1
| #define HAVE_ASM_TYPES_H 1
| #define HAVE_DLFCN_H 1
| #define HAVE_ENDIAN_H 1
| #define HAVE_ERRNO_H 1
| #define HAVE_FCNTL_H 1
| #define HAVE_GRP_H 1
| #define HAVE_LANGINFO_H 1
| #define HAVE_LIBINTL_H 1
| #define HAVE_LINUX_AUXVEC_H 1
| #define HAVE_SYS_AUXV_H 1
| #define HAVE_LINUX_FS_H 1
| #define HAVE_LINUX_LIMITS_H 1
| #define HAVE_LINUX_MEMFD_H 1
| #define HAVE_LINUX_RANDOM_H 1
| #define HAVE_LINUX_SOUNDCARD_H 1
| #define HAVE_LINUX_TIPC_H 1
| #define HAVE_LINUX_WAIT_H 1
| #define HAVE_NETDB_H 1
| #define HAVE_NET_ETHERNET_H 1
| #define HAVE_NETINET_IN_H 1
| #define HAVE_NETPACKET_PACKET_H 1
| #define HAVE_POLL_H 1
| #define HAVE_PTHREAD_H 1
| #define HAVE_PTY_H 1
| #define HAVE_SCHED_H 1
| #define HAVE_SETJMP_H 1
| #define HAVE_SHADOW_H 1
| #define HAVE_SIGNAL_H 1
| #define HAVE_SPAWN_H 1
| #define HAVE_SYS_EPOLL_H 1
| #define HAVE_SYS_EVENTFD_H 1
| #define HAVE_SYS_FILE_H 1
| #define HAVE_SYS_IOCTL_H 1
| #define HAVE_SYS_MMAN_H 1
| #define HAVE_SYS_PARAM_H 1
| #define HAVE_SYS_POLL_H 1
| #define HAVE_SYS_RANDOM_H 1
| #define HAVE_SYS_RESOURCE_H 1
| #define HAVE_SYS_SELECT_H 1
| #define HAVE_SYS_SENDFILE_H 1
| #define HAVE_SYS_SOCKET_H 1
| #define HAVE_SYS_SOUNDCARD_H 1
| #define HAVE_SYS_STAT_H 1
| #define HAVE_SYS_STATVFS_H 1
| #define HAVE_SYS_SYSCALL_H 1
| #define HAVE_SYS_SYSMACROS_H 1
| #define HAVE_SYS_TIME_H 1
| #define HAVE_SYS_TIMES_H 1
| #define HAVE_SYS_TIMERFD_H 1
| #define HAVE_SYS_TYPES_H 1
| #define HAVE_SYS_UIO_H 1
| #define HAVE_SYS_UN_H 1
| #define HAVE_SYS_UTSNAME_H 1
| #define HAVE_SYS_WAIT_H 1
| #define HAVE_SYS_XATTR_H 1
| #define HAVE_SYSEXITS_H 1
| #define HAVE_SYSLOG_H 1
| #define HAVE_TERMIOS_H 1
| #define HAVE_UTIME_H 1
| #define HAVE_UTMP_H 1
| #define HAVE_DIRENT_H 1
| #define MAJOR_IN_SYSMACROS 1
| #define HAVE_NET_IF_H 1
| #define HAVE_LINUX_NETLINK_H 1
| #define HAVE_LINUX_QRTR_H 1
| #define HAVE_LINUX_VM_SOCKETS_H 1
| #define HAVE_LINUX_CAN_H 1
| #define HAVE_LINUX_CAN_BCM_H 1
| #define HAVE_LINUX_CAN_J1939_H 1
| #define HAVE_LINUX_CAN_RAW_H 1
| #define HAVE_CLOCK_T 1
| #define HAVE_MAKEDEV 1
| #define HAVE_HTOLE64 1
| #define _LARGEFILE_SOURCE 1
| #define _FILE_OFFSET_BITS 64
| #if defined(SCO_DS)
| #undef _OFF_T
| #endif
| #define RETSIGTYPE void
| #define HAVE_SSIZE_T 1
| #define HAVE___UINT128_T 1
| #define HAVE_GCC_UINT128_T 1
| #define SIZEOF_INT 4
| #define SIZEOF_LONG 8
| #define ALIGNOF_LONG 8
| #define SIZEOF_LONG_LONG 8
| #define SIZEOF_VOID_P 8
| #define SIZEOF_SHORT 2
| #define SIZEOF_FLOAT 4
| #define SIZEOF_DOUBLE 8
| #define SIZEOF_FPOS_T 16
| #define SIZEOF_SIZE_T 8
| #define ALIGNOF_SIZE_T 8
| #define SIZEOF_PID_T 4
| #define SIZEOF_UINTPTR_T 8
| #define ALIGNOF_MAX_ALIGN_T 16
| #define HAVE_LONG_DOUBLE 1
| #define SIZEOF_LONG_DOUBLE 16
| #define SIZEOF__BOOL 1
| #define SIZEOF_OFF_T 8
| #define SIZEOF_TIME_T 8
| #define SIZEOF_PTHREAD_T 8
| #define SIZEOF_PTHREAD_KEY_T 4
| #define PTHREAD_KEY_T_IS_COMPATIBLE_WITH_INT 1
| #define PY_HAVE_PERF_TRAMPOLINE 1
| #define HAVE_LIBDL 1
| #define HAVE_UUID_UUID_H 1
| #define HAVE_UUID_UUID_H 1
| #define HAVE_FFI_PREP_CIF_VAR 1
| #define HAVE_FFI_PREP_CLOSURE_LOC 1
| #define HAVE_FFI_CLOSURE_ALLOC 1
| #define WITH_DECIMAL_CONTEXTVAR 1
| /* end confdefs.h.  */
| #include <stddef.h>
| #ifdef HAVE_STDIO_H
| # include <stdio.h>
| #endif
| #ifdef HAVE_STDLIB_H
| # include <stdlib.h>
| #endif
| #ifdef HAVE_STRING_H
| # include <string.h>
| #endif
| #ifdef HAVE_INTTYPES_H
| # include <inttypes.h>
| #endif
| #ifdef HAVE_STDINT_H
| # include <stdint.h>
| #endif
| #ifdef HAVE_STRINGS_H
| # include <strings.h>
| #endif
| #ifdef HAVE_SYS_TYPES_H
| # include <sys/types.h>
| #endif
| #ifdef HAVE_SYS_STAT_H
| # include <sys/stat.h>
| #endif
| #ifdef HAVE_UNISTD_H
| # include <unistd.h>
| #endif
| #include <gdbm/ndbm.h>
configure:16177: result: no
configure:16204: checking for gdbm-ndbm.h
configure:16204: gcc -c   conftest.c >&5
conftest.c:181:10: fatal error: gdbm-ndbm.h: No such file or directory
  181 | #include <gdbm-ndbm.h>
      |          ^~~~~~~~~~~~~
compilation terminated.
configure:16204: $? = 1
configure: failed program was:
| /* confdefs.h */
| #define _NETBSD_SOURCE 1
| #define __BSD_VISIBLE 1
| #define _DARWIN_C_SOURCE 1
| #define _PYTHONFRAMEWORK ""
| #define _XOPEN_SOURCE 700
| #define _XOPEN_SOURCE_EXTENDED 1
| #define _POSIX_C_SOURCE 200809L
| #define HAVE_STDIO_H 1
| #define HAVE_STDLIB_H 1
| #define HAVE_STRING_H 1
| #define HAVE_INTTYPES_H 1
| #define HAVE_STDINT_H 1
| #define HAVE_STRINGS_H 1
| #define HAVE_SYS_STAT_H 1
| #define HAVE_SYS_TYPES_H 1
| #define HAVE_UNISTD_H 1
| #define HAVE_WCHAR_H 1
| #define STDC_HEADERS 1
| #define _ALL_SOURCE 1
| #define _DARWIN_C_SOURCE 1
| #define _GNU_SOURCE 1
| #define _HPUX_ALT_XOPEN_SOCKET_API 1
| #define _NETBSD_SOURCE 1
| #define _OPENBSD_SOURCE 1
| #define _POSIX_PTHREAD_SEMANTICS 1
| #define __STDC_WANT_IEC_60559_ATTRIBS_EXT__ 1
| #define __STDC_WANT_IEC_60559_BFP_EXT__ 1
| #define __STDC_WANT_IEC_60559_DFP_EXT__ 1
| #define __STDC_WANT_IEC_60559_FUNCS_EXT__ 1
| #define __STDC_WANT_IEC_60559_TYPES_EXT__ 1
| #define __STDC_WANT_LIB_EXT2__ 1
| #define __STDC_WANT_MATH_SPEC_FUNCS__ 1
| #define _TANDEM_SOURCE 1
| #define __EXTENSIONS__ 1
| #define PY_SUPPORT_TIER 1
| #define Py_ENABLE_SHARED 1
| #define STDC_HEADERS 1
| #define HAVE_ALLOCA_H 1
| #define HAVE_ASM_TYPES_H 1
| #define HAVE_DLFCN_H 1
| #define HAVE_ENDIAN_H 1
| #define HAVE_ERRNO_H 1
| #define HAVE_FCNTL_H 1
| #define HAVE_GRP_H 1
| #define HAVE_LANGINFO_H 1
| #define HAVE_LIBINTL_H 1
| #define HAVE_LINUX_AUXVEC_H 1
| #define HAVE_SYS_AUXV_H 1
| #define HAVE_LINUX_FS_H 1
| #define HAVE_LINUX_LIMITS_H 1
| #define HAVE_LINUX_MEMFD_H 1
| #define HAVE_LINUX_RANDOM_H 1
| #define HAVE_LINUX_SOUNDCARD_H 1
| #define HAVE_LINUX_TIPC_H 1
| #define HAVE_LINUX_WAIT_H 1
| #define HAVE_NETDB_H 1
| #define HAVE_NET_ETHERNET_H 1
| #define HAVE_NETINET_IN_H 1
| #define HAVE_NETPACKET_PACKET_H 1
| #define HAVE_POLL_H 1
| #define HAVE_PTHREAD_H 1
| #define HAVE_PTY_H 1
| #define HAVE_SCHED_H 1
| #define HAVE_SETJMP_H 1
| #define HAVE_SHADOW_H 1
| #define HAVE_SIGNAL_H 1
| #define HAVE_SPAWN_H 1
| #define HAVE_SYS_EPOLL_H 1
| #define HAVE_SYS_EVENTFD_H 1
| #define HAVE_SYS_FILE_H 1
| #define HAVE_SYS_IOCTL_H 1
| #define HAVE_SYS_MMAN_H 1
| #define HAVE_SYS_PARAM_H 1
| #define HAVE_SYS_POLL_H 1
| #define HAVE_SYS_RANDOM_H 1
| #define HAVE_SYS_RESOURCE_H 1
| #define HAVE_SYS_SELECT_H 1
| #define HAVE_SYS_SENDFILE_H 1
| #define HAVE_SYS_SOCKET_H 1
| #define HAVE_SYS_SOUNDCARD_H 1
| #define HAVE_SYS_STAT_H 1
| #define HAVE_SYS_STATVFS_H 1
| #define HAVE_SYS_SYSCALL_H 1
| #define HAVE_SYS_SYSMACROS_H 1
| #define HAVE_SYS_TIME_H 1
| #define HAVE_SYS_TIMES_H 1
| #define HAVE_SYS_TIMERFD_H 1
| #define HAVE_SYS_TYPES_H 1
| #define HAVE_SYS_UIO_H 1
| #define HAVE_SYS_UN_H 1
| #define HAVE_SYS_UTSNAME_H 1
| #define HAVE_SYS_WAIT_H 1
| #define HAVE_SYS_XATTR_H 1
| #define HAVE_SYSEXITS_H 1
| #define HAVE_SYSLOG_H 1
| #define HAVE_TERMIOS_H 1
| #define HAVE_UTIME_H 1
| #define HAVE_UTMP_H 1
| #define HAVE_DIRENT_H 1
| #define MAJOR_IN_SYSMACROS 1
| #define HAVE_NET_IF_H 1
| #define HAVE_LINUX_NETLINK_H 1
| #define HAVE_LINUX_QRTR_H 1
| #define HAVE_LINUX_VM_SOCKETS_H 1
| #define HAVE_LINUX_CAN_H 1
| #define HAVE_LINUX_CAN_BCM_H 1
| #define HAVE_LINUX_CAN_J1939_H 1
| #define HAVE_LINUX_CAN_RAW_H 1
| #define HAVE_CLOCK_T 1
| #define HAVE_MAKEDEV 1
| #define HAVE_HTOLE64 1
| #define _LARGEFILE_SOURCE 1
| #define _FILE_OFFSET_BITS 64
| #if defined(SCO_DS)
| #undef _OFF_T
| #endif
| #define RETSIGTYPE void
| #define HAVE_SSIZE_T 1
| #define HAVE___UINT128_T 1
| #define HAVE_GCC_UINT128_T 1
| #define SIZEOF_INT 4
| #define SIZEOF_LONG 8
| #define ALIGNOF_LONG 8
| #define SIZEOF_LONG_LONG 8
| #define SIZEOF_VOID_P 8
| #define SIZEOF_SHORT 2
| #define SIZEOF_FLOAT 4
| #define SIZEOF_DOUBLE 8
| #define SIZEOF_FPOS_T 16
| #define SIZEOF_SIZE_T 8
| #define ALIGNOF_SIZE_T 8
| #define SIZEOF_PID_T 4
| #define SIZEOF_UINTPTR_T 8
| #define ALIGNOF_MAX_ALIGN_T 16
| #define HAVE_LONG_DOUBLE 1
| #define SIZEOF_LONG_DOUBLE 16
| #define SIZEOF__BOOL 1
| #define SIZEOF_OFF_T 8
| #define SIZEOF_TIME_T 8
| #define SIZEOF_PTHREAD_T 8
| #define SIZEOF_PTHREAD_KEY_T 4
| #define PTHREAD_KEY_T_IS_COMPATIBLE_WITH_INT 1
| #define PY_HAVE_PERF_TRAMPOLINE 1
| #define HAVE_LIBDL 1
| #define HAVE_UUID_UUID_H 1
| #define HAVE_UUID_UUID_H 1
| #define HAVE_FFI_PREP_CIF_VAR 1
| #define HAVE_FFI_PREP_CLOSURE_LOC 1
| #define HAVE_FFI_CLOSURE_ALLOC 1
| #define WITH_DECIMAL_CONTEXTVAR 1
| /* end confdefs.h.  */
| #include <stddef.h>
| #ifdef HAVE_STDIO_H
| # include <stdio.h>
| #endif
| #ifdef HAVE_STDLIB_H
| # include <stdlib.h>
| #endif
| #ifdef HAVE_STRING_H
| # include <string.h>
| #endif
| #ifdef HAVE_INTTYPES_H
| # include <inttypes.h>
| #endif
| #ifdef HAVE_STDINT_H
| # include <stdint.h>
| #endif
| #ifdef HAVE_STRINGS_H
| # include <strings.h>
| #endif
| #ifdef HAVE_SYS_TYPES_H
| # include <sys/types.h>
| #endif
| #ifdef HAVE_SYS_STAT_H
| # include <sys/stat.h>
| #endif
| #ifdef HAVE_UNISTD_H
| # include <unistd.h>
| #endif
| #include <gdbm-ndbm.h>
configure:16204: result: no
configure:16308: checking for db.h
configure:16308: gcc -c   conftest.c >&5
conftest.c:181:10: fatal error: db.h: No such file or directory
  181 | #include <db.h>
      |          ^~~~~~
compilation terminated.
configure:16308: $? = 1
configure: failed program was:
| /* confdefs.h */
| #define _NETBSD_SOURCE 1
| #define __BSD_VISIBLE 1
| #define _DARWIN_C_SOURCE 1
| #define _PYTHONFRAMEWORK ""
| #define _XOPEN_SOURCE 700
| #define _XOPEN_SOURCE_EXTENDED 1
| #define _POSIX_C_SOURCE 200809L
| #define HAVE_STDIO_H 1
| #define HAVE_STDLIB_H 1
| #define HAVE_STRING_H 1
| #define HAVE_INTTYPES_H 1
| #define HAVE_STDINT_H 1
| #define HAVE_STRINGS_H 1
| #define HAVE_SYS_STAT_H 1
| #define HAVE_SYS_TYPES_H 1
| #define HAVE_UNISTD_H 1
| #define HAVE_WCHAR_H 1
| #define STDC_HEADERS 1
| #define _ALL_SOURCE 1
| #define _DARWIN_C_SOURCE 1
| #define _GNU_SOURCE 1
| #define _HPUX_ALT_XOPEN_SOCKET_API 1
| #define _NETBSD_SOURCE 1
| #define _OPENBSD_SOURCE 1
| #define _POSIX_PTHREAD_SEMANTICS 1
| #define __STDC_WANT_IEC_60559_ATTRIBS_EXT__ 1
| #define __STDC_WANT_IEC_60559_BFP_EXT__ 1
| #define __STDC_WANT_IEC_60559_DFP_EXT__ 1
| #define __STDC_WANT_IEC_60559_FUNCS_EXT__ 1
| #define __STDC_WANT_IEC_60559_TYPES_EXT__ 1
| #define __STDC_WANT_LIB_EXT2__ 1
| #define __STDC_WANT_MATH_SPEC_FUNCS__ 1
| #define _TANDEM_SOURCE 1
| #define __EXTENSIONS__ 1
| #define PY_SUPPORT_TIER 1
| #define Py_ENABLE_SHARED 1
| #define STDC_HEADERS 1
| #define HAVE_ALLOCA_H 1
| #define HAVE_ASM_TYPES_H 1
| #define HAVE_DLFCN_H 1
| #define HAVE_ENDIAN_H 1
| #define HAVE_ERRNO_H 1
| #define HAVE_FCNTL_H 1
| #define HAVE_GRP_H 1
| #define HAVE_LANGINFO_H 1
| #define HAVE_LIBINTL_H 1
| #define HAVE_LINUX_AUXVEC_H 1
| #define HAVE_SYS_AUXV_H 1
| #define HAVE_LINUX_FS_H 1
| #define HAVE_LINUX_LIMITS_H 1
| #define HAVE_LINUX_MEMFD_H 1
| #define HAVE_LINUX_RANDOM_H 1
| #define HAVE_LINUX_SOUNDCARD_H 1
| #define HAVE_LINUX_TIPC_H 1
| #define HAVE_LINUX_WAIT_H 1
| #define HAVE_NETDB_H 1
| #define HAVE_NET_ETHERNET_H 1
| #define HAVE_NETINET_IN_H 1
| #define HAVE_NETPACKET_PACKET_H 1
| #define HAVE_POLL_H 1
| #define HAVE_PTHREAD_H 1
| #define HAVE_PTY_H 1
| #define HAVE_SCHED_H 1
| #define HAVE_SETJMP_H 1
| #define HAVE_SHADOW_H 1
| #define HAVE_SIGNAL_H 1
| #define HAVE_SPAWN_H 1
| #define HAVE_SYS_EPOLL_H 1
| #define HAVE_SYS_EVENTFD_H 1
| #define HAVE_SYS_FILE_H 1
| #define HAVE_SYS_IOCTL_H 1
| #define HAVE_SYS_MMAN_H 1
| #define HAVE_SYS_PARAM_H 1
| #define HAVE_SYS_POLL_H 1
| #define HAVE_SYS_RANDOM_H 1
| #define HAVE_SYS_RESOURCE_H 1
| #define HAVE_SYS_SELECT_H 1
| #define HAVE_SYS_SENDFILE_H 1
| #define HAVE_SYS_SOCKET_H 1
| #define HAVE_SYS_SOUNDCARD_H 1
| #define HAVE_SYS_STAT_H 1
| #define HAVE_SYS_STATVFS_H 1
| #define HAVE_SYS_SYSCALL_H 1
| #define HAVE_SYS_SYSMACROS_H 1
| #define HAVE_SYS_TIME_H 1
| #define HAVE_SYS_TIMES_H 1
| #define HAVE_SYS_TIMERFD_H 1
| #define HAVE_SYS_TYPES_H 1
| #define HAVE_SYS_UIO_H 1
| #define HAVE_SYS_UN_H 1
| #define HAVE_SYS_UTSNAME_H 1
| #define HAVE_SYS_WAIT_H 1
| #define HAVE_SYS_XATTR_H 1
| #define HAVE_SYSEXITS_H 1
| #define HAVE_SYSLOG_H 1
| #define HAVE_TERMIOS_H 1
| #define HAVE_UTIME_H 1
| #define HAVE_UTMP_H 1
| #define HAVE_DIRENT_H 1
| #define MAJOR_IN_SYSMACROS 1
| #define HAVE_NET_IF_H 1
| #define HAVE_LINUX_NETLINK_H 1
| #define HAVE_LINUX_QRTR_H 1
| #define HAVE_LINUX_VM_SOCKETS_H 1
| #define HAVE_LINUX_CAN_H 1
| #define HAVE_LINUX_CAN_BCM_H 1
| #define HAVE_LINUX_CAN_J1939_H 1
| #define HAVE_LINUX_CAN_RAW_H 1
| #define HAVE_CLOCK_T 1
| #define HAVE_MAKEDEV 1
| #define HAVE_HTOLE64 1
| #define _LARGEFILE_SOURCE 1
| #define _FILE_OFFSET_BITS 64
| #if defined(SCO_DS)
| #undef _OFF_T
| #endif
| #define RETSIGTYPE void
| #define HAVE_SSIZE_T 1
| #define HAVE___UINT128_T 1
| #define HAVE_GCC_UINT128_T 1
| #define SIZEOF_INT 4
| #define SIZEOF_LONG 8
| #define ALIGNOF_LONG 8
| #define SIZEOF_LONG_LONG 8
| #define SIZEOF_VOID_P 8
| #define SIZEOF_SHORT 2
| #define SIZEOF_FLOAT 4
| #define SIZEOF_DOUBLE 8
| #define SIZEOF_FPOS_T 16
| #define SIZEOF_SIZE_T 8
| #define ALIGNOF_SIZE_T 8
| #define SIZEOF_PID_T 4
| #define SIZEOF_UINTPTR_T 8
| #define ALIGNOF_MAX_ALIGN_T 16
| #define HAVE_LONG_DOUBLE 1
| #define SIZEOF_LONG_DOUBLE 16
| #define SIZEOF__BOOL 1
| #define SIZEOF_OFF_T 8
| #define SIZEOF_TIME_T 8
| #define SIZEOF_PTHREAD_T 8
| #define SIZEOF_PTHREAD_KEY_T 4
| #define PTHREAD_KEY_T_IS_COMPATIBLE_WITH_INT 1
| #define PY_HAVE_PERF_TRAMPOLINE 1
| #define HAVE_LIBDL 1
| #define HAVE_UUID_UUID_H 1
| #define HAVE_UUID_UUID_H 1
| #define HAVE_FFI_PREP_CIF_VAR 1
| #define HAVE_FFI_PREP_CLOSURE_LOC 1
| #define HAVE_FFI_CLOSURE_ALLOC 1
| #define WITH_DECIMAL_CONTEXTVAR 1
| /* end confdefs.h.  */
| #include <stddef.h>
| #ifdef HAVE_STDIO_H
| # include <stdio.h>
| #endif
| #ifdef HAVE_STDLIB_H
| # include <stdlib.h>
| #endif
| #ifdef HAVE_STRING_H
| # include <string.h>
| #endif
| #ifdef HAVE_INTTYPES_H
| # include <inttypes.h>
| #endif
| #ifdef HAVE_STDINT_H
| # include <stdint.h>
| #endif
| #ifdef HAVE_STRINGS_H
| # include <strings.h>
| #endif
| #ifdef HAVE_SYS_TYPES_H
| # include <sys/types.h>
| #endif
| #ifdef HAVE_SYS_STAT_H
| # include <sys/stat.h>
| #endif
| #ifdef HAVE_UNISTD_H
| # include <unistd.h>
| #endif
| #include <db.h>
configure:16308: result: no
configure:16378: checking for --with-dbmliborder
configure:16413: result: gdbm:ndbm:bdb
configure:16416: checking for _dbm module CFLAGS and LIBS
configure:16450: result:  
configure:16851: checking if PTHREAD_SCOPE_SYSTEM is supported
configure:16878: gcc -o conftest    conftest.c -ldl  >&5
configure:16878: $? = 0
configure:16878: ./conftest
configure:16878: $? = 0
configure:16890: result: yes
configure:16900: checking for pthread_sigmask
configure:16900: gcc -o conftest    conftest.c -ldl  >&5
configure:16900: $? = 0
configure:16900: result: yes
configure:16914: checking for pthread_getcpuclockid
configure:16914: gcc -o conftest    conftest.c -ldl  >&5
configure:16914: $? = 0
configure:16914: result: yes
configure:16934: checking if --enable-ipv6 is specified
configure:16967: gcc -c   conftest.c >&5
configure:16967: $? = 0
configure:16987: result: yes
configure:16991: checking if RFC2553 API is available
configure:17008: gcc -c   conftest.c >&5
configure:17008: $? = 0
configure:17011: result: yes
configure:17043: checking for IPV6_INRIA_VERSION defined in netinet/in.h
configure:17067: gcc -c   conftest.c >&5
conftest.c: In function 'main':
conftest.c:167:3: error: unknown type name 'choke'
  167 |   choke me
      |   ^~~~~
configure:17067: $? = 1
configure: failed program was:
| /* confdefs.h */
| #define _NETBSD_SOURCE 1
| #define __BSD_VISIBLE 1
| #define _DARWIN_C_SOURCE 1
| #define _PYTHONFRAMEWORK ""
| #define _XOPEN_SOURCE 700
| #define _XOPEN_SOURCE_EXTENDED 1
| #define _POSIX_C_SOURCE 200809L
| #define HAVE_STDIO_H 1
| #define HAVE_STDLIB_H 1
| #define HAVE_STRING_H 1
| #define HAVE_INTTYPES_H 1
| #define HAVE_STDINT_H 1
| #define HAVE_STRINGS_H 1
| #define HAVE_SYS_STAT_H 1
| #define HAVE_SYS_TYPES_H 1
| #define HAVE_UNISTD_H 1
| #define HAVE_WCHAR_H 1
| #define STDC_HEADERS 1
| #define _ALL_SOURCE 1
| #define _DARWIN_C_SOURCE 1
| #define _GNU_SOURCE 1
| #define _HPUX_ALT_XOPEN_SOCKET_API 1
| #define _NETBSD_SOURCE 1
| #define _OPENBSD_SOURCE 1
| #define _POSIX_PTHREAD_SEMANTICS 1
| #define __STDC_WANT_IEC_60559_ATTRIBS_EXT__ 1
| #define __STDC_WANT_IEC_60559_BFP_EXT__ 1
| #define __STDC_WANT_IEC_60559_DFP_EXT__ 1
| #define __STDC_WANT_IEC_60559_FUNCS_EXT__ 1
| #define __STDC_WANT_IEC_60559_TYPES_EXT__ 1
| #define __STDC_WANT_LIB_EXT2__ 1
| #define __STDC_WANT_MATH_SPEC_FUNCS__ 1
| #define _TANDEM_SOURCE 1
| #define __EXTENSIONS__ 1
| #define PY_SUPPORT_TIER 1
| #define Py_ENABLE_SHARED 1
| #define STDC_HEADERS 1
| #define HAVE_ALLOCA_H 1
| #define HAVE_ASM_TYPES_H 1
| #define HAVE_DLFCN_H 1
| #define HAVE_ENDIAN_H 1
| #define HAVE_ERRNO_H 1
| #define HAVE_FCNTL_H 1
| #define HAVE_GRP_H 1
| #define HAVE_LANGINFO_H 1
| #define HAVE_LIBINTL_H 1
| #define HAVE_LINUX_AUXVEC_H 1
| #define HAVE_SYS_AUXV_H 1
| #define HAVE_LINUX_FS_H 1
| #define HAVE_LINUX_LIMITS_H 1
| #define HAVE_LINUX_MEMFD_H 1
| #define HAVE_LINUX_RANDOM_H 1
| #define HAVE_LINUX_SOUNDCARD_H 1
| #define HAVE_LINUX_TIPC_H 1
| #define HAVE_LINUX_WAIT_H 1
| #define HAVE_NETDB_H 1
| #define HAVE_NET_ETHERNET_H 1
| #define HAVE_NETINET_IN_H 1
| #define HAVE_NETPACKET_PACKET_H 1
| #define HAVE_POLL_H 1
| #define HAVE_PTHREAD_H 1
| #define HAVE_PTY_H 1
| #define HAVE_SCHED_H 1
| #define HAVE_SETJMP_H 1
| #define HAVE_SHADOW_H 1
| #define HAVE_SIGNAL_H 1
| #define HAVE_SPAWN_H 1
| #define HAVE_SYS_EPOLL_H 1
| #define HAVE_SYS_EVENTFD_H 1
| #define HAVE_SYS_FILE_H 1
| #define HAVE_SYS_IOCTL_H 1
| #define HAVE_SYS_MMAN_H 1
| #define HAVE_SYS_PARAM_H 1
| #define HAVE_SYS_POLL_H 1
| #define HAVE_SYS_RANDOM_H 1
| #define HAVE_SYS_RESOURCE_H 1
| #define HAVE_SYS_SELECT_H 1
| #define HAVE_SYS_SENDFILE_H 1
| #define HAVE_SYS_SOCKET_H 1
| #define HAVE_SYS_SOUNDCARD_H 1
| #define HAVE_SYS_STAT_H 1
| #define HAVE_SYS_STATVFS_H 1
| #define HAVE_SYS_SYSCALL_H 1
| #define HAVE_SYS_SYSMACROS_H 1
| #define HAVE_SYS_TIME_H 1
| #define HAVE_SYS_TIMES_H 1
| #define HAVE_SYS_TIMERFD_H 1
| #define HAVE_SYS_TYPES_H 1
| #define HAVE_SYS_UIO_H 1
| #define HAVE_SYS_UN_H 1
| #define HAVE_SYS_UTSNAME_H 1
| #define HAVE_SYS_WAIT_H 1
| #define HAVE_SYS_XATTR_H 1
| #define HAVE_SYSEXITS_H 1
| #define HAVE_SYSLOG_H 1
| #define HAVE_TERMIOS_H 1
| #define HAVE_UTIME_H 1
| #define HAVE_UTMP_H 1
| #define HAVE_DIRENT_H 1
| #define MAJOR_IN_SYSMACROS 1
| #define HAVE_NET_IF_H 1
| #define HAVE_LINUX_NETLINK_H 1
| #define HAVE_LINUX_QRTR_H 1
| #define HAVE_LINUX_VM_SOCKETS_H 1
| #define HAVE_LINUX_CAN_H 1
| #define HAVE_LINUX_CAN_BCM_H 1
| #define HAVE_LINUX_CAN_J1939_H 1
| #define HAVE_LINUX_CAN_RAW_H 1
| #define HAVE_CLOCK_T 1
| #define HAVE_MAKEDEV 1
| #define HAVE_HTOLE64 1
| #define _LARGEFILE_SOURCE 1
| #define _FILE_OFFSET_BITS 64
| #if defined(SCO_DS)
| #undef _OFF_T
| #endif
| #define RETSIGTYPE void
| #define HAVE_SSIZE_T 1
| #define HAVE___UINT128_T 1
| #define HAVE_GCC_UINT128_T 1
| #define SIZEOF_INT 4
| #define SIZEOF_LONG 8
| #define ALIGNOF_LONG 8
| #define SIZEOF_LONG_LONG 8
| #define SIZEOF_VOID_P 8
| #define SIZEOF_SHORT 2
| #define SIZEOF_FLOAT 4
| #define SIZEOF_DOUBLE 8
| #define SIZEOF_FPOS_T 16
| #define SIZEOF_SIZE_T 8
| #define ALIGNOF_SIZE_T 8
| #define SIZEOF_PID_T 4
| #define SIZEOF_UINTPTR_T 8
| #define ALIGNOF_MAX_ALIGN_T 16
| #define HAVE_LONG_DOUBLE 1
| #define SIZEOF_LONG_DOUBLE 16
| #define SIZEOF__BOOL 1
| #define SIZEOF_OFF_T 8
| #define SIZEOF_TIME_T 8
| #define SIZEOF_PTHREAD_T 8
| #define SIZEOF_PTHREAD_KEY_T 4
| #define PTHREAD_KEY_T_IS_COMPATIBLE_WITH_INT 1
| #define PY_HAVE_PERF_TRAMPOLINE 1
| #define HAVE_LIBDL 1
| #define HAVE_UUID_UUID_H 1
| #define HAVE_UUID_UUID_H 1
| #define HAVE_FFI_PREP_CIF_VAR 1
| #define HAVE_FFI_PREP_CLOSURE_LOC 1
| #define HAVE_FFI_CLOSURE_ALLOC 1
| #define WITH_DECIMAL_CONTEXTVAR 1
| #define _REENTRANT 1
| #define PTHREAD_SYSTEM_SCHED_SUPPORTED 1
| #define HAVE_PTHREAD_SIGMASK 1
| #define HAVE_PTHREAD_GETCPUCLOCKID 1
| #define ENABLE_IPV6 1
| /* end confdefs.h.  */
| #include <netinet/in.h>
| int
| main (void)
| {
| 
|   #ifdef IPV6_INRIA_VERSION
|   int ok;
|   (void)ok;
|   #else
|   choke me
|   #endif
| 
|   ;
|   return 0;
| }
configure:17075: result: no
configure:17084: checking for __KAME__ defined in netinet/in.h
configure:17108: gcc -c   conftest.c >&5
conftest.c: In function 'main':
conftest.c:167:3: error: unknown type name 'choke'
  167 |   choke me
      |   ^~~~~
configure:17108: $? = 1
configure: failed program was:
| /* confdefs.h */
| #define _NETBSD_SOURCE 1
| #define __BSD_VISIBLE 1
| #define _DARWIN_C_SOURCE 1
| #define _PYTHONFRAMEWORK ""
| #define _XOPEN_SOURCE 700
| #define _XOPEN_SOURCE_EXTENDED 1
| #define _POSIX_C_SOURCE 200809L
| #define HAVE_STDIO_H 1
| #define HAVE_STDLIB_H 1
| #define HAVE_STRING_H 1
| #define HAVE_INTTYPES_H 1
| #define HAVE_STDINT_H 1
| #define HAVE_STRINGS_H 1
| #define HAVE_SYS_STAT_H 1
| #define HAVE_SYS_TYPES_H 1
| #define HAVE_UNISTD_H 1
| #define HAVE_WCHAR_H 1
| #define STDC_HEADERS 1
| #define _ALL_SOURCE 1
| #define _DARWIN_C_SOURCE 1
| #define _GNU_SOURCE 1
| #define _HPUX_ALT_XOPEN_SOCKET_API 1
| #define _NETBSD_SOURCE 1
| #define _OPENBSD_SOURCE 1
| #define _POSIX_PTHREAD_SEMANTICS 1
| #define __STDC_WANT_IEC_60559_ATTRIBS_EXT__ 1
| #define __STDC_WANT_IEC_60559_BFP_EXT__ 1
| #define __STDC_WANT_IEC_60559_DFP_EXT__ 1
| #define __STDC_WANT_IEC_60559_FUNCS_EXT__ 1
| #define __STDC_WANT_IEC_60559_TYPES_EXT__ 1
| #define __STDC_WANT_LIB_EXT2__ 1
| #define __STDC_WANT_MATH_SPEC_FUNCS__ 1
| #define _TANDEM_SOURCE 1
| #define __EXTENSIONS__ 1
| #define PY_SUPPORT_TIER 1
| #define Py_ENABLE_SHARED 1
| #define STDC_HEADERS 1
| #define HAVE_ALLOCA_H 1
| #define HAVE_ASM_TYPES_H 1
| #define HAVE_DLFCN_H 1
| #define HAVE_ENDIAN_H 1
| #define HAVE_ERRNO_H 1
| #define HAVE_FCNTL_H 1
| #define HAVE_GRP_H 1
| #define HAVE_LANGINFO_H 1
| #define HAVE_LIBINTL_H 1
| #define HAVE_LINUX_AUXVEC_H 1
| #define HAVE_SYS_AUXV_H 1
| #define HAVE_LINUX_FS_H 1
| #define HAVE_LINUX_LIMITS_H 1
| #define HAVE_LINUX_MEMFD_H 1
| #define HAVE_LINUX_RANDOM_H 1
| #define HAVE_LINUX_SOUNDCARD_H 1
| #define HAVE_LINUX_TIPC_H 1
| #define HAVE_LINUX_WAIT_H 1
| #define HAVE_NETDB_H 1
| #define HAVE_NET_ETHERNET_H 1
| #define HAVE_NETINET_IN_H 1
| #define HAVE_NETPACKET_PACKET_H 1
| #define HAVE_POLL_H 1
| #define HAVE_PTHREAD_H 1
| #define HAVE_PTY_H 1
| #define HAVE_SCHED_H 1
| #define HAVE_SETJMP_H 1
| #define HAVE_SHADOW_H 1
| #define HAVE_SIGNAL_H 1
| #define HAVE_SPAWN_H 1
| #define HAVE_SYS_EPOLL_H 1
| #define HAVE_SYS_EVENTFD_H 1
| #define HAVE_SYS_FILE_H 1
| #define HAVE_SYS_IOCTL_H 1
| #define HAVE_SYS_MMAN_H 1
| #define HAVE_SYS_PARAM_H 1
| #define HAVE_SYS_POLL_H 1
| #define HAVE_SYS_RANDOM_H 1
| #define HAVE_SYS_RESOURCE_H 1
| #define HAVE_SYS_SELECT_H 1
| #define HAVE_SYS_SENDFILE_H 1
| #define HAVE_SYS_SOCKET_H 1
| #define HAVE_SYS_SOUNDCARD_H 1
| #define HAVE_SYS_STAT_H 1
| #define HAVE_SYS_STATVFS_H 1
| #define HAVE_SYS_SYSCALL_H 1
| #define HAVE_SYS_SYSMACROS_H 1
| #define HAVE_SYS_TIME_H 1
| #define HAVE_SYS_TIMES_H 1
| #define HAVE_SYS_TIMERFD_H 1
| #define HAVE_SYS_TYPES_H 1
| #define HAVE_SYS_UIO_H 1
| #define HAVE_SYS_UN_H 1
| #define HAVE_SYS_UTSNAME_H 1
| #define HAVE_SYS_WAIT_H 1
| #define HAVE_SYS_XATTR_H 1
| #define HAVE_SYSEXITS_H 1
| #define HAVE_SYSLOG_H 1
| #define HAVE_TERMIOS_H 1
| #define HAVE_UTIME_H 1
| #define HAVE_UTMP_H 1
| #define HAVE_DIRENT_H 1
| #define MAJOR_IN_SYSMACROS 1
| #define HAVE_NET_IF_H 1
| #define HAVE_LINUX_NETLINK_H 1
| #define HAVE_LINUX_QRTR_H 1
| #define HAVE_LINUX_VM_SOCKETS_H 1
| #define HAVE_LINUX_CAN_H 1
| #define HAVE_LINUX_CAN_BCM_H 1
| #define HAVE_LINUX_CAN_J1939_H 1
| #define HAVE_LINUX_CAN_RAW_H 1
| #define HAVE_CLOCK_T 1
| #define HAVE_MAKEDEV 1
| #define HAVE_HTOLE64 1
| #define _LARGEFILE_SOURCE 1
| #define _FILE_OFFSET_BITS 64
| #if defined(SCO_DS)
| #undef _OFF_T
| #endif
| #define RETSIGTYPE void
| #define HAVE_SSIZE_T 1
| #define HAVE___UINT128_T 1
| #define HAVE_GCC_UINT128_T 1
| #define SIZEOF_INT 4
| #define SIZEOF_LONG 8
| #define ALIGNOF_LONG 8
| #define SIZEOF_LONG_LONG 8
| #define SIZEOF_VOID_P 8
| #define SIZEOF_SHORT 2
| #define SIZEOF_FLOAT 4
| #define SIZEOF_DOUBLE 8
| #define SIZEOF_FPOS_T 16
| #define SIZEOF_SIZE_T 8
| #define ALIGNOF_SIZE_T 8
| #define SIZEOF_PID_T 4
| #define SIZEOF_UINTPTR_T 8
| #define ALIGNOF_MAX_ALIGN_T 16
| #define HAVE_LONG_DOUBLE 1
| #define SIZEOF_LONG_DOUBLE 16
| #define SIZEOF__BOOL 1
| #define SIZEOF_OFF_T 8
| #define SIZEOF_TIME_T 8
| #define SIZEOF_PTHREAD_T 8
| #define SIZEOF_PTHREAD_KEY_T 4
| #define PTHREAD_KEY_T_IS_COMPATIBLE_WITH_INT 1
| #define PY_HAVE_PERF_TRAMPOLINE 1
| #define HAVE_LIBDL 1
| #define HAVE_UUID_UUID_H 1
| #define HAVE_UUID_UUID_H 1
| #define HAVE_FFI_PREP_CIF_VAR 1
| #define HAVE_FFI_PREP_CLOSURE_LOC 1
| #define HAVE_FFI_CLOSURE_ALLOC 1
| #define WITH_DECIMAL_CONTEXTVAR 1
| #define _REENTRANT 1
| #define PTHREAD_SYSTEM_SCHED_SUPPORTED 1
| #define HAVE_PTHREAD_SIGMASK 1
| #define HAVE_PTHREAD_GETCPUCLOCKID 1
| #define ENABLE_IPV6 1
| /* end confdefs.h.  */
| #include <netinet/in.h>
| int
| main (void)
| {
| 
|   #ifdef __KAME__
|   int ok;
|   (void)ok;
|   #else
|   choke me
|   #endif
| 
|   ;
|   return 0;
| }
configure:17116: result: no
configure:17128: checking for __GLIBC__ defined in features.h
configure:17152: gcc -c   conftest.c >&5
configure:17152: $? = 0
configure:17160: result: yes
configure:17319: checking ipv6 stack type
configure:17321: result: linux-glibc
configure:17348: checking CAN_RAW_FD_FRAMES
configure:17367: gcc -c   conftest.c >&5
configure:17367: $? = 0
configure:17376: result: yes
configure:17387: checking for CAN_RAW_JOIN_FILTERS
configure:17406: gcc -c   conftest.c >&5
configure:17406: $? = 0
configure:17415: result: yes
configure:17427: checking for --with-doc-strings
configure:17446: result: yes
configure:17450: checking for stdatomic.h
configure:17473: gcc -o conftest    conftest.c -ldl  >&5
configure:17473: $? = 0
configure:17483: result: yes
configure:17496: checking for builtin __atomic_load_n and __atomic_store_n functions
configure:17516: gcc -o conftest    conftest.c -ldl  >&5
configure:17516: $? = 0
configure:17526: result: yes
configure:17539: checking for --with-mimalloc
configure:17567: result: yes
configure:17574: checking for --with-pymalloc
configure:17602: result: yes
configure:17607: checking for --with-freelists
configure:17627: result: yes
configure:17631: checking for --with-c-locale-coercion
configure:17651: result: yes
configure:17655: checking for --with-valgrind
configure:17667: result: no
configure:17685: checking for --with-dtrace
configure:17696: result: no
configure:17807: checking for dlopen
configure:17807: gcc -o conftest    conftest.c -ldl  >&5
configure:17807: $? = 0
configure:17807: result: yes
configure:17818: checking DYNLOADFILE
configure:17834: result: dynload_shlib.o
configure:17846: checking MACHDEP_OBJS
configure:17855: result: none
configure:17888: checking for accept4
configure:17888: gcc -o conftest    conftest.c -ldl  >&5
configure:17888: $? = 0
configure:17888: result: yes
configure:17894: checking for alarm
configure:17894: gcc -o conftest    conftest.c -ldl  >&5
configure:17894: $? = 0
configure:17894: result: yes
configure:17900: checking for bind_textdomain_codeset
configure:17900: gcc -o conftest    conftest.c -ldl  >&5
configure:17900: $? = 0
configure:17900: result: yes
configure:17906: checking for chmod
configure:17906: gcc -o conftest    conftest.c -ldl  >&5
configure:17906: $? = 0
configure:17906: result: yes
configure:17912: checking for chown
configure:17912: gcc -o conftest    conftest.c -ldl  >&5
configure:17912: $? = 0
configure:17912: result: yes
configure:17918: checking for clock
configure:17918: gcc -o conftest    conftest.c -ldl  >&5
configure:17918: $? = 0
configure:17918: result: yes
configure:17924: checking for closefrom
configure:17924: gcc -o conftest    conftest.c -ldl  >&5
configure:17924: $? = 0
configure:17924: result: yes
configure:17930: checking for close_range
configure:17930: gcc -o conftest    conftest.c -ldl  >&5
configure:17930: $? = 0
configure:17930: result: yes
configure:17936: checking for confstr
configure:17936: gcc -o conftest    conftest.c -ldl  >&5
configure:17936: $? = 0
configure:17936: result: yes
configure:17942: checking for copy_file_range
configure:17942: gcc -o conftest    conftest.c -ldl  >&5
configure:17942: $? = 0
configure:17942: result: yes
configure:17948: checking for ctermid
configure:17948: gcc -o conftest    conftest.c -ldl  >&5
configure:17948: $? = 0
configure:17948: result: yes
configure:17954: checking for dup
configure:17954: gcc -o conftest    conftest.c -ldl  >&5
configure:17954: $? = 0
configure:17954: result: yes
configure:17960: checking for dup3
configure:17960: gcc -o conftest    conftest.c -ldl  >&5
configure:17960: $? = 0
configure:17960: result: yes
configure:17966: checking for execv
configure:17966: gcc -o conftest    conftest.c -ldl  >&5
conftest.c:198:6: warning: conflicting types for built-in function 'execv'; expected 'int(const char *, char * const*)' [-Wbuiltin-declaration-mismatch]
  198 | char execv ();
      |      ^~~~~
configure:17966: $? = 0
configure:17966: result: yes
configure:17972: checking for explicit_bzero
configure:17972: gcc -o conftest    conftest.c -ldl  >&5
configure:17972: $? = 0
configure:17972: result: yes
configure:17978: checking for explicit_memset
configure:17978: gcc -o conftest    conftest.c -ldl  >&5
/usr/bin/ld: /tmp/ccZCtqYo.o: in function `main':
conftest.c:(.text+0x5): undefined reference to `explicit_memset'
collect2: error: ld returned 1 exit status
configure:17978: $? = 1
configure: failed program was:
| /* confdefs.h */
| #define _NETBSD_SOURCE 1
| #define __BSD_VISIBLE 1
| #define _DARWIN_C_SOURCE 1
| #define _PYTHONFRAMEWORK ""
| #define _XOPEN_SOURCE 700
| #define _XOPEN_SOURCE_EXTENDED 1
| #define _POSIX_C_SOURCE 200809L
| #define HAVE_STDIO_H 1
| #define HAVE_STDLIB_H 1
| #define HAVE_STRING_H 1
| #define HAVE_INTTYPES_H 1
| #define HAVE_STDINT_H 1
| #define HAVE_STRINGS_H 1
| #define HAVE_SYS_STAT_H 1
| #define HAVE_SYS_TYPES_H 1
| #define HAVE_UNISTD_H 1
| #define HAVE_WCHAR_H 1
| #define STDC_HEADERS 1
| #define _ALL_SOURCE 1
| #define _DARWIN_C_SOURCE 1
| #define _GNU_SOURCE 1
| #define _HPUX_ALT_XOPEN_SOCKET_API 1
| #define _NETBSD_SOURCE 1
| #define _OPENBSD_SOURCE 1
| #define _POSIX_PTHREAD_SEMANTICS 1
| #define __STDC_WANT_IEC_60559_ATTRIBS_EXT__ 1
| #define __STDC_WANT_IEC_60559_BFP_EXT__ 1
| #define __STDC_WANT_IEC_60559_DFP_EXT__ 1
| #define __STDC_WANT_IEC_60559_FUNCS_EXT__ 1
| #define __STDC_WANT_IEC_60559_TYPES_EXT__ 1
| #define __STDC_WANT_LIB_EXT2__ 1
| #define __STDC_WANT_MATH_SPEC_FUNCS__ 1
| #define _TANDEM_SOURCE 1
| #define __EXTENSIONS__ 1
| #define PY_SUPPORT_TIER 1
| #define Py_ENABLE_SHARED 1
| #define STDC_HEADERS 1
| #define HAVE_ALLOCA_H 1
| #define HAVE_ASM_TYPES_H 1
| #define HAVE_DLFCN_H 1
| #define HAVE_ENDIAN_H 1
| #define HAVE_ERRNO_H 1
| #define HAVE_FCNTL_H 1
| #define HAVE_GRP_H 1
| #define HAVE_LANGINFO_H 1
| #define HAVE_LIBINTL_H 1
| #define HAVE_LINUX_AUXVEC_H 1
| #define HAVE_SYS_AUXV_H 1
| #define HAVE_LINUX_FS_H 1
| #define HAVE_LINUX_LIMITS_H 1
| #define HAVE_LINUX_MEMFD_H 1
| #define HAVE_LINUX_RANDOM_H 1
| #define HAVE_LINUX_SOUNDCARD_H 1
| #define HAVE_LINUX_TIPC_H 1
| #define HAVE_LINUX_WAIT_H 1
| #define HAVE_NETDB_H 1
| #define HAVE_NET_ETHERNET_H 1
| #define HAVE_NETINET_IN_H 1
| #define HAVE_NETPACKET_PACKET_H 1
| #define HAVE_POLL_H 1
| #define HAVE_PTHREAD_H 1
| #define HAVE_PTY_H 1
| #define HAVE_SCHED_H 1
| #define HAVE_SETJMP_H 1
| #define HAVE_SHADOW_H 1
| #define HAVE_SIGNAL_H 1
| #define HAVE_SPAWN_H 1
| #define HAVE_SYS_EPOLL_H 1
| #define HAVE_SYS_EVENTFD_H 1
| #define HAVE_SYS_FILE_H 1
| #define HAVE_SYS_IOCTL_H 1
| #define HAVE_SYS_MMAN_H 1
| #define HAVE_SYS_PARAM_H 1
| #define HAVE_SYS_POLL_H 1
| #define HAVE_SYS_RANDOM_H 1
| #define HAVE_SYS_RESOURCE_H 1
| #define HAVE_SYS_SELECT_H 1
| #define HAVE_SYS_SENDFILE_H 1
| #define HAVE_SYS_SOCKET_H 1
| #define HAVE_SYS_SOUNDCARD_H 1
| #define HAVE_SYS_STAT_H 1
| #define HAVE_SYS_STATVFS_H 1
| #define HAVE_SYS_SYSCALL_H 1
| #define HAVE_SYS_SYSMACROS_H 1
| #define HAVE_SYS_TIME_H 1
| #define HAVE_SYS_TIMES_H 1
| #define HAVE_SYS_TIMERFD_H 1
| #define HAVE_SYS_TYPES_H 1
| #define HAVE_SYS_UIO_H 1
| #define HAVE_SYS_UN_H 1
| #define HAVE_SYS_UTSNAME_H 1
| #define HAVE_SYS_WAIT_H 1
| #define HAVE_SYS_XATTR_H 1
| #define HAVE_SYSEXITS_H 1
| #define HAVE_SYSLOG_H 1
| #define HAVE_TERMIOS_H 1
| #define HAVE_UTIME_H 1
| #define HAVE_UTMP_H 1
| #define HAVE_DIRENT_H 1
| #define MAJOR_IN_SYSMACROS 1
| #define HAVE_NET_IF_H 1
| #define HAVE_LINUX_NETLINK_H 1
| #define HAVE_LINUX_QRTR_H 1
| #define HAVE_LINUX_VM_SOCKETS_H 1
| #define HAVE_LINUX_CAN_H 1
| #define HAVE_LINUX_CAN_BCM_H 1
| #define HAVE_LINUX_CAN_J1939_H 1
| #define HAVE_LINUX_CAN_RAW_H 1
| #define HAVE_CLOCK_T 1
| #define HAVE_MAKEDEV 1
| #define HAVE_HTOLE64 1
| #define _LARGEFILE_SOURCE 1
| #define _FILE_OFFSET_BITS 64
| #if defined(SCO_DS)
| #undef _OFF_T
| #endif
| #define RETSIGTYPE void
| #define HAVE_SSIZE_T 1
| #define HAVE___UINT128_T 1
| #define HAVE_GCC_UINT128_T 1
| #define SIZEOF_INT 4
| #define SIZEOF_LONG 8
| #define ALIGNOF_LONG 8
| #define SIZEOF_LONG_LONG 8
| #define SIZEOF_VOID_P 8
| #define SIZEOF_SHORT 2
| #define SIZEOF_FLOAT 4
| #define SIZEOF_DOUBLE 8
| #define SIZEOF_FPOS_T 16
| #define SIZEOF_SIZE_T 8
| #define ALIGNOF_SIZE_T 8
| #define SIZEOF_PID_T 4
| #define SIZEOF_UINTPTR_T 8
| #define ALIGNOF_MAX_ALIGN_T 16
| #define HAVE_LONG_DOUBLE 1
| #define SIZEOF_LONG_DOUBLE 16
| #define SIZEOF__BOOL 1
| #define SIZEOF_OFF_T 8
| #define SIZEOF_TIME_T 8
| #define SIZEOF_PTHREAD_T 8
| #define SIZEOF_PTHREAD_KEY_T 4
| #define PTHREAD_KEY_T_IS_COMPATIBLE_WITH_INT 1
| #define PY_HAVE_PERF_TRAMPOLINE 1
| #define HAVE_LIBDL 1
| #define HAVE_UUID_UUID_H 1
| #define HAVE_UUID_UUID_H 1
| #define HAVE_FFI_PREP_CIF_VAR 1
| #define HAVE_FFI_PREP_CLOSURE_LOC 1
| #define HAVE_FFI_CLOSURE_ALLOC 1
| #define WITH_DECIMAL_CONTEXTVAR 1
| #define _REENTRANT 1
| #define PTHREAD_SYSTEM_SCHED_SUPPORTED 1
| #define HAVE_PTHREAD_SIGMASK 1
| #define HAVE_PTHREAD_GETCPUCLOCKID 1
| #define ENABLE_IPV6 1
| #define HAVE_LINUX_CAN_RAW_FD_FRAMES 1
| #define HAVE_LINUX_CAN_RAW_JOIN_FILTERS 1
| #define WITH_DOC_STRINGS 1
| #define HAVE_STD_ATOMIC 1
| #define HAVE_BUILTIN_ATOMIC 1
| #define WITH_MIMALLOC 1
| #define WITH_PYMALLOC 1
| #define WITH_FREELISTS 1
| #define PY_COERCE_C_LOCALE 1
| #define HAVE_DLOPEN 1
| #define HAVE_DYNAMIC_LOADING 1
| #define HAVE_ACCEPT4 1
| #define HAVE_ALARM 1
| #define HAVE_BIND_TEXTDOMAIN_CODESET 1
| #define HAVE_CHMOD 1
| #define HAVE_CHOWN 1
| #define HAVE_CLOCK 1
| #define HAVE_CLOSEFROM 1
| #define HAVE_CLOSE_RANGE 1
| #define HAVE_CONFSTR 1
| #define HAVE_COPY_FILE_RANGE 1
| #define HAVE_CTERMID 1
| #define HAVE_DUP 1
| #define HAVE_DUP3 1
| #define HAVE_EXECV 1
| #define HAVE_EXPLICIT_BZERO 1
| /* end confdefs.h.  */
| /* Define explicit_memset to an innocuous variant, in case <limits.h> declares explicit_memset.
|    For example, HP-UX 11i <limits.h> declares gettimeofday.  */
| #define explicit_memset innocuous_explicit_memset
| 
| /* System header to define __stub macros and hopefully few prototypes,
|    which can conflict with char explicit_memset (); below.  */
| 
| #include <limits.h>
| #undef explicit_memset
| 
| /* Override any GCC internal prototype to avoid an error.
|    Use char because int might match the return type of a GCC
|    builtin and then its argument prototype would still apply.  */
| #ifdef __cplusplus
| extern "C"
| #endif
| char explicit_memset ();
| /* The GNU C library defines this for functions which it implements
|     to always fail with ENOSYS.  Some functions are actually named
|     something starting with __ and the normal name is an alias.  */
| #if defined __stub_explicit_memset || defined __stub___explicit_memset
| choke me
| #endif
| 
| int
| main (void)
| {
| return explicit_memset ();
|   ;
|   return 0;
| }
configure:17978: result: no
configure:17984: checking for faccessat
configure:17984: gcc -o conftest    conftest.c -ldl  >&5
configure:17984: $? = 0
configure:17984: result: yes
configure:17990: checking for fchmod
configure:17990: gcc -o conftest    conftest.c -ldl  >&5
configure:17990: $? = 0
configure:17990: result: yes
configure:17996: checking for fchmodat
configure:17996: gcc -o conftest    conftest.c -ldl  >&5
configure:17996: $? = 0
configure:17996: result: yes
configure:18002: checking for fchown
configure:18002: gcc -o conftest    conftest.c -ldl  >&5
configure:18002: $? = 0
configure:18002: result: yes
configure:18008: checking for fchownat
configure:18008: gcc -o conftest    conftest.c -ldl  >&5
configure:18008: $? = 0
configure:18008: result: yes
configure:18014: checking for fdopendir
configure:18014: gcc -o conftest    conftest.c -ldl  >&5
configure:18014: $? = 0
configure:18014: result: yes
configure:18020: checking for fdwalk
configure:18020: gcc -o conftest    conftest.c -ldl  >&5
/usr/bin/ld: /tmp/ccGhYg0F.o: in function `main':
conftest.c:(.text+0x5): undefined reference to `fdwalk'
collect2: error: ld returned 1 exit status
configure:18020: $? = 1
configure: failed program was:
| /* confdefs.h */
| #define _NETBSD_SOURCE 1
| #define __BSD_VISIBLE 1
| #define _DARWIN_C_SOURCE 1
| #define _PYTHONFRAMEWORK ""
| #define _XOPEN_SOURCE 700
| #define _XOPEN_SOURCE_EXTENDED 1
| #define _POSIX_C_SOURCE 200809L
| #define HAVE_STDIO_H 1
| #define HAVE_STDLIB_H 1
| #define HAVE_STRING_H 1
| #define HAVE_INTTYPES_H 1
| #define HAVE_STDINT_H 1
| #define HAVE_STRINGS_H 1
| #define HAVE_SYS_STAT_H 1
| #define HAVE_SYS_TYPES_H 1
| #define HAVE_UNISTD_H 1
| #define HAVE_WCHAR_H 1
| #define STDC_HEADERS 1
| #define _ALL_SOURCE 1
| #define _DARWIN_C_SOURCE 1
| #define _GNU_SOURCE 1
| #define _HPUX_ALT_XOPEN_SOCKET_API 1
| #define _NETBSD_SOURCE 1
| #define _OPENBSD_SOURCE 1
| #define _POSIX_PTHREAD_SEMANTICS 1
| #define __STDC_WANT_IEC_60559_ATTRIBS_EXT__ 1
| #define __STDC_WANT_IEC_60559_BFP_EXT__ 1
| #define __STDC_WANT_IEC_60559_DFP_EXT__ 1
| #define __STDC_WANT_IEC_60559_FUNCS_EXT__ 1
| #define __STDC_WANT_IEC_60559_TYPES_EXT__ 1
| #define __STDC_WANT_LIB_EXT2__ 1
| #define __STDC_WANT_MATH_SPEC_FUNCS__ 1
| #define _TANDEM_SOURCE 1
| #define __EXTENSIONS__ 1
| #define PY_SUPPORT_TIER 1
| #define Py_ENABLE_SHARED 1
| #define STDC_HEADERS 1
| #define HAVE_ALLOCA_H 1
| #define HAVE_ASM_TYPES_H 1
| #define HAVE_DLFCN_H 1
| #define HAVE_ENDIAN_H 1
| #define HAVE_ERRNO_H 1
| #define HAVE_FCNTL_H 1
| #define HAVE_GRP_H 1
| #define HAVE_LANGINFO_H 1
| #define HAVE_LIBINTL_H 1
| #define HAVE_LINUX_AUXVEC_H 1
| #define HAVE_SYS_AUXV_H 1
| #define HAVE_LINUX_FS_H 1
| #define HAVE_LINUX_LIMITS_H 1
| #define HAVE_LINUX_MEMFD_H 1
| #define HAVE_LINUX_RANDOM_H 1
| #define HAVE_LINUX_SOUNDCARD_H 1
| #define HAVE_LINUX_TIPC_H 1
| #define HAVE_LINUX_WAIT_H 1
| #define HAVE_NETDB_H 1
| #define HAVE_NET_ETHERNET_H 1
| #define HAVE_NETINET_IN_H 1
| #define HAVE_NETPACKET_PACKET_H 1
| #define HAVE_POLL_H 1
| #define HAVE_PTHREAD_H 1
| #define HAVE_PTY_H 1
| #define HAVE_SCHED_H 1
| #define HAVE_SETJMP_H 1
| #define HAVE_SHADOW_H 1
| #define HAVE_SIGNAL_H 1
| #define HAVE_SPAWN_H 1
| #define HAVE_SYS_EPOLL_H 1
| #define HAVE_SYS_EVENTFD_H 1
| #define HAVE_SYS_FILE_H 1
| #define HAVE_SYS_IOCTL_H 1
| #define HAVE_SYS_MMAN_H 1
| #define HAVE_SYS_PARAM_H 1
| #define HAVE_SYS_POLL_H 1
| #define HAVE_SYS_RANDOM_H 1
| #define HAVE_SYS_RESOURCE_H 1
| #define HAVE_SYS_SELECT_H 1
| #define HAVE_SYS_SENDFILE_H 1
| #define HAVE_SYS_SOCKET_H 1
| #define HAVE_SYS_SOUNDCARD_H 1
| #define HAVE_SYS_STAT_H 1
| #define HAVE_SYS_STATVFS_H 1
| #define HAVE_SYS_SYSCALL_H 1
| #define HAVE_SYS_SYSMACROS_H 1
| #define HAVE_SYS_TIME_H 1
| #define HAVE_SYS_TIMES_H 1
| #define HAVE_SYS_TIMERFD_H 1
| #define HAVE_SYS_TYPES_H 1
| #define HAVE_SYS_UIO_H 1
| #define HAVE_SYS_UN_H 1
| #define HAVE_SYS_UTSNAME_H 1
| #define HAVE_SYS_WAIT_H 1
| #define HAVE_SYS_XATTR_H 1
| #define HAVE_SYSEXITS_H 1
| #define HAVE_SYSLOG_H 1
| #define HAVE_TERMIOS_H 1
| #define HAVE_UTIME_H 1
| #define HAVE_UTMP_H 1
| #define HAVE_DIRENT_H 1
| #define MAJOR_IN_SYSMACROS 1
| #define HAVE_NET_IF_H 1
| #define HAVE_LINUX_NETLINK_H 1
| #define HAVE_LINUX_QRTR_H 1
| #define HAVE_LINUX_VM_SOCKETS_H 1
| #define HAVE_LINUX_CAN_H 1
| #define HAVE_LINUX_CAN_BCM_H 1
| #define HAVE_LINUX_CAN_J1939_H 1
| #define HAVE_LINUX_CAN_RAW_H 1
| #define HAVE_CLOCK_T 1
| #define HAVE_MAKEDEV 1
| #define HAVE_HTOLE64 1
| #define _LARGEFILE_SOURCE 1
| #define _FILE_OFFSET_BITS 64
| #if defined(SCO_DS)
| #undef _OFF_T
| #endif
| #define RETSIGTYPE void
| #define HAVE_SSIZE_T 1
| #define HAVE___UINT128_T 1
| #define HAVE_GCC_UINT128_T 1
| #define SIZEOF_INT 4
| #define SIZEOF_LONG 8
| #define ALIGNOF_LONG 8
| #define SIZEOF_LONG_LONG 8
| #define SIZEOF_VOID_P 8
| #define SIZEOF_SHORT 2
| #define SIZEOF_FLOAT 4
| #define SIZEOF_DOUBLE 8
| #define SIZEOF_FPOS_T 16
| #define SIZEOF_SIZE_T 8
| #define ALIGNOF_SIZE_T 8
| #define SIZEOF_PID_T 4
| #define SIZEOF_UINTPTR_T 8
| #define ALIGNOF_MAX_ALIGN_T 16
| #define HAVE_LONG_DOUBLE 1
| #define SIZEOF_LONG_DOUBLE 16
| #define SIZEOF__BOOL 1
| #define SIZEOF_OFF_T 8
| #define SIZEOF_TIME_T 8
| #define SIZEOF_PTHREAD_T 8
| #define SIZEOF_PTHREAD_KEY_T 4
| #define PTHREAD_KEY_T_IS_COMPATIBLE_WITH_INT 1
| #define PY_HAVE_PERF_TRAMPOLINE 1
| #define HAVE_LIBDL 1
| #define HAVE_UUID_UUID_H 1
| #define HAVE_UUID_UUID_H 1
| #define HAVE_FFI_PREP_CIF_VAR 1
| #define HAVE_FFI_PREP_CLOSURE_LOC 1
| #define HAVE_FFI_CLOSURE_ALLOC 1
| #define WITH_DECIMAL_CONTEXTVAR 1
| #define _REENTRANT 1
| #define PTHREAD_SYSTEM_SCHED_SUPPORTED 1
| #define HAVE_PTHREAD_SIGMASK 1
| #define HAVE_PTHREAD_GETCPUCLOCKID 1
| #define ENABLE_IPV6 1
| #define HAVE_LINUX_CAN_RAW_FD_FRAMES 1
| #define HAVE_LINUX_CAN_RAW_JOIN_FILTERS 1
| #define WITH_DOC_STRINGS 1
| #define HAVE_STD_ATOMIC 1
| #define HAVE_BUILTIN_ATOMIC 1
| #define WITH_MIMALLOC 1
| #define WITH_PYMALLOC 1
| #define WITH_FREELISTS 1
| #define PY_COERCE_C_LOCALE 1
| #define HAVE_DLOPEN 1
| #define HAVE_DYNAMIC_LOADING 1
| #define HAVE_ACCEPT4 1
| #define HAVE_ALARM 1
| #define HAVE_BIND_TEXTDOMAIN_CODESET 1
| #define HAVE_CHMOD 1
| #define HAVE_CHOWN 1
| #define HAVE_CLOCK 1
| #define HAVE_CLOSEFROM 1
| #define HAVE_CLOSE_RANGE 1
| #define HAVE_CONFSTR 1
| #define HAVE_COPY_FILE_RANGE 1
| #define HAVE_CTERMID 1
| #define HAVE_DUP 1
| #define HAVE_DUP3 1
| #define HAVE_EXECV 1
| #define HAVE_EXPLICIT_BZERO 1
| #define HAVE_FACCESSAT 1
| #define HAVE_FCHMOD 1
| #define HAVE_FCHMODAT 1
| #define HAVE_FCHOWN 1
| #define HAVE_FCHOWNAT 1
| #define HAVE_FDOPENDIR 1
| /* end confdefs.h.  */
| /* Define fdwalk to an innocuous variant, in case <limits.h> declares fdwalk.
|    For example, HP-UX 11i <limits.h> declares gettimeofday.  */
| #define fdwalk innocuous_fdwalk
| 
| /* System header to define __stub macros and hopefully few prototypes,
|    which can conflict with char fdwalk (); below.  */
| 
| #include <limits.h>
| #undef fdwalk
| 
| /* Override any GCC internal prototype to avoid an error.
|    Use char because int might match the return type of a GCC
|    builtin and then its argument prototype would still apply.  */
| #ifdef __cplusplus
| extern "C"
| #endif
| char fdwalk ();
| /* The GNU C library defines this for functions which it implements
|     to always fail with ENOSYS.  Some functions are actually named
|     something starting with __ and the normal name is an alias.  */
| #if defined __stub_fdwalk || defined __stub___fdwalk
| choke me
| #endif
| 
| int
| main (void)
| {
| return fdwalk ();
|   ;
|   return 0;
| }
configure:18020: result: no
configure:18026: checking for fexecve
configure:18026: gcc -o conftest    conftest.c -ldl  >&5
configure:18026: $? = 0
configure:18026: result: yes
configure:18032: checking for fork
configure:18032: gcc -o conftest    conftest.c -ldl  >&5
conftest.c:207:6: warning: conflicting types for built-in function 'fork'; expected 'int(void)' [-Wbuiltin-declaration-mismatch]
  207 | char fork ();
      |      ^~~~
configure:18032: $? = 0
configure:18032: result: yes
configure:18038: checking for fork1
configure:18038: gcc -o conftest    conftest.c -ldl  >&5
/usr/bin/ld: /tmp/ccNgzznw.o: in function `main':
conftest.c:(.text+0x5): undefined reference to `fork1'
collect2: error: ld returned 1 exit status
configure:18038: $? = 1
configure: failed program was:
| /* confdefs.h */
| #define _NETBSD_SOURCE 1
| #define __BSD_VISIBLE 1
| #define _DARWIN_C_SOURCE 1
| #define _PYTHONFRAMEWORK ""
| #define _XOPEN_SOURCE 700
| #define _XOPEN_SOURCE_EXTENDED 1
| #define _POSIX_C_SOURCE 200809L
| #define HAVE_STDIO_H 1
| #define HAVE_STDLIB_H 1
| #define HAVE_STRING_H 1
| #define HAVE_INTTYPES_H 1
| #define HAVE_STDINT_H 1
| #define HAVE_STRINGS_H 1
| #define HAVE_SYS_STAT_H 1
| #define HAVE_SYS_TYPES_H 1
| #define HAVE_UNISTD_H 1
| #define HAVE_WCHAR_H 1
| #define STDC_HEADERS 1
| #define _ALL_SOURCE 1
| #define _DARWIN_C_SOURCE 1
| #define _GNU_SOURCE 1
| #define _HPUX_ALT_XOPEN_SOCKET_API 1
| #define _NETBSD_SOURCE 1
| #define _OPENBSD_SOURCE 1
| #define _POSIX_PTHREAD_SEMANTICS 1
| #define __STDC_WANT_IEC_60559_ATTRIBS_EXT__ 1
| #define __STDC_WANT_IEC_60559_BFP_EXT__ 1
| #define __STDC_WANT_IEC_60559_DFP_EXT__ 1
| #define __STDC_WANT_IEC_60559_FUNCS_EXT__ 1
| #define __STDC_WANT_IEC_60559_TYPES_EXT__ 1
| #define __STDC_WANT_LIB_EXT2__ 1
| #define __STDC_WANT_MATH_SPEC_FUNCS__ 1
| #define _TANDEM_SOURCE 1
| #define __EXTENSIONS__ 1
| #define PY_SUPPORT_TIER 1
| #define Py_ENABLE_SHARED 1
| #define STDC_HEADERS 1
| #define HAVE_ALLOCA_H 1
| #define HAVE_ASM_TYPES_H 1
| #define HAVE_DLFCN_H 1
| #define HAVE_ENDIAN_H 1
| #define HAVE_ERRNO_H 1
| #define HAVE_FCNTL_H 1
| #define HAVE_GRP_H 1
| #define HAVE_LANGINFO_H 1
| #define HAVE_LIBINTL_H 1
| #define HAVE_LINUX_AUXVEC_H 1
| #define HAVE_SYS_AUXV_H 1
| #define HAVE_LINUX_FS_H 1
| #define HAVE_LINUX_LIMITS_H 1
| #define HAVE_LINUX_MEMFD_H 1
| #define HAVE_LINUX_RANDOM_H 1
| #define HAVE_LINUX_SOUNDCARD_H 1
| #define HAVE_LINUX_TIPC_H 1
| #define HAVE_LINUX_WAIT_H 1
| #define HAVE_NETDB_H 1
| #define HAVE_NET_ETHERNET_H 1
| #define HAVE_NETINET_IN_H 1
| #define HAVE_NETPACKET_PACKET_H 1
| #define HAVE_POLL_H 1
| #define HAVE_PTHREAD_H 1
| #define HAVE_PTY_H 1
| #define HAVE_SCHED_H 1
| #define HAVE_SETJMP_H 1
| #define HAVE_SHADOW_H 1
| #define HAVE_SIGNAL_H 1
| #define HAVE_SPAWN_H 1
| #define HAVE_SYS_EPOLL_H 1
| #define HAVE_SYS_EVENTFD_H 1
| #define HAVE_SYS_FILE_H 1
| #define HAVE_SYS_IOCTL_H 1
| #define HAVE_SYS_MMAN_H 1
| #define HAVE_SYS_PARAM_H 1
| #define HAVE_SYS_POLL_H 1
| #define HAVE_SYS_RANDOM_H 1
| #define HAVE_SYS_RESOURCE_H 1
| #define HAVE_SYS_SELECT_H 1
| #define HAVE_SYS_SENDFILE_H 1
| #define HAVE_SYS_SOCKET_H 1
| #define HAVE_SYS_SOUNDCARD_H 1
| #define HAVE_SYS_STAT_H 1
| #define HAVE_SYS_STATVFS_H 1
| #define HAVE_SYS_SYSCALL_H 1
| #define HAVE_SYS_SYSMACROS_H 1
| #define HAVE_SYS_TIME_H 1
| #define HAVE_SYS_TIMES_H 1
| #define HAVE_SYS_TIMERFD_H 1
| #define HAVE_SYS_TYPES_H 1
| #define HAVE_SYS_UIO_H 1
| #define HAVE_SYS_UN_H 1
| #define HAVE_SYS_UTSNAME_H 1
| #define HAVE_SYS_WAIT_H 1
| #define HAVE_SYS_XATTR_H 1
| #define HAVE_SYSEXITS_H 1
| #define HAVE_SYSLOG_H 1
| #define HAVE_TERMIOS_H 1
| #define HAVE_UTIME_H 1
| #define HAVE_UTMP_H 1
| #define HAVE_DIRENT_H 1
| #define MAJOR_IN_SYSMACROS 1
| #define HAVE_NET_IF_H 1
| #define HAVE_LINUX_NETLINK_H 1
| #define HAVE_LINUX_QRTR_H 1
| #define HAVE_LINUX_VM_SOCKETS_H 1
| #define HAVE_LINUX_CAN_H 1
| #define HAVE_LINUX_CAN_BCM_H 1
| #define HAVE_LINUX_CAN_J1939_H 1
| #define HAVE_LINUX_CAN_RAW_H 1
| #define HAVE_CLOCK_T 1
| #define HAVE_MAKEDEV 1
| #define HAVE_HTOLE64 1
| #define _LARGEFILE_SOURCE 1
| #define _FILE_OFFSET_BITS 64
| #if defined(SCO_DS)
| #undef _OFF_T
| #endif
| #define RETSIGTYPE void
| #define HAVE_SSIZE_T 1
| #define HAVE___UINT128_T 1
| #define HAVE_GCC_UINT128_T 1
| #define SIZEOF_INT 4
| #define SIZEOF_LONG 8
| #define ALIGNOF_LONG 8
| #define SIZEOF_LONG_LONG 8
| #define SIZEOF_VOID_P 8
| #define SIZEOF_SHORT 2
| #define SIZEOF_FLOAT 4
| #define SIZEOF_DOUBLE 8
| #define SIZEOF_FPOS_T 16
| #define SIZEOF_SIZE_T 8
| #define ALIGNOF_SIZE_T 8
| #define SIZEOF_PID_T 4
| #define SIZEOF_UINTPTR_T 8
| #define ALIGNOF_MAX_ALIGN_T 16
| #define HAVE_LONG_DOUBLE 1
| #define SIZEOF_LONG_DOUBLE 16
| #define SIZEOF__BOOL 1
| #define SIZEOF_OFF_T 8
| #define SIZEOF_TIME_T 8
| #define SIZEOF_PTHREAD_T 8
| #define SIZEOF_PTHREAD_KEY_T 4
| #define PTHREAD_KEY_T_IS_COMPATIBLE_WITH_INT 1
| #define PY_HAVE_PERF_TRAMPOLINE 1
| #define HAVE_LIBDL 1
| #define HAVE_UUID_UUID_H 1
| #define HAVE_UUID_UUID_H 1
| #define HAVE_FFI_PREP_CIF_VAR 1
| #define HAVE_FFI_PREP_CLOSURE_LOC 1
| #define HAVE_FFI_CLOSURE_ALLOC 1
| #define WITH_DECIMAL_CONTEXTVAR 1
| #define _REENTRANT 1
| #define PTHREAD_SYSTEM_SCHED_SUPPORTED 1
| #define HAVE_PTHREAD_SIGMASK 1
| #define HAVE_PTHREAD_GETCPUCLOCKID 1
| #define ENABLE_IPV6 1
| #define HAVE_LINUX_CAN_RAW_FD_FRAMES 1
| #define HAVE_LINUX_CAN_RAW_JOIN_FILTERS 1
| #define WITH_DOC_STRINGS 1
| #define HAVE_STD_ATOMIC 1
| #define HAVE_BUILTIN_ATOMIC 1
| #define WITH_MIMALLOC 1
| #define WITH_PYMALLOC 1
| #define WITH_FREELISTS 1
| #define PY_COERCE_C_LOCALE 1
| #define HAVE_DLOPEN 1
| #define HAVE_DYNAMIC_LOADING 1
| #define HAVE_ACCEPT4 1
| #define HAVE_ALARM 1
| #define HAVE_BIND_TEXTDOMAIN_CODESET 1
| #define HAVE_CHMOD 1
| #define HAVE_CHOWN 1
| #define HAVE_CLOCK 1
| #define HAVE_CLOSEFROM 1
| #define HAVE_CLOSE_RANGE 1
| #define HAVE_CONFSTR 1
| #define HAVE_COPY_FILE_RANGE 1
| #define HAVE_CTERMID 1
| #define HAVE_DUP 1
| #define HAVE_DUP3 1
| #define HAVE_EXECV 1
| #define HAVE_EXPLICIT_BZERO 1
| #define HAVE_FACCESSAT 1
| #define HAVE_FCHMOD 1
| #define HAVE_FCHMODAT 1
| #define HAVE_FCHOWN 1
| #define HAVE_FCHOWNAT 1
| #define HAVE_FDOPENDIR 1
| #define HAVE_FEXECVE 1
| #define HAVE_FORK 1
| /* end confdefs.h.  */
| /* Define fork1 to an innocuous variant, in case <limits.h> declares fork1.
|    For example, HP-UX 11i <limits.h> declares gettimeofday.  */
| #define fork1 innocuous_fork1
| 
| /* System header to define __stub macros and hopefully few prototypes,
|    which can conflict with char fork1 (); below.  */
| 
| #include <limits.h>
| #undef fork1
| 
| /* Override any GCC internal prototype to avoid an error.
|    Use char because int might match the return type of a GCC
|    builtin and then its argument prototype would still apply.  */
| #ifdef __cplusplus
| extern "C"
| #endif
| char fork1 ();
| /* The GNU C library defines this for functions which it implements
|     to always fail with ENOSYS.  Some functions are actually named
|     something starting with __ and the normal name is an alias.  */
| #if defined __stub_fork1 || defined __stub___fork1
| choke me
| #endif
| 
| int
| main (void)
| {
| return fork1 ();
|   ;
|   return 0;
| }
configure:18038: result: no
configure:18044: checking for fpathconf
configure:18044: gcc -o conftest    conftest.c -ldl  >&5
configure:18044: $? = 0
configure:18044: result: yes
configure:18050: checking for fstatat
configure:18050: gcc -o conftest    conftest.c -ldl  >&5
configure:18050: $? = 0
configure:18050: result: yes
configure:18056: checking for ftime
configure:18056: gcc -o conftest    conftest.c -ldl  >&5
configure:18056: $? = 0
configure:18056: result: yes
configure:18062: checking for ftruncate
configure:18062: gcc -o conftest    conftest.c -ldl  >&5
configure:18062: $? = 0
configure:18062: result: yes
configure:18068: checking for futimens
configure:18068: gcc -o conftest    conftest.c -ldl  >&5
configure:18068: $? = 0
configure:18068: result: yes
configure:18074: checking for futimes
configure:18074: gcc -o conftest    conftest.c -ldl  >&5
configure:18074: $? = 0
configure:18074: result: yes
configure:18080: checking for futimesat
configure:18080: gcc -o conftest    conftest.c -ldl  >&5
configure:18080: $? = 0
configure:18080: result: yes
configure:18086: checking for gai_strerror
configure:18086: gcc -o conftest    conftest.c -ldl  >&5
configure:18086: $? = 0
configure:18086: result: yes
configure:18092: checking for getegid
configure:18092: gcc -o conftest    conftest.c -ldl  >&5
configure:18092: $? = 0
configure:18092: result: yes
configure:18098: checking for geteuid
configure:18098: gcc -o conftest    conftest.c -ldl  >&5
configure:18098: $? = 0
configure:18098: result: yes
configure:18104: checking for getgid
configure:18104: gcc -o conftest    conftest.c -ldl  >&5
configure:18104: $? = 0
configure:18104: result: yes
configure:18110: checking for getgrent
configure:18110: gcc -o conftest    conftest.c -ldl  >&5
configure:18110: $? = 0
configure:18110: result: yes
configure:18116: checking for getgrgid
configure:18116: gcc -o conftest    conftest.c -ldl  >&5
configure:18116: $? = 0
configure:18116: result: yes
configure:18122: checking for getgrgid_r
configure:18122: gcc -o conftest    conftest.c -ldl  >&5
configure:18122: $? = 0
configure:18122: result: yes
configure:18128: checking for getgrnam_r
configure:18128: gcc -o conftest    conftest.c -ldl  >&5
configure:18128: $? = 0
configure:18128: result: yes
configure:18134: checking for getgrouplist
configure:18134: gcc -o conftest    conftest.c -ldl  >&5
configure:18134: $? = 0
configure:18134: result: yes
configure:18140: checking for gethostname
configure:18140: gcc -o conftest    conftest.c -ldl  >&5
configure:18140: $? = 0
configure:18140: result: yes
configure:18146: checking for getitimer
configure:18146: gcc -o conftest    conftest.c -ldl  >&5
configure:18146: $? = 0
configure:18146: result: yes
configure:18152: checking for getloadavg
configure:18152: gcc -o conftest    conftest.c -ldl  >&5
configure:18152: $? = 0
configure:18152: result: yes
configure:18158: checking for getlogin
configure:18158: gcc -o conftest    conftest.c -ldl  >&5
configure:18158: $? = 0
configure:18158: result: yes
configure:18164: checking for getpeername
configure:18164: gcc -o conftest    conftest.c -ldl  >&5
configure:18164: $? = 0
configure:18164: result: yes
configure:18170: checking for getpgid
configure:18170: gcc -o conftest    conftest.c -ldl  >&5
configure:18170: $? = 0
configure:18170: result: yes
configure:18176: checking for getpid
configure:18176: gcc -o conftest    conftest.c -ldl  >&5
configure:18176: $? = 0
configure:18176: result: yes
configure:18182: checking for getppid
configure:18182: gcc -o conftest    conftest.c -ldl  >&5
configure:18182: $? = 0
configure:18182: result: yes
configure:18188: checking for getpriority
configure:18188: gcc -o conftest    conftest.c -ldl  >&5
configure:18188: $? = 0
configure:18188: result: yes
configure:18194: checking for _getpty
configure:18194: gcc -o conftest    conftest.c -ldl  >&5
/usr/bin/ld: /tmp/ccsl3wvx.o: in function `main':
conftest.c:(.text+0x5): undefined reference to `_getpty'
collect2: error: ld returned 1 exit status
configure:18194: $? = 1
configure: failed program was:
| /* confdefs.h */
| #define _NETBSD_SOURCE 1
| #define __BSD_VISIBLE 1
| #define _DARWIN_C_SOURCE 1
| #define _PYTHONFRAMEWORK ""
| #define _XOPEN_SOURCE 700
| #define _XOPEN_SOURCE_EXTENDED 1
| #define _POSIX_C_SOURCE 200809L
| #define HAVE_STDIO_H 1
| #define HAVE_STDLIB_H 1
| #define HAVE_STRING_H 1
| #define HAVE_INTTYPES_H 1
| #define HAVE_STDINT_H 1
| #define HAVE_STRINGS_H 1
| #define HAVE_SYS_STAT_H 1
| #define HAVE_SYS_TYPES_H 1
| #define HAVE_UNISTD_H 1
| #define HAVE_WCHAR_H 1
| #define STDC_HEADERS 1
| #define _ALL_SOURCE 1
| #define _DARWIN_C_SOURCE 1
| #define _GNU_SOURCE 1
| #define _HPUX_ALT_XOPEN_SOCKET_API 1
| #define _NETBSD_SOURCE 1
| #define _OPENBSD_SOURCE 1
| #define _POSIX_PTHREAD_SEMANTICS 1
| #define __STDC_WANT_IEC_60559_ATTRIBS_EXT__ 1
| #define __STDC_WANT_IEC_60559_BFP_EXT__ 1
| #define __STDC_WANT_IEC_60559_DFP_EXT__ 1
| #define __STDC_WANT_IEC_60559_FUNCS_EXT__ 1
| #define __STDC_WANT_IEC_60559_TYPES_EXT__ 1
| #define __STDC_WANT_LIB_EXT2__ 1
| #define __STDC_WANT_MATH_SPEC_FUNCS__ 1
| #define _TANDEM_SOURCE 1
| #define __EXTENSIONS__ 1
| #define PY_SUPPORT_TIER 1
| #define Py_ENABLE_SHARED 1
| #define STDC_HEADERS 1
| #define HAVE_ALLOCA_H 1
| #define HAVE_ASM_TYPES_H 1
| #define HAVE_DLFCN_H 1
| #define HAVE_ENDIAN_H 1
| #define HAVE_ERRNO_H 1
| #define HAVE_FCNTL_H 1
| #define HAVE_GRP_H 1
| #define HAVE_LANGINFO_H 1
| #define HAVE_LIBINTL_H 1
| #define HAVE_LINUX_AUXVEC_H 1
| #define HAVE_SYS_AUXV_H 1
| #define HAVE_LINUX_FS_H 1
| #define HAVE_LINUX_LIMITS_H 1
| #define HAVE_LINUX_MEMFD_H 1
| #define HAVE_LINUX_RANDOM_H 1
| #define HAVE_LINUX_SOUNDCARD_H 1
| #define HAVE_LINUX_TIPC_H 1
| #define HAVE_LINUX_WAIT_H 1
| #define HAVE_NETDB_H 1
| #define HAVE_NET_ETHERNET_H 1
| #define HAVE_NETINET_IN_H 1
| #define HAVE_NETPACKET_PACKET_H 1
| #define HAVE_POLL_H 1
| #define HAVE_PTHREAD_H 1
| #define HAVE_PTY_H 1
| #define HAVE_SCHED_H 1
| #define HAVE_SETJMP_H 1
| #define HAVE_SHADOW_H 1
| #define HAVE_SIGNAL_H 1
| #define HAVE_SPAWN_H 1
| #define HAVE_SYS_EPOLL_H 1
| #define HAVE_SYS_EVENTFD_H 1
| #define HAVE_SYS_FILE_H 1
| #define HAVE_SYS_IOCTL_H 1
| #define HAVE_SYS_MMAN_H 1
| #define HAVE_SYS_PARAM_H 1
| #define HAVE_SYS_POLL_H 1
| #define HAVE_SYS_RANDOM_H 1
| #define HAVE_SYS_RESOURCE_H 1
| #define HAVE_SYS_SELECT_H 1
| #define HAVE_SYS_SENDFILE_H 1
| #define HAVE_SYS_SOCKET_H 1
| #define HAVE_SYS_SOUNDCARD_H 1
| #define HAVE_SYS_STAT_H 1
| #define HAVE_SYS_STATVFS_H 1
| #define HAVE_SYS_SYSCALL_H 1
| #define HAVE_SYS_SYSMACROS_H 1
| #define HAVE_SYS_TIME_H 1
| #define HAVE_SYS_TIMES_H 1
| #define HAVE_SYS_TIMERFD_H 1
| #define HAVE_SYS_TYPES_H 1
| #define HAVE_SYS_UIO_H 1
| #define HAVE_SYS_UN_H 1
| #define HAVE_SYS_UTSNAME_H 1
| #define HAVE_SYS_WAIT_H 1
| #define HAVE_SYS_XATTR_H 1
| #define HAVE_SYSEXITS_H 1
| #define HAVE_SYSLOG_H 1
| #define HAVE_TERMIOS_H 1
| #define HAVE_UTIME_H 1
| #define HAVE_UTMP_H 1
| #define HAVE_DIRENT_H 1
| #define MAJOR_IN_SYSMACROS 1
| #define HAVE_NET_IF_H 1
| #define HAVE_LINUX_NETLINK_H 1
| #define HAVE_LINUX_QRTR_H 1
| #define HAVE_LINUX_VM_SOCKETS_H 1
| #define HAVE_LINUX_CAN_H 1
| #define HAVE_LINUX_CAN_BCM_H 1
| #define HAVE_LINUX_CAN_J1939_H 1
| #define HAVE_LINUX_CAN_RAW_H 1
| #define HAVE_CLOCK_T 1
| #define HAVE_MAKEDEV 1
| #define HAVE_HTOLE64 1
| #define _LARGEFILE_SOURCE 1
| #define _FILE_OFFSET_BITS 64
| #if defined(SCO_DS)
| #undef _OFF_T
| #endif
| #define RETSIGTYPE void
| #define HAVE_SSIZE_T 1
| #define HAVE___UINT128_T 1
| #define HAVE_GCC_UINT128_T 1
| #define SIZEOF_INT 4
| #define SIZEOF_LONG 8
| #define ALIGNOF_LONG 8
| #define SIZEOF_LONG_LONG 8
| #define SIZEOF_VOID_P 8
| #define SIZEOF_SHORT 2
| #define SIZEOF_FLOAT 4
| #define SIZEOF_DOUBLE 8
| #define SIZEOF_FPOS_T 16
| #define SIZEOF_SIZE_T 8
| #define ALIGNOF_SIZE_T 8
| #define SIZEOF_PID_T 4
| #define SIZEOF_UINTPTR_T 8
| #define ALIGNOF_MAX_ALIGN_T 16
| #define HAVE_LONG_DOUBLE 1
| #define SIZEOF_LONG_DOUBLE 16
| #define SIZEOF__BOOL 1
| #define SIZEOF_OFF_T 8
| #define SIZEOF_TIME_T 8
| #define SIZEOF_PTHREAD_T 8
| #define SIZEOF_PTHREAD_KEY_T 4
| #define PTHREAD_KEY_T_IS_COMPATIBLE_WITH_INT 1
| #define PY_HAVE_PERF_TRAMPOLINE 1
| #define HAVE_LIBDL 1
| #define HAVE_UUID_UUID_H 1
| #define HAVE_UUID_UUID_H 1
| #define HAVE_FFI_PREP_CIF_VAR 1
| #define HAVE_FFI_PREP_CLOSURE_LOC 1
| #define HAVE_FFI_CLOSURE_ALLOC 1
| #define WITH_DECIMAL_CONTEXTVAR 1
| #define _REENTRANT 1
| #define PTHREAD_SYSTEM_SCHED_SUPPORTED 1
| #define HAVE_PTHREAD_SIGMASK 1
| #define HAVE_PTHREAD_GETCPUCLOCKID 1
| #define ENABLE_IPV6 1
| #define HAVE_LINUX_CAN_RAW_FD_FRAMES 1
| #define HAVE_LINUX_CAN_RAW_JOIN_FILTERS 1
| #define WITH_DOC_STRINGS 1
| #define HAVE_STD_ATOMIC 1
| #define HAVE_BUILTIN_ATOMIC 1
| #define WITH_MIMALLOC 1
| #define WITH_PYMALLOC 1
| #define WITH_FREELISTS 1
| #define PY_COERCE_C_LOCALE 1
| #define HAVE_DLOPEN 1
| #define HAVE_DYNAMIC_LOADING 1
| #define HAVE_ACCEPT4 1
| #define HAVE_ALARM 1
| #define HAVE_BIND_TEXTDOMAIN_CODESET 1
| #define HAVE_CHMOD 1
| #define HAVE_CHOWN 1
| #define HAVE_CLOCK 1
| #define HAVE_CLOSEFROM 1
| #define HAVE_CLOSE_RANGE 1
| #define HAVE_CONFSTR 1
| #define HAVE_COPY_FILE_RANGE 1
| #define HAVE_CTERMID 1
| #define HAVE_DUP 1
| #define HAVE_DUP3 1
| #define HAVE_EXECV 1
| #define HAVE_EXPLICIT_BZERO 1
| #define HAVE_FACCESSAT 1
| #define HAVE_FCHMOD 1
| #define HAVE_FCHMODAT 1
| #define HAVE_FCHOWN 1
| #define HAVE_FCHOWNAT 1
| #define HAVE_FDOPENDIR 1
| #define HAVE_FEXECVE 1
| #define HAVE_FORK 1
| #define HAVE_FPATHCONF 1
| #define HAVE_FSTATAT 1
| #define HAVE_FTIME 1
| #define HAVE_FTRUNCATE 1
| #define HAVE_FUTIMENS 1
| #define HAVE_FUTIMES 1
| #define HAVE_FUTIMESAT 1
| #define HAVE_GAI_STRERROR 1
| #define HAVE_GETEGID 1
| #define HAVE_GETEUID 1
| #define HAVE_GETGID 1
| #define HAVE_GETGRENT 1
| #define HAVE_GETGRGID 1
| #define HAVE_GETGRGID_R 1
| #define HAVE_GETGRNAM_R 1
| #define HAVE_GETGROUPLIST 1
| #define HAVE_GETHOSTNAME 1
| #define HAVE_GETITIMER 1
| #define HAVE_GETLOADAVG 1
| #define HAVE_GETLOGIN 1
| #define HAVE_GETPEERNAME 1
| #define HAVE_GETPGID 1
| #define HAVE_GETPID 1
| #define HAVE_GETPPID 1
| #define HAVE_GETPRIORITY 1
| /* end confdefs.h.  */
| /* Define _getpty to an innocuous variant, in case <limits.h> declares _getpty.
|    For example, HP-UX 11i <limits.h> declares gettimeofday.  */
| #define _getpty innocuous__getpty
| 
| /* System header to define __stub macros and hopefully few prototypes,
|    which can conflict with char _getpty (); below.  */
| 
| #include <limits.h>
| #undef _getpty
| 
| /* Override any GCC internal prototype to avoid an error.
|    Use char because int might match the return type of a GCC
|    builtin and then its argument prototype would still apply.  */
| #ifdef __cplusplus
| extern "C"
| #endif
| char _getpty ();
| /* The GNU C library defines this for functions which it implements
|     to always fail with ENOSYS.  Some functions are actually named
|     something starting with __ and the normal name is an alias.  */
| #if defined __stub__getpty || defined __stub____getpty
| choke me
| #endif
| 
| int
| main (void)
| {
| return _getpty ();
|   ;
|   return 0;
| }
configure:18194: result: no
configure:18200: checking for getpwent
configure:18200: gcc -o conftest    conftest.c -ldl  >&5
configure:18200: $? = 0
configure:18200: result: yes
configure:18206: checking for getpwnam_r
configure:18206: gcc -o conftest    conftest.c -ldl  >&5
configure:18206: $? = 0
configure:18206: result: yes
configure:18212: checking for getpwuid
configure:18212: gcc -o conftest    conftest.c -ldl  >&5
configure:18212: $? = 0
configure:18212: result: yes
configure:18218: checking for getpwuid_r
configure:18218: gcc -o conftest    conftest.c -ldl  >&5
configure:18218: $? = 0
configure:18218: result: yes
configure:18224: checking for getresgid
configure:18224: gcc -o conftest    conftest.c -ldl  >&5
configure:18224: $? = 0
configure:18224: result: yes
configure:18230: checking for getresuid
configure:18230: gcc -o conftest    conftest.c -ldl  >&5
configure:18230: $? = 0
configure:18230: result: yes
configure:18236: checking for getrusage
configure:18236: gcc -o conftest    conftest.c -ldl  >&5
configure:18236: $? = 0
configure:18236: result: yes
configure:18242: checking for getsid
configure:18242: gcc -o conftest    conftest.c -ldl  >&5
configure:18242: $? = 0
configure:18242: result: yes
configure:18248: checking for getspent
configure:18248: gcc -o conftest    conftest.c -ldl  >&5
configure:18248: $? = 0
configure:18248: result: yes
configure:18254: checking for getspnam
configure:18254: gcc -o conftest    conftest.c -ldl  >&5
configure:18254: $? = 0
configure:18254: result: yes
configure:18260: checking for getuid
configure:18260: gcc -o conftest    conftest.c -ldl  >&5
configure:18260: $? = 0
configure:18260: result: yes
configure:18266: checking for getwd
configure:18266: gcc -o conftest    conftest.c -ldl  >&5
/usr/bin/ld: /tmp/cczhSv15.o: in function `main':
conftest.c:(.text+0x5): warning: the `getwd' function is dangerous and should not be used.
configure:18266: $? = 0
configure:18266: result: yes
configure:18272: checking for grantpt
configure:18272: gcc -o conftest    conftest.c -ldl  >&5
configure:18272: $? = 0
configure:18272: result: yes
configure:18278: checking for if_nameindex
configure:18278: gcc -o conftest    conftest.c -ldl  >&5
configure:18278: $? = 0
configure:18278: result: yes
configure:18284: checking for initgroups
configure:18284: gcc -o conftest    conftest.c -ldl  >&5
configure:18284: $? = 0
configure:18284: result: yes
configure:18290: checking for kill
configure:18290: gcc -o conftest    conftest.c -ldl  >&5
configure:18290: $? = 0
configure:18290: result: yes
configure:18296: checking for killpg
configure:18296: gcc -o conftest    conftest.c -ldl  >&5
configure:18296: $? = 0
configure:18296: result: yes
configure:18302: checking for lchown
configure:18302: gcc -o conftest    conftest.c -ldl  >&5
configure:18302: $? = 0
configure:18302: result: yes
configure:18308: checking for linkat
configure:18308: gcc -o conftest    conftest.c -ldl  >&5
configure:18308: $? = 0
configure:18308: result: yes
configure:18314: checking for lockf
configure:18314: gcc -o conftest    conftest.c -ldl  >&5
configure:18314: $? = 0
configure:18314: result: yes
configure:18320: checking for lstat
configure:18320: gcc -o conftest    conftest.c -ldl  >&5
configure:18320: $? = 0
configure:18320: result: yes
configure:18326: checking for lutimes
configure:18326: gcc -o conftest    conftest.c -ldl  >&5
configure:18326: $? = 0
configure:18326: result: yes
configure:18332: checking for madvise
configure:18332: gcc -o conftest    conftest.c -ldl  >&5
configure:18332: $? = 0
configure:18332: result: yes
configure:18338: checking for mbrtowc
configure:18338: gcc -o conftest    conftest.c -ldl  >&5
configure:18338: $? = 0
configure:18338: result: yes
configure:18344: checking for memrchr
configure:18344: gcc -o conftest    conftest.c -ldl  >&5
configure:18344: $? = 0
configure:18344: result: yes
configure:18350: checking for mkdirat
configure:18350: gcc -o conftest    conftest.c -ldl  >&5
configure:18350: $? = 0
configure:18350: result: yes
configure:18356: checking for mkfifo
configure:18356: gcc -o conftest    conftest.c -ldl  >&5
configure:18356: $? = 0
configure:18356: result: yes
configure:18362: checking for mkfifoat
configure:18362: gcc -o conftest    conftest.c -ldl  >&5
configure:18362: $? = 0
configure:18362: result: yes
configure:18368: checking for mknod
configure:18368: gcc -o conftest    conftest.c -ldl  >&5
configure:18368: $? = 0
configure:18368: result: yes
configure:18374: checking for mknodat
configure:18374: gcc -o conftest    conftest.c -ldl  >&5
configure:18374: $? = 0
configure:18374: result: yes
configure:18380: checking for mktime
configure:18380: gcc -o conftest    conftest.c -ldl  >&5
configure:18380: $? = 0
configure:18380: result: yes
configure:18386: checking for mmap
configure:18386: gcc -o conftest    conftest.c -ldl  >&5
configure:18386: $? = 0
configure:18386: result: yes
configure:18392: checking for mremap
configure:18392: gcc -o conftest    conftest.c -ldl  >&5
configure:18392: $? = 0
configure:18392: result: yes
configure:18398: checking for nice
configure:18398: gcc -o conftest    conftest.c -ldl  >&5
configure:18398: $? = 0
configure:18398: result: yes
configure:18404: checking for openat
configure:18404: gcc -o conftest    conftest.c -ldl  >&5
configure:18404: $? = 0
configure:18404: result: yes
configure:18410: checking for opendir
configure:18410: gcc -o conftest    conftest.c -ldl  >&5
configure:18410: $? = 0
configure:18410: result: yes
configure:18416: checking for pathconf
configure:18416: gcc -o conftest    conftest.c -ldl  >&5
configure:18416: $? = 0
configure:18416: result: yes
configure:18422: checking for pause
configure:18422: gcc -o conftest    conftest.c -ldl  >&5
configure:18422: $? = 0
configure:18422: result: yes
configure:18428: checking for pipe
configure:18428: gcc -o conftest    conftest.c -ldl  >&5
configure:18428: $? = 0
configure:18428: result: yes
configure:18434: checking for pipe2
configure:18434: gcc -o conftest    conftest.c -ldl  >&5
configure:18434: $? = 0
configure:18434: result: yes
configure:18440: checking for plock
configure:18440: gcc -o conftest    conftest.c -ldl  >&5
/usr/bin/ld: /tmp/ccaiIAfO.o: in function `main':
conftest.c:(.text+0x5): undefined reference to `plock'
collect2: error: ld returned 1 exit status
configure:18440: $? = 1
configure: failed program was:
| /* confdefs.h */
| #define _NETBSD_SOURCE 1
| #define __BSD_VISIBLE 1
| #define _DARWIN_C_SOURCE 1
| #define _PYTHONFRAMEWORK ""
| #define _XOPEN_SOURCE 700
| #define _XOPEN_SOURCE_EXTENDED 1
| #define _POSIX_C_SOURCE 200809L
| #define HAVE_STDIO_H 1
| #define HAVE_STDLIB_H 1
| #define HAVE_STRING_H 1
| #define HAVE_INTTYPES_H 1
| #define HAVE_STDINT_H 1
| #define HAVE_STRINGS_H 1
| #define HAVE_SYS_STAT_H 1
| #define HAVE_SYS_TYPES_H 1
| #define HAVE_UNISTD_H 1
| #define HAVE_WCHAR_H 1
| #define STDC_HEADERS 1
| #define _ALL_SOURCE 1
| #define _DARWIN_C_SOURCE 1
| #define _GNU_SOURCE 1
| #define _HPUX_ALT_XOPEN_SOCKET_API 1
| #define _NETBSD_SOURCE 1
| #define _OPENBSD_SOURCE 1
| #define _POSIX_PTHREAD_SEMANTICS 1
| #define __STDC_WANT_IEC_60559_ATTRIBS_EXT__ 1
| #define __STDC_WANT_IEC_60559_BFP_EXT__ 1
| #define __STDC_WANT_IEC_60559_DFP_EXT__ 1
| #define __STDC_WANT_IEC_60559_FUNCS_EXT__ 1
| #define __STDC_WANT_IEC_60559_TYPES_EXT__ 1
| #define __STDC_WANT_LIB_EXT2__ 1
| #define __STDC_WANT_MATH_SPEC_FUNCS__ 1
| #define _TANDEM_SOURCE 1
| #define __EXTENSIONS__ 1
| #define PY_SUPPORT_TIER 1
| #define Py_ENABLE_SHARED 1
| #define STDC_HEADERS 1
| #define HAVE_ALLOCA_H 1
| #define HAVE_ASM_TYPES_H 1
| #define HAVE_DLFCN_H 1
| #define HAVE_ENDIAN_H 1
| #define HAVE_ERRNO_H 1
| #define HAVE_FCNTL_H 1
| #define HAVE_GRP_H 1
| #define HAVE_LANGINFO_H 1
| #define HAVE_LIBINTL_H 1
| #define HAVE_LINUX_AUXVEC_H 1
| #define HAVE_SYS_AUXV_H 1
| #define HAVE_LINUX_FS_H 1
| #define HAVE_LINUX_LIMITS_H 1
| #define HAVE_LINUX_MEMFD_H 1
| #define HAVE_LINUX_RANDOM_H 1
| #define HAVE_LINUX_SOUNDCARD_H 1
| #define HAVE_LINUX_TIPC_H 1
| #define HAVE_LINUX_WAIT_H 1
| #define HAVE_NETDB_H 1
| #define HAVE_NET_ETHERNET_H 1
| #define HAVE_NETINET_IN_H 1
| #define HAVE_NETPACKET_PACKET_H 1
| #define HAVE_POLL_H 1
| #define HAVE_PTHREAD_H 1
| #define HAVE_PTY_H 1
| #define HAVE_SCHED_H 1
| #define HAVE_SETJMP_H 1
| #define HAVE_SHADOW_H 1
| #define HAVE_SIGNAL_H 1
| #define HAVE_SPAWN_H 1
| #define HAVE_SYS_EPOLL_H 1
| #define HAVE_SYS_EVENTFD_H 1
| #define HAVE_SYS_FILE_H 1
| #define HAVE_SYS_IOCTL_H 1
| #define HAVE_SYS_MMAN_H 1
| #define HAVE_SYS_PARAM_H 1
| #define HAVE_SYS_POLL_H 1
| #define HAVE_SYS_RANDOM_H 1
| #define HAVE_SYS_RESOURCE_H 1
| #define HAVE_SYS_SELECT_H 1
| #define HAVE_SYS_SENDFILE_H 1
| #define HAVE_SYS_SOCKET_H 1
| #define HAVE_SYS_SOUNDCARD_H 1
| #define HAVE_SYS_STAT_H 1
| #define HAVE_SYS_STATVFS_H 1
| #define HAVE_SYS_SYSCALL_H 1
| #define HAVE_SYS_SYSMACROS_H 1
| #define HAVE_SYS_TIME_H 1
| #define HAVE_SYS_TIMES_H 1
| #define HAVE_SYS_TIMERFD_H 1
| #define HAVE_SYS_TYPES_H 1
| #define HAVE_SYS_UIO_H 1
| #define HAVE_SYS_UN_H 1
| #define HAVE_SYS_UTSNAME_H 1
| #define HAVE_SYS_WAIT_H 1
| #define HAVE_SYS_XATTR_H 1
| #define HAVE_SYSEXITS_H 1
| #define HAVE_SYSLOG_H 1
| #define HAVE_TERMIOS_H 1
| #define HAVE_UTIME_H 1
| #define HAVE_UTMP_H 1
| #define HAVE_DIRENT_H 1
| #define MAJOR_IN_SYSMACROS 1
| #define HAVE_NET_IF_H 1
| #define HAVE_LINUX_NETLINK_H 1
| #define HAVE_LINUX_QRTR_H 1
| #define HAVE_LINUX_VM_SOCKETS_H 1
| #define HAVE_LINUX_CAN_H 1
| #define HAVE_LINUX_CAN_BCM_H 1
| #define HAVE_LINUX_CAN_J1939_H 1
| #define HAVE_LINUX_CAN_RAW_H 1
| #define HAVE_CLOCK_T 1
| #define HAVE_MAKEDEV 1
| #define HAVE_HTOLE64 1
| #define _LARGEFILE_SOURCE 1
| #define _FILE_OFFSET_BITS 64
| #if defined(SCO_DS)
| #undef _OFF_T
| #endif
| #define RETSIGTYPE void
| #define HAVE_SSIZE_T 1
| #define HAVE___UINT128_T 1
| #define HAVE_GCC_UINT128_T 1
| #define SIZEOF_INT 4
| #define SIZEOF_LONG 8
| #define ALIGNOF_LONG 8
| #define SIZEOF_LONG_LONG 8
| #define SIZEOF_VOID_P 8
| #define SIZEOF_SHORT 2
| #define SIZEOF_FLOAT 4
| #define SIZEOF_DOUBLE 8
| #define SIZEOF_FPOS_T 16
| #define SIZEOF_SIZE_T 8
| #define ALIGNOF_SIZE_T 8
| #define SIZEOF_PID_T 4
| #define SIZEOF_UINTPTR_T 8
| #define ALIGNOF_MAX_ALIGN_T 16
| #define HAVE_LONG_DOUBLE 1
| #define SIZEOF_LONG_DOUBLE 16
| #define SIZEOF__BOOL 1
| #define SIZEOF_OFF_T 8
| #define SIZEOF_TIME_T 8
| #define SIZEOF_PTHREAD_T 8
| #define SIZEOF_PTHREAD_KEY_T 4
| #define PTHREAD_KEY_T_IS_COMPATIBLE_WITH_INT 1
| #define PY_HAVE_PERF_TRAMPOLINE 1
| #define HAVE_LIBDL 1
| #define HAVE_UUID_UUID_H 1
| #define HAVE_UUID_UUID_H 1
| #define HAVE_FFI_PREP_CIF_VAR 1
| #define HAVE_FFI_PREP_CLOSURE_LOC 1
| #define HAVE_FFI_CLOSURE_ALLOC 1
| #define WITH_DECIMAL_CONTEXTVAR 1
| #define _REENTRANT 1
| #define PTHREAD_SYSTEM_SCHED_SUPPORTED 1
| #define HAVE_PTHREAD_SIGMASK 1
| #define HAVE_PTHREAD_GETCPUCLOCKID 1
| #define ENABLE_IPV6 1
| #define HAVE_LINUX_CAN_RAW_FD_FRAMES 1
| #define HAVE_LINUX_CAN_RAW_JOIN_FILTERS 1
| #define WITH_DOC_STRINGS 1
| #define HAVE_STD_ATOMIC 1
| #define HAVE_BUILTIN_ATOMIC 1
| #define WITH_MIMALLOC 1
| #define WITH_PYMALLOC 1
| #define WITH_FREELISTS 1
| #define PY_COERCE_C_LOCALE 1
| #define HAVE_DLOPEN 1
| #define HAVE_DYNAMIC_LOADING 1
| #define HAVE_ACCEPT4 1
| #define HAVE_ALARM 1
| #define HAVE_BIND_TEXTDOMAIN_CODESET 1
| #define HAVE_CHMOD 1
| #define HAVE_CHOWN 1
| #define HAVE_CLOCK 1
| #define HAVE_CLOSEFROM 1
| #define HAVE_CLOSE_RANGE 1
| #define HAVE_CONFSTR 1
| #define HAVE_COPY_FILE_RANGE 1
| #define HAVE_CTERMID 1
| #define HAVE_DUP 1
| #define HAVE_DUP3 1
| #define HAVE_EXECV 1
| #define HAVE_EXPLICIT_BZERO 1
| #define HAVE_FACCESSAT 1
| #define HAVE_FCHMOD 1
| #define HAVE_FCHMODAT 1
| #define HAVE_FCHOWN 1
| #define HAVE_FCHOWNAT 1
| #define HAVE_FDOPENDIR 1
| #define HAVE_FEXECVE 1
| #define HAVE_FORK 1
| #define HAVE_FPATHCONF 1
| #define HAVE_FSTATAT 1
| #define HAVE_FTIME 1
| #define HAVE_FTRUNCATE 1
| #define HAVE_FUTIMENS 1
| #define HAVE_FUTIMES 1
| #define HAVE_FUTIMESAT 1
| #define HAVE_GAI_STRERROR 1
| #define HAVE_GETEGID 1
| #define HAVE_GETEUID 1
| #define HAVE_GETGID 1
| #define HAVE_GETGRENT 1
| #define HAVE_GETGRGID 1
| #define HAVE_GETGRGID_R 1
| #define HAVE_GETGRNAM_R 1
| #define HAVE_GETGROUPLIST 1
| #define HAVE_GETHOSTNAME 1
| #define HAVE_GETITIMER 1
| #define HAVE_GETLOADAVG 1
| #define HAVE_GETLOGIN 1
| #define HAVE_GETPEERNAME 1
| #define HAVE_GETPGID 1
| #define HAVE_GETPID 1
| #define HAVE_GETPPID 1
| #define HAVE_GETPRIORITY 1
| #define HAVE_GETPWENT 1
| #define HAVE_GETPWNAM_R 1
| #define HAVE_GETPWUID 1
| #define HAVE_GETPWUID_R 1
| #define HAVE_GETRESGID 1
| #define HAVE_GETRESUID 1
| #define HAVE_GETRUSAGE 1
| #define HAVE_GETSID 1
| #define HAVE_GETSPENT 1
| #define HAVE_GETSPNAM 1
| #define HAVE_GETUID 1
| #define HAVE_GETWD 1
| #define HAVE_GRANTPT 1
| #define HAVE_IF_NAMEINDEX 1
| #define HAVE_INITGROUPS 1
| #define HAVE_KILL 1
| #define HAVE_KILLPG 1
| #define HAVE_LCHOWN 1
| #define HAVE_LINKAT 1
| #define HAVE_LOCKF 1
| #define HAVE_LSTAT 1
| #define HAVE_LUTIMES 1
| #define HAVE_MADVISE 1
| #define HAVE_MBRTOWC 1
| #define HAVE_MEMRCHR 1
| #define HAVE_MKDIRAT 1
| #define HAVE_MKFIFO 1
| #define HAVE_MKFIFOAT 1
| #define HAVE_MKNOD 1
| #define HAVE_MKNODAT 1
| #define HAVE_MKTIME 1
| #define HAVE_MMAP 1
| #define HAVE_MREMAP 1
| #define HAVE_NICE 1
| #define HAVE_OPENAT 1
| #define HAVE_OPENDIR 1
| #define HAVE_PATHCONF 1
| #define HAVE_PAUSE 1
| #define HAVE_PIPE 1
| #define HAVE_PIPE2 1
| /* end confdefs.h.  */
| /* Define plock to an innocuous variant, in case <limits.h> declares plock.
|    For example, HP-UX 11i <limits.h> declares gettimeofday.  */
| #define plock innocuous_plock
| 
| /* System header to define __stub macros and hopefully few prototypes,
|    which can conflict with char plock (); below.  */
| 
| #include <limits.h>
| #undef plock
| 
| /* Override any GCC internal prototype to avoid an error.
|    Use char because int might match the return type of a GCC
|    builtin and then its argument prototype would still apply.  */
| #ifdef __cplusplus
| extern "C"
| #endif
| char plock ();
| /* The GNU C library defines this for functions which it implements
|     to always fail with ENOSYS.  Some functions are actually named
|     something starting with __ and the normal name is an alias.  */
| #if defined __stub_plock || defined __stub___plock
| choke me
| #endif
| 
| int
| main (void)
| {
| return plock ();
|   ;
|   return 0;
| }
configure:18440: result: no
configure:18446: checking for poll
configure:18446: gcc -o conftest    conftest.c -ldl  >&5
configure:18446: $? = 0
configure:18446: result: yes
configure:18452: checking for posix_fadvise
configure:18452: gcc -o conftest    conftest.c -ldl  >&5
configure:18452: $? = 0
configure:18452: result: yes
configure:18458: checking for posix_fallocate
configure:18458: gcc -o conftest    conftest.c -ldl  >&5
configure:18458: $? = 0
configure:18458: result: yes
configure:18464: checking for posix_openpt
configure:18464: gcc -o conftest    conftest.c -ldl  >&5
configure:18464: $? = 0
configure:18464: result: yes
configure:18470: checking for posix_spawn
configure:18470: gcc -o conftest    conftest.c -ldl  >&5
configure:18470: $? = 0
configure:18470: result: yes
configure:18476: checking for posix_spawnp
configure:18476: gcc -o conftest    conftest.c -ldl  >&5
configure:18476: $? = 0
configure:18476: result: yes
configure:18482: checking for posix_spawn_file_actions_addclosefrom_np
configure:18482: gcc -o conftest    conftest.c -ldl  >&5
configure:18482: $? = 0
configure:18482: result: yes
configure:18488: checking for pread
configure:18488: gcc -o conftest    conftest.c -ldl  >&5
configure:18488: $? = 0
configure:18488: result: yes
configure:18494: checking for preadv
configure:18494: gcc -o conftest    conftest.c -ldl  >&5
configure:18494: $? = 0
configure:18494: result: yes
configure:18500: checking for preadv2
configure:18500: gcc -o conftest    conftest.c -ldl  >&5
configure:18500: $? = 0
configure:18500: result: yes
configure:18506: checking for process_vm_readv
configure:18506: gcc -o conftest    conftest.c -ldl  >&5
configure:18506: $? = 0
configure:18506: result: yes
configure:18512: checking for pthread_cond_timedwait_relative_np
configure:18512: gcc -o conftest    conftest.c -ldl  >&5
/usr/bin/ld: /tmp/ccKanYI7.o: in function `main':
conftest.c:(.text+0x5): undefined reference to `pthread_cond_timedwait_relative_np'
collect2: error: ld returned 1 exit status
configure:18512: $? = 1
configure: failed program was:
| /* confdefs.h */
| #define _NETBSD_SOURCE 1
| #define __BSD_VISIBLE 1
| #define _DARWIN_C_SOURCE 1
| #define _PYTHONFRAMEWORK ""
| #define _XOPEN_SOURCE 700
| #define _XOPEN_SOURCE_EXTENDED 1
| #define _POSIX_C_SOURCE 200809L
| #define HAVE_STDIO_H 1
| #define HAVE_STDLIB_H 1
| #define HAVE_STRING_H 1
| #define HAVE_INTTYPES_H 1
| #define HAVE_STDINT_H 1
| #define HAVE_STRINGS_H 1
| #define HAVE_SYS_STAT_H 1
| #define HAVE_SYS_TYPES_H 1
| #define HAVE_UNISTD_H 1
| #define HAVE_WCHAR_H 1
| #define STDC_HEADERS 1
| #define _ALL_SOURCE 1
| #define _DARWIN_C_SOURCE 1
| #define _GNU_SOURCE 1
| #define _HPUX_ALT_XOPEN_SOCKET_API 1
| #define _NETBSD_SOURCE 1
| #define _OPENBSD_SOURCE 1
| #define _POSIX_PTHREAD_SEMANTICS 1
| #define __STDC_WANT_IEC_60559_ATTRIBS_EXT__ 1
| #define __STDC_WANT_IEC_60559_BFP_EXT__ 1
| #define __STDC_WANT_IEC_60559_DFP_EXT__ 1
| #define __STDC_WANT_IEC_60559_FUNCS_EXT__ 1
| #define __STDC_WANT_IEC_60559_TYPES_EXT__ 1
| #define __STDC_WANT_LIB_EXT2__ 1
| #define __STDC_WANT_MATH_SPEC_FUNCS__ 1
| #define _TANDEM_SOURCE 1
| #define __EXTENSIONS__ 1
| #define PY_SUPPORT_TIER 1
| #define Py_ENABLE_SHARED 1
| #define STDC_HEADERS 1
| #define HAVE_ALLOCA_H 1
| #define HAVE_ASM_TYPES_H 1
| #define HAVE_DLFCN_H 1
| #define HAVE_ENDIAN_H 1
| #define HAVE_ERRNO_H 1
| #define HAVE_FCNTL_H 1
| #define HAVE_GRP_H 1
| #define HAVE_LANGINFO_H 1
| #define HAVE_LIBINTL_H 1
| #define HAVE_LINUX_AUXVEC_H 1
| #define HAVE_SYS_AUXV_H 1
| #define HAVE_LINUX_FS_H 1
| #define HAVE_LINUX_LIMITS_H 1
| #define HAVE_LINUX_MEMFD_H 1
| #define HAVE_LINUX_RANDOM_H 1
| #define HAVE_LINUX_SOUNDCARD_H 1
| #define HAVE_LINUX_TIPC_H 1
| #define HAVE_LINUX_WAIT_H 1
| #define HAVE_NETDB_H 1
| #define HAVE_NET_ETHERNET_H 1
| #define HAVE_NETINET_IN_H 1
| #define HAVE_NETPACKET_PACKET_H 1
| #define HAVE_POLL_H 1
| #define HAVE_PTHREAD_H 1
| #define HAVE_PTY_H 1
| #define HAVE_SCHED_H 1
| #define HAVE_SETJMP_H 1
| #define HAVE_SHADOW_H 1
| #define HAVE_SIGNAL_H 1
| #define HAVE_SPAWN_H 1
| #define HAVE_SYS_EPOLL_H 1
| #define HAVE_SYS_EVENTFD_H 1
| #define HAVE_SYS_FILE_H 1
| #define HAVE_SYS_IOCTL_H 1
| #define HAVE_SYS_MMAN_H 1
| #define HAVE_SYS_PARAM_H 1
| #define HAVE_SYS_POLL_H 1
| #define HAVE_SYS_RANDOM_H 1
| #define HAVE_SYS_RESOURCE_H 1
| #define HAVE_SYS_SELECT_H 1
| #define HAVE_SYS_SENDFILE_H 1
| #define HAVE_SYS_SOCKET_H 1
| #define HAVE_SYS_SOUNDCARD_H 1
| #define HAVE_SYS_STAT_H 1
| #define HAVE_SYS_STATVFS_H 1
| #define HAVE_SYS_SYSCALL_H 1
| #define HAVE_SYS_SYSMACROS_H 1
| #define HAVE_SYS_TIME_H 1
| #define HAVE_SYS_TIMES_H 1
| #define HAVE_SYS_TIMERFD_H 1
| #define HAVE_SYS_TYPES_H 1
| #define HAVE_SYS_UIO_H 1
| #define HAVE_SYS_UN_H 1
| #define HAVE_SYS_UTSNAME_H 1
| #define HAVE_SYS_WAIT_H 1
| #define HAVE_SYS_XATTR_H 1
| #define HAVE_SYSEXITS_H 1
| #define HAVE_SYSLOG_H 1
| #define HAVE_TERMIOS_H 1
| #define HAVE_UTIME_H 1
| #define HAVE_UTMP_H 1
| #define HAVE_DIRENT_H 1
| #define MAJOR_IN_SYSMACROS 1
| #define HAVE_NET_IF_H 1
| #define HAVE_LINUX_NETLINK_H 1
| #define HAVE_LINUX_QRTR_H 1
| #define HAVE_LINUX_VM_SOCKETS_H 1
| #define HAVE_LINUX_CAN_H 1
| #define HAVE_LINUX_CAN_BCM_H 1
| #define HAVE_LINUX_CAN_J1939_H 1
| #define HAVE_LINUX_CAN_RAW_H 1
| #define HAVE_CLOCK_T 1
| #define HAVE_MAKEDEV 1
| #define HAVE_HTOLE64 1
| #define _LARGEFILE_SOURCE 1
| #define _FILE_OFFSET_BITS 64
| #if defined(SCO_DS)
| #undef _OFF_T
| #endif
| #define RETSIGTYPE void
| #define HAVE_SSIZE_T 1
| #define HAVE___UINT128_T 1
| #define HAVE_GCC_UINT128_T 1
| #define SIZEOF_INT 4
| #define SIZEOF_LONG 8
| #define ALIGNOF_LONG 8
| #define SIZEOF_LONG_LONG 8
| #define SIZEOF_VOID_P 8
| #define SIZEOF_SHORT 2
| #define SIZEOF_FLOAT 4
| #define SIZEOF_DOUBLE 8
| #define SIZEOF_FPOS_T 16
| #define SIZEOF_SIZE_T 8
| #define ALIGNOF_SIZE_T 8
| #define SIZEOF_PID_T 4
| #define SIZEOF_UINTPTR_T 8
| #define ALIGNOF_MAX_ALIGN_T 16
| #define HAVE_LONG_DOUBLE 1
| #define SIZEOF_LONG_DOUBLE 16
| #define SIZEOF__BOOL 1
| #define SIZEOF_OFF_T 8
| #define SIZEOF_TIME_T 8
| #define SIZEOF_PTHREAD_T 8
| #define SIZEOF_PTHREAD_KEY_T 4
| #define PTHREAD_KEY_T_IS_COMPATIBLE_WITH_INT 1
| #define PY_HAVE_PERF_TRAMPOLINE 1
| #define HAVE_LIBDL 1
| #define HAVE_UUID_UUID_H 1
| #define HAVE_UUID_UUID_H 1
| #define HAVE_FFI_PREP_CIF_VAR 1
| #define HAVE_FFI_PREP_CLOSURE_LOC 1
| #define HAVE_FFI_CLOSURE_ALLOC 1
| #define WITH_DECIMAL_CONTEXTVAR 1
| #define _REENTRANT 1
| #define PTHREAD_SYSTEM_SCHED_SUPPORTED 1
| #define HAVE_PTHREAD_SIGMASK 1
| #define HAVE_PTHREAD_GETCPUCLOCKID 1
| #define ENABLE_IPV6 1
| #define HAVE_LINUX_CAN_RAW_FD_FRAMES 1
| #define HAVE_LINUX_CAN_RAW_JOIN_FILTERS 1
| #define WITH_DOC_STRINGS 1
| #define HAVE_STD_ATOMIC 1
| #define HAVE_BUILTIN_ATOMIC 1
| #define WITH_MIMALLOC 1
| #define WITH_PYMALLOC 1
| #define WITH_FREELISTS 1
| #define PY_COERCE_C_LOCALE 1
| #define HAVE_DLOPEN 1
| #define HAVE_DYNAMIC_LOADING 1
| #define HAVE_ACCEPT4 1
| #define HAVE_ALARM 1
| #define HAVE_BIND_TEXTDOMAIN_CODESET 1
| #define HAVE_CHMOD 1
| #define HAVE_CHOWN 1
| #define HAVE_CLOCK 1
| #define HAVE_CLOSEFROM 1
| #define HAVE_CLOSE_RANGE 1
| #define HAVE_CONFSTR 1
| #define HAVE_COPY_FILE_RANGE 1
| #define HAVE_CTERMID 1
| #define HAVE_DUP 1
| #define HAVE_DUP3 1
| #define HAVE_EXECV 1
| #define HAVE_EXPLICIT_BZERO 1
| #define HAVE_FACCESSAT 1
| #define HAVE_FCHMOD 1
| #define HAVE_FCHMODAT 1
| #define HAVE_FCHOWN 1
| #define HAVE_FCHOWNAT 1
| #define HAVE_FDOPENDIR 1
| #define HAVE_FEXECVE 1
| #define HAVE_FORK 1
| #define HAVE_FPATHCONF 1
| #define HAVE_FSTATAT 1
| #define HAVE_FTIME 1
| #define HAVE_FTRUNCATE 1
| #define HAVE_FUTIMENS 1
| #define HAVE_FUTIMES 1
| #define HAVE_FUTIMESAT 1
| #define HAVE_GAI_STRERROR 1
| #define HAVE_GETEGID 1
| #define HAVE_GETEUID 1
| #define HAVE_GETGID 1
| #define HAVE_GETGRENT 1
| #define HAVE_GETGRGID 1
| #define HAVE_GETGRGID_R 1
| #define HAVE_GETGRNAM_R 1
| #define HAVE_GETGROUPLIST 1
| #define HAVE_GETHOSTNAME 1
| #define HAVE_GETITIMER 1
| #define HAVE_GETLOADAVG 1
| #define HAVE_GETLOGIN 1
| #define HAVE_GETPEERNAME 1
| #define HAVE_GETPGID 1
| #define HAVE_GETPID 1
| #define HAVE_GETPPID 1
| #define HAVE_GETPRIORITY 1
| #define HAVE_GETPWENT 1
| #define HAVE_GETPWNAM_R 1
| #define HAVE_GETPWUID 1
| #define HAVE_GETPWUID_R 1
| #define HAVE_GETRESGID 1
| #define HAVE_GETRESUID 1
| #define HAVE_GETRUSAGE 1
| #define HAVE_GETSID 1
| #define HAVE_GETSPENT 1
| #define HAVE_GETSPNAM 1
| #define HAVE_GETUID 1
| #define HAVE_GETWD 1
| #define HAVE_GRANTPT 1
| #define HAVE_IF_NAMEINDEX 1
| #define HAVE_INITGROUPS 1
| #define HAVE_KILL 1
| #define HAVE_KILLPG 1
| #define HAVE_LCHOWN 1
| #define HAVE_LINKAT 1
| #define HAVE_LOCKF 1
| #define HAVE_LSTAT 1
| #define HAVE_LUTIMES 1
| #define HAVE_MADVISE 1
| #define HAVE_MBRTOWC 1
| #define HAVE_MEMRCHR 1
| #define HAVE_MKDIRAT 1
| #define HAVE_MKFIFO 1
| #define HAVE_MKFIFOAT 1
| #define HAVE_MKNOD 1
| #define HAVE_MKNODAT 1
| #define HAVE_MKTIME 1
| #define HAVE_MMAP 1
| #define HAVE_MREMAP 1
| #define HAVE_NICE 1
| #define HAVE_OPENAT 1
| #define HAVE_OPENDIR 1
| #define HAVE_PATHCONF 1
| #define HAVE_PAUSE 1
| #define HAVE_PIPE 1
| #define HAVE_PIPE2 1
| #define HAVE_POLL 1
| #define HAVE_POSIX_FADVISE 1
| #define HAVE_POSIX_FALLOCATE 1
| #define HAVE_POSIX_OPENPT 1
| #define HAVE_POSIX_SPAWN 1
| #define HAVE_POSIX_SPAWNP 1
| #define HAVE_POSIX_SPAWN_FILE_ACTIONS_ADDCLOSEFROM_NP 1
| #define HAVE_PREAD 1
| #define HAVE_PREADV 1
| #define HAVE_PREADV2 1
| #define HAVE_PROCESS_VM_READV 1
| /* end confdefs.h.  */
| /* Define pthread_cond_timedwait_relative_np to an innocuous variant, in case <limits.h> declares pthread_cond_timedwait_relative_np.
|    For example, HP-UX 11i <limits.h> declares gettimeofday.  */
| #define pthread_cond_timedwait_relative_np innocuous_pthread_cond_timedwait_relative_np
| 
| /* System header to define __stub macros and hopefully few prototypes,
|    which can conflict with char pthread_cond_timedwait_relative_np (); below.  */
| 
| #include <limits.h>
| #undef pthread_cond_timedwait_relative_np
| 
| /* Override any GCC internal prototype to avoid an error.
|    Use char because int might match the return type of a GCC
|    builtin and then its argument prototype would still apply.  */
| #ifdef __cplusplus
| extern "C"
| #endif
| char pthread_cond_timedwait_relative_np ();
| /* The GNU C library defines this for functions which it implements
|     to always fail with ENOSYS.  Some functions are actually named
|     something starting with __ and the normal name is an alias.  */
| #if defined __stub_pthread_cond_timedwait_relative_np || defined __stub___pthread_cond_timedwait_relative_np
| choke me
| #endif
| 
| int
| main (void)
| {
| return pthread_cond_timedwait_relative_np ();
|   ;
|   return 0;
| }
configure:18512: result: no
configure:18518: checking for pthread_condattr_setclock
configure:18518: gcc -o conftest    conftest.c -ldl  >&5
configure:18518: $? = 0
configure:18518: result: yes
configure:18524: checking for pthread_init
configure:18524: gcc -o conftest    conftest.c -ldl  >&5
/usr/bin/ld: /tmp/ccGPeJT8.o: in function `main':
conftest.c:(.text+0x5): undefined reference to `pthread_init'
collect2: error: ld returned 1 exit status
configure:18524: $? = 1
configure: failed program was:
| /* confdefs.h */
| #define _NETBSD_SOURCE 1
| #define __BSD_VISIBLE 1
| #define _DARWIN_C_SOURCE 1
| #define _PYTHONFRAMEWORK ""
| #define _XOPEN_SOURCE 700
| #define _XOPEN_SOURCE_EXTENDED 1
| #define _POSIX_C_SOURCE 200809L
| #define HAVE_STDIO_H 1
| #define HAVE_STDLIB_H 1
| #define HAVE_STRING_H 1
| #define HAVE_INTTYPES_H 1
| #define HAVE_STDINT_H 1
| #define HAVE_STRINGS_H 1
| #define HAVE_SYS_STAT_H 1
| #define HAVE_SYS_TYPES_H 1
| #define HAVE_UNISTD_H 1
| #define HAVE_WCHAR_H 1
| #define STDC_HEADERS 1
| #define _ALL_SOURCE 1
| #define _DARWIN_C_SOURCE 1
| #define _GNU_SOURCE 1
| #define _HPUX_ALT_XOPEN_SOCKET_API 1
| #define _NETBSD_SOURCE 1
| #define _OPENBSD_SOURCE 1
| #define _POSIX_PTHREAD_SEMANTICS 1
| #define __STDC_WANT_IEC_60559_ATTRIBS_EXT__ 1
| #define __STDC_WANT_IEC_60559_BFP_EXT__ 1
| #define __STDC_WANT_IEC_60559_DFP_EXT__ 1
| #define __STDC_WANT_IEC_60559_FUNCS_EXT__ 1
| #define __STDC_WANT_IEC_60559_TYPES_EXT__ 1
| #define __STDC_WANT_LIB_EXT2__ 1
| #define __STDC_WANT_MATH_SPEC_FUNCS__ 1
| #define _TANDEM_SOURCE 1
| #define __EXTENSIONS__ 1
| #define PY_SUPPORT_TIER 1
| #define Py_ENABLE_SHARED 1
| #define STDC_HEADERS 1
| #define HAVE_ALLOCA_H 1
| #define HAVE_ASM_TYPES_H 1
| #define HAVE_DLFCN_H 1
| #define HAVE_ENDIAN_H 1
| #define HAVE_ERRNO_H 1
| #define HAVE_FCNTL_H 1
| #define HAVE_GRP_H 1
| #define HAVE_LANGINFO_H 1
| #define HAVE_LIBINTL_H 1
| #define HAVE_LINUX_AUXVEC_H 1
| #define HAVE_SYS_AUXV_H 1
| #define HAVE_LINUX_FS_H 1
| #define HAVE_LINUX_LIMITS_H 1
| #define HAVE_LINUX_MEMFD_H 1
| #define HAVE_LINUX_RANDOM_H 1
| #define HAVE_LINUX_SOUNDCARD_H 1
| #define HAVE_LINUX_TIPC_H 1
| #define HAVE_LINUX_WAIT_H 1
| #define HAVE_NETDB_H 1
| #define HAVE_NET_ETHERNET_H 1
| #define HAVE_NETINET_IN_H 1
| #define HAVE_NETPACKET_PACKET_H 1
| #define HAVE_POLL_H 1
| #define HAVE_PTHREAD_H 1
| #define HAVE_PTY_H 1
| #define HAVE_SCHED_H 1
| #define HAVE_SETJMP_H 1
| #define HAVE_SHADOW_H 1
| #define HAVE_SIGNAL_H 1
| #define HAVE_SPAWN_H 1
| #define HAVE_SYS_EPOLL_H 1
| #define HAVE_SYS_EVENTFD_H 1
| #define HAVE_SYS_FILE_H 1
| #define HAVE_SYS_IOCTL_H 1
| #define HAVE_SYS_MMAN_H 1
| #define HAVE_SYS_PARAM_H 1
| #define HAVE_SYS_POLL_H 1
| #define HAVE_SYS_RANDOM_H 1
| #define HAVE_SYS_RESOURCE_H 1
| #define HAVE_SYS_SELECT_H 1
| #define HAVE_SYS_SENDFILE_H 1
| #define HAVE_SYS_SOCKET_H 1
| #define HAVE_SYS_SOUNDCARD_H 1
| #define HAVE_SYS_STAT_H 1
| #define HAVE_SYS_STATVFS_H 1
| #define HAVE_SYS_SYSCALL_H 1
| #define HAVE_SYS_SYSMACROS_H 1
| #define HAVE_SYS_TIME_H 1
| #define HAVE_SYS_TIMES_H 1
| #define HAVE_SYS_TIMERFD_H 1
| #define HAVE_SYS_TYPES_H 1
| #define HAVE_SYS_UIO_H 1
| #define HAVE_SYS_UN_H 1
| #define HAVE_SYS_UTSNAME_H 1
| #define HAVE_SYS_WAIT_H 1
| #define HAVE_SYS_XATTR_H 1
| #define HAVE_SYSEXITS_H 1
| #define HAVE_SYSLOG_H 1
| #define HAVE_TERMIOS_H 1
| #define HAVE_UTIME_H 1
| #define HAVE_UTMP_H 1
| #define HAVE_DIRENT_H 1
| #define MAJOR_IN_SYSMACROS 1
| #define HAVE_NET_IF_H 1
| #define HAVE_LINUX_NETLINK_H 1
| #define HAVE_LINUX_QRTR_H 1
| #define HAVE_LINUX_VM_SOCKETS_H 1
| #define HAVE_LINUX_CAN_H 1
| #define HAVE_LINUX_CAN_BCM_H 1
| #define HAVE_LINUX_CAN_J1939_H 1
| #define HAVE_LINUX_CAN_RAW_H 1
| #define HAVE_CLOCK_T 1
| #define HAVE_MAKEDEV 1
| #define HAVE_HTOLE64 1
| #define _LARGEFILE_SOURCE 1
| #define _FILE_OFFSET_BITS 64
| #if defined(SCO_DS)
| #undef _OFF_T
| #endif
| #define RETSIGTYPE void
| #define HAVE_SSIZE_T 1
| #define HAVE___UINT128_T 1
| #define HAVE_GCC_UINT128_T 1
| #define SIZEOF_INT 4
| #define SIZEOF_LONG 8
| #define ALIGNOF_LONG 8
| #define SIZEOF_LONG_LONG 8
| #define SIZEOF_VOID_P 8
| #define SIZEOF_SHORT 2
| #define SIZEOF_FLOAT 4
| #define SIZEOF_DOUBLE 8
| #define SIZEOF_FPOS_T 16
| #define SIZEOF_SIZE_T 8
| #define ALIGNOF_SIZE_T 8
| #define SIZEOF_PID_T 4
| #define SIZEOF_UINTPTR_T 8
| #define ALIGNOF_MAX_ALIGN_T 16
| #define HAVE_LONG_DOUBLE 1
| #define SIZEOF_LONG_DOUBLE 16
| #define SIZEOF__BOOL 1
| #define SIZEOF_OFF_T 8
| #define SIZEOF_TIME_T 8
| #define SIZEOF_PTHREAD_T 8
| #define SIZEOF_PTHREAD_KEY_T 4
| #define PTHREAD_KEY_T_IS_COMPATIBLE_WITH_INT 1
| #define PY_HAVE_PERF_TRAMPOLINE 1
| #define HAVE_LIBDL 1
| #define HAVE_UUID_UUID_H 1
| #define HAVE_UUID_UUID_H 1
| #define HAVE_FFI_PREP_CIF_VAR 1
| #define HAVE_FFI_PREP_CLOSURE_LOC 1
| #define HAVE_FFI_CLOSURE_ALLOC 1
| #define WITH_DECIMAL_CONTEXTVAR 1
| #define _REENTRANT 1
| #define PTHREAD_SYSTEM_SCHED_SUPPORTED 1
| #define HAVE_PTHREAD_SIGMASK 1
| #define HAVE_PTHREAD_GETCPUCLOCKID 1
| #define ENABLE_IPV6 1
| #define HAVE_LINUX_CAN_RAW_FD_FRAMES 1
| #define HAVE_LINUX_CAN_RAW_JOIN_FILTERS 1
| #define WITH_DOC_STRINGS 1
| #define HAVE_STD_ATOMIC 1
| #define HAVE_BUILTIN_ATOMIC 1
| #define WITH_MIMALLOC 1
| #define WITH_PYMALLOC 1
| #define WITH_FREELISTS 1
| #define PY_COERCE_C_LOCALE 1
| #define HAVE_DLOPEN 1
| #define HAVE_DYNAMIC_LOADING 1
| #define HAVE_ACCEPT4 1
| #define HAVE_ALARM 1
| #define HAVE_BIND_TEXTDOMAIN_CODESET 1
| #define HAVE_CHMOD 1
| #define HAVE_CHOWN 1
| #define HAVE_CLOCK 1
| #define HAVE_CLOSEFROM 1
| #define HAVE_CLOSE_RANGE 1
| #define HAVE_CONFSTR 1
| #define HAVE_COPY_FILE_RANGE 1
| #define HAVE_CTERMID 1
| #define HAVE_DUP 1
| #define HAVE_DUP3 1
| #define HAVE_EXECV 1
| #define HAVE_EXPLICIT_BZERO 1
| #define HAVE_FACCESSAT 1
| #define HAVE_FCHMOD 1
| #define HAVE_FCHMODAT 1
| #define HAVE_FCHOWN 1
| #define HAVE_FCHOWNAT 1
| #define HAVE_FDOPENDIR 1
| #define HAVE_FEXECVE 1
| #define HAVE_FORK 1
| #define HAVE_FPATHCONF 1
| #define HAVE_FSTATAT 1
| #define HAVE_FTIME 1
| #define HAVE_FTRUNCATE 1
| #define HAVE_FUTIMENS 1
| #define HAVE_FUTIMES 1
| #define HAVE_FUTIMESAT 1
| #define HAVE_GAI_STRERROR 1
| #define HAVE_GETEGID 1
| #define HAVE_GETEUID 1
| #define HAVE_GETGID 1
| #define HAVE_GETGRENT 1
| #define HAVE_GETGRGID 1
| #define HAVE_GETGRGID_R 1
| #define HAVE_GETGRNAM_R 1
| #define HAVE_GETGROUPLIST 1
| #define HAVE_GETHOSTNAME 1
| #define HAVE_GETITIMER 1
| #define HAVE_GETLOADAVG 1
| #define HAVE_GETLOGIN 1
| #define HAVE_GETPEERNAME 1
| #define HAVE_GETPGID 1
| #define HAVE_GETPID 1
| #define HAVE_GETPPID 1
| #define HAVE_GETPRIORITY 1
| #define HAVE_GETPWENT 1
| #define HAVE_GETPWNAM_R 1
| #define HAVE_GETPWUID 1
| #define HAVE_GETPWUID_R 1
| #define HAVE_GETRESGID 1
| #define HAVE_GETRESUID 1
| #define HAVE_GETRUSAGE 1
| #define HAVE_GETSID 1
| #define HAVE_GETSPENT 1
| #define HAVE_GETSPNAM 1
| #define HAVE_GETUID 1
| #define HAVE_GETWD 1
| #define HAVE_GRANTPT 1
| #define HAVE_IF_NAMEINDEX 1
| #define HAVE_INITGROUPS 1
| #define HAVE_KILL 1
| #define HAVE_KILLPG 1
| #define HAVE_LCHOWN 1
| #define HAVE_LINKAT 1
| #define HAVE_LOCKF 1
| #define HAVE_LSTAT 1
| #define HAVE_LUTIMES 1
| #define HAVE_MADVISE 1
| #define HAVE_MBRTOWC 1
| #define HAVE_MEMRCHR 1
| #define HAVE_MKDIRAT 1
| #define HAVE_MKFIFO 1
| #define HAVE_MKFIFOAT 1
| #define HAVE_MKNOD 1
| #define HAVE_MKNODAT 1
| #define HAVE_MKTIME 1
| #define HAVE_MMAP 1
| #define HAVE_MREMAP 1
| #define HAVE_NICE 1
| #define HAVE_OPENAT 1
| #define HAVE_OPENDIR 1
| #define HAVE_PATHCONF 1
| #define HAVE_PAUSE 1
| #define HAVE_PIPE 1
| #define HAVE_PIPE2 1
| #define HAVE_POLL 1
| #define HAVE_POSIX_FADVISE 1
| #define HAVE_POSIX_FALLOCATE 1
| #define HAVE_POSIX_OPENPT 1
| #define HAVE_POSIX_SPAWN 1
| #define HAVE_POSIX_SPAWNP 1
| #define HAVE_POSIX_SPAWN_FILE_ACTIONS_ADDCLOSEFROM_NP 1
| #define HAVE_PREAD 1
| #define HAVE_PREADV 1
| #define HAVE_PREADV2 1
| #define HAVE_PROCESS_VM_READV 1
| #define HAVE_PTHREAD_CONDATTR_SETCLOCK 1
| /* end confdefs.h.  */
| /* Define pthread_init to an innocuous variant, in case <limits.h> declares pthread_init.
|    For example, HP-UX 11i <limits.h> declares gettimeofday.  */
| #define pthread_init innocuous_pthread_init
| 
| /* System header to define __stub macros and hopefully few prototypes,
|    which can conflict with char pthread_init (); below.  */
| 
| #include <limits.h>
| #undef pthread_init
| 
| /* Override any GCC internal prototype to avoid an error.
|    Use char because int might match the return type of a GCC
|    builtin and then its argument prototype would still apply.  */
| #ifdef __cplusplus
| extern "C"
| #endif
| char pthread_init ();
| /* The GNU C library defines this for functions which it implements
|     to always fail with ENOSYS.  Some functions are actually named
|     something starting with __ and the normal name is an alias.  */
| #if defined __stub_pthread_init || defined __stub___pthread_init
| choke me
| #endif
| 
| int
| main (void)
| {
| return pthread_init ();
|   ;
|   return 0;
| }
configure:18524: result: no
configure:18530: checking for pthread_kill
configure:18530: gcc -o conftest    conftest.c -ldl  >&5
configure:18530: $? = 0
configure:18530: result: yes
configure:18536: checking for ptsname
configure:18536: gcc -o conftest    conftest.c -ldl  >&5
configure:18536: $? = 0
configure:18536: result: yes
configure:18542: checking for ptsname_r
configure:18542: gcc -o conftest    conftest.c -ldl  >&5
configure:18542: $? = 0
configure:18542: result: yes
configure:18548: checking for pwrite
configure:18548: gcc -o conftest    conftest.c -ldl  >&5
configure:18548: $? = 0
configure:18548: result: yes
configure:18554: checking for pwritev
configure:18554: gcc -o conftest    conftest.c -ldl  >&5
configure:18554: $? = 0
configure:18554: result: yes
configure:18560: checking for pwritev2
configure:18560: gcc -o conftest    conftest.c -ldl  >&5
configure:18560: $? = 0
configure:18560: result: yes
configure:18566: checking for readlink
configure:18566: gcc -o conftest    conftest.c -ldl  >&5
configure:18566: $? = 0
configure:18566: result: yes
configure:18572: checking for readlinkat
configure:18572: gcc -o conftest    conftest.c -ldl  >&5
configure:18572: $? = 0
configure:18572: result: yes
configure:18578: checking for readv
configure:18578: gcc -o conftest    conftest.c -ldl  >&5
configure:18578: $? = 0
configure:18578: result: yes
configure:18584: checking for realpath
configure:18584: gcc -o conftest    conftest.c -ldl  >&5
configure:18584: $? = 0
configure:18584: result: yes
configure:18590: checking for renameat
configure:18590: gcc -o conftest    conftest.c -ldl  >&5
configure:18590: $? = 0
configure:18590: result: yes
configure:18596: checking for rtpSpawn
configure:18596: gcc -o conftest    conftest.c -ldl  >&5
/usr/bin/ld: /tmp/ccEFM1ws.o: in function `main':
conftest.c:(.text+0x5): undefined reference to `rtpSpawn'
collect2: error: ld returned 1 exit status
configure:18596: $? = 1
configure: failed program was:
| /* confdefs.h */
| #define _NETBSD_SOURCE 1
| #define __BSD_VISIBLE 1
| #define _DARWIN_C_SOURCE 1
| #define _PYTHONFRAMEWORK ""
| #define _XOPEN_SOURCE 700
| #define _XOPEN_SOURCE_EXTENDED 1
| #define _POSIX_C_SOURCE 200809L
| #define HAVE_STDIO_H 1
| #define HAVE_STDLIB_H 1
| #define HAVE_STRING_H 1
| #define HAVE_INTTYPES_H 1
| #define HAVE_STDINT_H 1
| #define HAVE_STRINGS_H 1
| #define HAVE_SYS_STAT_H 1
| #define HAVE_SYS_TYPES_H 1
| #define HAVE_UNISTD_H 1
| #define HAVE_WCHAR_H 1
| #define STDC_HEADERS 1
| #define _ALL_SOURCE 1
| #define _DARWIN_C_SOURCE 1
| #define _GNU_SOURCE 1
| #define _HPUX_ALT_XOPEN_SOCKET_API 1
| #define _NETBSD_SOURCE 1
| #define _OPENBSD_SOURCE 1
| #define _POSIX_PTHREAD_SEMANTICS 1
| #define __STDC_WANT_IEC_60559_ATTRIBS_EXT__ 1
| #define __STDC_WANT_IEC_60559_BFP_EXT__ 1
| #define __STDC_WANT_IEC_60559_DFP_EXT__ 1
| #define __STDC_WANT_IEC_60559_FUNCS_EXT__ 1
| #define __STDC_WANT_IEC_60559_TYPES_EXT__ 1
| #define __STDC_WANT_LIB_EXT2__ 1
| #define __STDC_WANT_MATH_SPEC_FUNCS__ 1
| #define _TANDEM_SOURCE 1
| #define __EXTENSIONS__ 1
| #define PY_SUPPORT_TIER 1
| #define Py_ENABLE_SHARED 1
| #define STDC_HEADERS 1
| #define HAVE_ALLOCA_H 1
| #define HAVE_ASM_TYPES_H 1
| #define HAVE_DLFCN_H 1
| #define HAVE_ENDIAN_H 1
| #define HAVE_ERRNO_H 1
| #define HAVE_FCNTL_H 1
| #define HAVE_GRP_H 1
| #define HAVE_LANGINFO_H 1
| #define HAVE_LIBINTL_H 1
| #define HAVE_LINUX_AUXVEC_H 1
| #define HAVE_SYS_AUXV_H 1
| #define HAVE_LINUX_FS_H 1
| #define HAVE_LINUX_LIMITS_H 1
| #define HAVE_LINUX_MEMFD_H 1
| #define HAVE_LINUX_RANDOM_H 1
| #define HAVE_LINUX_SOUNDCARD_H 1
| #define HAVE_LINUX_TIPC_H 1
| #define HAVE_LINUX_WAIT_H 1
| #define HAVE_NETDB_H 1
| #define HAVE_NET_ETHERNET_H 1
| #define HAVE_NETINET_IN_H 1
| #define HAVE_NETPACKET_PACKET_H 1
| #define HAVE_POLL_H 1
| #define HAVE_PTHREAD_H 1
| #define HAVE_PTY_H 1
| #define HAVE_SCHED_H 1
| #define HAVE_SETJMP_H 1
| #define HAVE_SHADOW_H 1
| #define HAVE_SIGNAL_H 1
| #define HAVE_SPAWN_H 1
| #define HAVE_SYS_EPOLL_H 1
| #define HAVE_SYS_EVENTFD_H 1
| #define HAVE_SYS_FILE_H 1
| #define HAVE_SYS_IOCTL_H 1
| #define HAVE_SYS_MMAN_H 1
| #define HAVE_SYS_PARAM_H 1
| #define HAVE_SYS_POLL_H 1
| #define HAVE_SYS_RANDOM_H 1
| #define HAVE_SYS_RESOURCE_H 1
| #define HAVE_SYS_SELECT_H 1
| #define HAVE_SYS_SENDFILE_H 1
| #define HAVE_SYS_SOCKET_H 1
| #define HAVE_SYS_SOUNDCARD_H 1
| #define HAVE_SYS_STAT_H 1
| #define HAVE_SYS_STATVFS_H 1
| #define HAVE_SYS_SYSCALL_H 1
| #define HAVE_SYS_SYSMACROS_H 1
| #define HAVE_SYS_TIME_H 1
| #define HAVE_SYS_TIMES_H 1
| #define HAVE_SYS_TIMERFD_H 1
| #define HAVE_SYS_TYPES_H 1
| #define HAVE_SYS_UIO_H 1
| #define HAVE_SYS_UN_H 1
| #define HAVE_SYS_UTSNAME_H 1
| #define HAVE_SYS_WAIT_H 1
| #define HAVE_SYS_XATTR_H 1
| #define HAVE_SYSEXITS_H 1
| #define HAVE_SYSLOG_H 1
| #define HAVE_TERMIOS_H 1
| #define HAVE_UTIME_H 1
| #define HAVE_UTMP_H 1
| #define HAVE_DIRENT_H 1
| #define MAJOR_IN_SYSMACROS 1
| #define HAVE_NET_IF_H 1
| #define HAVE_LINUX_NETLINK_H 1
| #define HAVE_LINUX_QRTR_H 1
| #define HAVE_LINUX_VM_SOCKETS_H 1
| #define HAVE_LINUX_CAN_H 1
| #define HAVE_LINUX_CAN_BCM_H 1
| #define HAVE_LINUX_CAN_J1939_H 1
| #define HAVE_LINUX_CAN_RAW_H 1
| #define HAVE_CLOCK_T 1
| #define HAVE_MAKEDEV 1
| #define HAVE_HTOLE64 1
| #define _LARGEFILE_SOURCE 1
| #define _FILE_OFFSET_BITS 64
| #if defined(SCO_DS)
| #undef _OFF_T
| #endif
| #define RETSIGTYPE void
| #define HAVE_SSIZE_T 1
| #define HAVE___UINT128_T 1
| #define HAVE_GCC_UINT128_T 1
| #define SIZEOF_INT 4
| #define SIZEOF_LONG 8
| #define ALIGNOF_LONG 8
| #define SIZEOF_LONG_LONG 8
| #define SIZEOF_VOID_P 8
| #define SIZEOF_SHORT 2
| #define SIZEOF_FLOAT 4
| #define SIZEOF_DOUBLE 8
| #define SIZEOF_FPOS_T 16
| #define SIZEOF_SIZE_T 8
| #define ALIGNOF_SIZE_T 8
| #define SIZEOF_PID_T 4
| #define SIZEOF_UINTPTR_T 8
| #define ALIGNOF_MAX_ALIGN_T 16
| #define HAVE_LONG_DOUBLE 1
| #define SIZEOF_LONG_DOUBLE 16
| #define SIZEOF__BOOL 1
| #define SIZEOF_OFF_T 8
| #define SIZEOF_TIME_T 8
| #define SIZEOF_PTHREAD_T 8
| #define SIZEOF_PTHREAD_KEY_T 4
| #define PTHREAD_KEY_T_IS_COMPATIBLE_WITH_INT 1
| #define PY_HAVE_PERF_TRAMPOLINE 1
| #define HAVE_LIBDL 1
| #define HAVE_UUID_UUID_H 1
| #define HAVE_UUID_UUID_H 1
| #define HAVE_FFI_PREP_CIF_VAR 1
| #define HAVE_FFI_PREP_CLOSURE_LOC 1
| #define HAVE_FFI_CLOSURE_ALLOC 1
| #define WITH_DECIMAL_CONTEXTVAR 1
| #define _REENTRANT 1
| #define PTHREAD_SYSTEM_SCHED_SUPPORTED 1
| #define HAVE_PTHREAD_SIGMASK 1
| #define HAVE_PTHREAD_GETCPUCLOCKID 1
| #define ENABLE_IPV6 1
| #define HAVE_LINUX_CAN_RAW_FD_FRAMES 1
| #define HAVE_LINUX_CAN_RAW_JOIN_FILTERS 1
| #define WITH_DOC_STRINGS 1
| #define HAVE_STD_ATOMIC 1
| #define HAVE_BUILTIN_ATOMIC 1
| #define WITH_MIMALLOC 1
| #define WITH_PYMALLOC 1
| #define WITH_FREELISTS 1
| #define PY_COERCE_C_LOCALE 1
| #define HAVE_DLOPEN 1
| #define HAVE_DYNAMIC_LOADING 1
| #define HAVE_ACCEPT4 1
| #define HAVE_ALARM 1
| #define HAVE_BIND_TEXTDOMAIN_CODESET 1
| #define HAVE_CHMOD 1
| #define HAVE_CHOWN 1
| #define HAVE_CLOCK 1
| #define HAVE_CLOSEFROM 1
| #define HAVE_CLOSE_RANGE 1
| #define HAVE_CONFSTR 1
| #define HAVE_COPY_FILE_RANGE 1
| #define HAVE_CTERMID 1
| #define HAVE_DUP 1
| #define HAVE_DUP3 1
| #define HAVE_EXECV 1
| #define HAVE_EXPLICIT_BZERO 1
| #define HAVE_FACCESSAT 1
| #define HAVE_FCHMOD 1
| #define HAVE_FCHMODAT 1
| #define HAVE_FCHOWN 1
| #define HAVE_FCHOWNAT 1
| #define HAVE_FDOPENDIR 1
| #define HAVE_FEXECVE 1
| #define HAVE_FORK 1
| #define HAVE_FPATHCONF 1
| #define HAVE_FSTATAT 1
| #define HAVE_FTIME 1
| #define HAVE_FTRUNCATE 1
| #define HAVE_FUTIMENS 1
| #define HAVE_FUTIMES 1
| #define HAVE_FUTIMESAT 1
| #define HAVE_GAI_STRERROR 1
| #define HAVE_GETEGID 1
| #define HAVE_GETEUID 1
| #define HAVE_GETGID 1
| #define HAVE_GETGRENT 1
| #define HAVE_GETGRGID 1
| #define HAVE_GETGRGID_R 1
| #define HAVE_GETGRNAM_R 1
| #define HAVE_GETGROUPLIST 1
| #define HAVE_GETHOSTNAME 1
| #define HAVE_GETITIMER 1
| #define HAVE_GETLOADAVG 1
| #define HAVE_GETLOGIN 1
| #define HAVE_GETPEERNAME 1
| #define HAVE_GETPGID 1
| #define HAVE_GETPID 1
| #define HAVE_GETPPID 1
| #define HAVE_GETPRIORITY 1
| #define HAVE_GETPWENT 1
| #define HAVE_GETPWNAM_R 1
| #define HAVE_GETPWUID 1
| #define HAVE_GETPWUID_R 1
| #define HAVE_GETRESGID 1
| #define HAVE_GETRESUID 1
| #define HAVE_GETRUSAGE 1
| #define HAVE_GETSID 1
| #define HAVE_GETSPENT 1
| #define HAVE_GETSPNAM 1
| #define HAVE_GETUID 1
| #define HAVE_GETWD 1
| #define HAVE_GRANTPT 1
| #define HAVE_IF_NAMEINDEX 1
| #define HAVE_INITGROUPS 1
| #define HAVE_KILL 1
| #define HAVE_KILLPG 1
| #define HAVE_LCHOWN 1
| #define HAVE_LINKAT 1
| #define HAVE_LOCKF 1
| #define HAVE_LSTAT 1
| #define HAVE_LUTIMES 1
| #define HAVE_MADVISE 1
| #define HAVE_MBRTOWC 1
| #define HAVE_MEMRCHR 1
| #define HAVE_MKDIRAT 1
| #define HAVE_MKFIFO 1
| #define HAVE_MKFIFOAT 1
| #define HAVE_MKNOD 1
| #define HAVE_MKNODAT 1
| #define HAVE_MKTIME 1
| #define HAVE_MMAP 1
| #define HAVE_MREMAP 1
| #define HAVE_NICE 1
| #define HAVE_OPENAT 1
| #define HAVE_OPENDIR 1
| #define HAVE_PATHCONF 1
| #define HAVE_PAUSE 1
| #define HAVE_PIPE 1
| #define HAVE_PIPE2 1
| #define HAVE_POLL 1
| #define HAVE_POSIX_FADVISE 1
| #define HAVE_POSIX_FALLOCATE 1
| #define HAVE_POSIX_OPENPT 1
| #define HAVE_POSIX_SPAWN 1
| #define HAVE_POSIX_SPAWNP 1
| #define HAVE_POSIX_SPAWN_FILE_ACTIONS_ADDCLOSEFROM_NP 1
| #define HAVE_PREAD 1
| #define HAVE_PREADV 1
| #define HAVE_PREADV2 1
| #define HAVE_PROCESS_VM_READV 1
| #define HAVE_PTHREAD_CONDATTR_SETCLOCK 1
| #define HAVE_PTHREAD_KILL 1
| #define HAVE_PTSNAME 1
| #define HAVE_PTSNAME_R 1
| #define HAVE_PWRITE 1
| #define HAVE_PWRITEV 1
| #define HAVE_PWRITEV2 1
| #define HAVE_READLINK 1
| #define HAVE_READLINKAT 1
| #define HAVE_READV 1
| #define HAVE_REALPATH 1
| #define HAVE_RENAMEAT 1
| /* end confdefs.h.  */
| /* Define rtpSpawn to an innocuous variant, in case <limits.h> declares rtpSpawn.
|    For example, HP-UX 11i <limits.h> declares gettimeofday.  */
| #define rtpSpawn innocuous_rtpSpawn
| 
| /* System header to define __stub macros and hopefully few prototypes,
|    which can conflict with char rtpSpawn (); below.  */
| 
| #include <limits.h>
| #undef rtpSpawn
| 
| /* Override any GCC internal prototype to avoid an error.
|    Use char because int might match the return type of a GCC
|    builtin and then its argument prototype would still apply.  */
| #ifdef __cplusplus
| extern "C"
| #endif
| char rtpSpawn ();
| /* The GNU C library defines this for functions which it implements
|     to always fail with ENOSYS.  Some functions are actually named
|     something starting with __ and the normal name is an alias.  */
| #if defined __stub_rtpSpawn || defined __stub___rtpSpawn
| choke me
| #endif
| 
| int
| main (void)
| {
| return rtpSpawn ();
|   ;
|   return 0;
| }
configure:18596: result: no
configure:18602: checking for sched_get_priority_max
configure:18602: gcc -o conftest    conftest.c -ldl  >&5
configure:18602: $? = 0
configure:18602: result: yes
configure:18608: checking for sched_rr_get_interval
configure:18608: gcc -o conftest    conftest.c -ldl  >&5
configure:18608: $? = 0
configure:18608: result: yes
configure:18614: checking for sched_setaffinity
configure:18614: gcc -o conftest    conftest.c -ldl  >&5
configure:18614: $? = 0
configure:18614: result: yes
configure:18620: checking for sched_setparam
configure:18620: gcc -o conftest    conftest.c -ldl  >&5
configure:18620: $? = 0
configure:18620: result: yes
configure:18626: checking for sched_setscheduler
configure:18626: gcc -o conftest    conftest.c -ldl  >&5
configure:18626: $? = 0
configure:18626: result: yes
configure:18632: checking for sem_clockwait
configure:18632: gcc -o conftest    conftest.c -ldl  >&5
configure:18632: $? = 0
configure:18632: result: yes
configure:18638: checking for sem_getvalue
configure:18638: gcc -o conftest    conftest.c -ldl  >&5
configure:18638: $? = 0
configure:18638: result: yes
configure:18644: checking for sem_open
configure:18644: gcc -o conftest    conftest.c -ldl  >&5
configure:18644: $? = 0
configure:18644: result: yes
configure:18650: checking for sem_timedwait
configure:18650: gcc -o conftest    conftest.c -ldl  >&5
configure:18650: $? = 0
configure:18650: result: yes
configure:18656: checking for sem_unlink
configure:18656: gcc -o conftest    conftest.c -ldl  >&5
configure:18656: $? = 0
configure:18656: result: yes
configure:18662: checking for sendfile
configure:18662: gcc -o conftest    conftest.c -ldl  >&5
configure:18662: $? = 0
configure:18662: result: yes
configure:18668: checking for setegid
configure:18668: gcc -o conftest    conftest.c -ldl  >&5
configure:18668: $? = 0
configure:18668: result: yes
configure:18674: checking for seteuid
configure:18674: gcc -o conftest    conftest.c -ldl  >&5
configure:18674: $? = 0
configure:18674: result: yes
configure:18680: checking for setgid
configure:18680: gcc -o conftest    conftest.c -ldl  >&5
configure:18680: $? = 0
configure:18680: result: yes
configure:18686: checking for sethostname
configure:18686: gcc -o conftest    conftest.c -ldl  >&5
configure:18686: $? = 0
configure:18686: result: yes
configure:18692: checking for setitimer
configure:18692: gcc -o conftest    conftest.c -ldl  >&5
configure:18692: $? = 0
configure:18692: result: yes
configure:18698: checking for setlocale
configure:18698: gcc -o conftest    conftest.c -ldl  >&5
configure:18698: $? = 0
configure:18698: result: yes
configure:18704: checking for setpgid
configure:18704: gcc -o conftest    conftest.c -ldl  >&5
configure:18704: $? = 0
configure:18704: result: yes
configure:18710: checking for setpgrp
configure:18710: gcc -o conftest    conftest.c -ldl  >&5
configure:18710: $? = 0
configure:18710: result: yes
configure:18716: checking for setpriority
configure:18716: gcc -o conftest    conftest.c -ldl  >&5
configure:18716: $? = 0
configure:18716: result: yes
configure:18722: checking for setregid
configure:18722: gcc -o conftest    conftest.c -ldl  >&5
configure:18722: $? = 0
configure:18722: result: yes
configure:18728: checking for setresgid
configure:18728: gcc -o conftest    conftest.c -ldl  >&5
configure:18728: $? = 0
configure:18728: result: yes
configure:18734: checking for setresuid
configure:18734: gcc -o conftest    conftest.c -ldl  >&5
configure:18734: $? = 0
configure:18734: result: yes
configure:18740: checking for setreuid
configure:18740: gcc -o conftest    conftest.c -ldl  >&5
configure:18740: $? = 0
configure:18740: result: yes
configure:18746: checking for setsid
configure:18746: gcc -o conftest    conftest.c -ldl  >&5
configure:18746: $? = 0
configure:18746: result: yes
configure:18752: checking for setuid
configure:18752: gcc -o conftest    conftest.c -ldl  >&5
configure:18752: $? = 0
configure:18752: result: yes
configure:18758: checking for setvbuf
configure:18758: gcc -o conftest    conftest.c -ldl  >&5
configure:18758: $? = 0
configure:18758: result: yes
configure:18764: checking for shutdown
configure:18764: gcc -o conftest    conftest.c -ldl  >&5
configure:18764: $? = 0
configure:18764: result: yes
configure:18770: checking for sigaction
configure:18770: gcc -o conftest    conftest.c -ldl  >&5
configure:18770: $? = 0
configure:18770: result: yes
configure:18776: checking for sigaltstack
configure:18776: gcc -o conftest    conftest.c -ldl  >&5
configure:18776: $? = 0
configure:18776: result: yes
configure:18782: checking for sigfillset
configure:18782: gcc -o conftest    conftest.c -ldl  >&5
configure:18782: $? = 0
configure:18782: result: yes
configure:18788: checking for siginterrupt
configure:18788: gcc -o conftest    conftest.c -ldl  >&5
configure:18788: $? = 0
configure:18788: result: yes
configure:18794: checking for sigpending
configure:18794: gcc -o conftest    conftest.c -ldl  >&5
configure:18794: $? = 0
configure:18794: result: yes
configure:18800: checking for sigrelse
configure:18800: gcc -o conftest    conftest.c -ldl  >&5
configure:18800: $? = 0
configure:18800: result: yes
configure:18806: checking for sigtimedwait
configure:18806: gcc -o conftest    conftest.c -ldl  >&5
configure:18806: $? = 0
configure:18806: result: yes
configure:18812: checking for sigwait
configure:18812: gcc -o conftest    conftest.c -ldl  >&5
configure:18812: $? = 0
configure:18812: result: yes
configure:18818: checking for sigwaitinfo
configure:18818: gcc -o conftest    conftest.c -ldl  >&5
configure:18818: $? = 0
configure:18818: result: yes
configure:18824: checking for snprintf
configure:18824: gcc -o conftest    conftest.c -ldl  >&5
conftest.c:333:6: warning: conflicting types for built-in function 'snprintf'; expected 'int(char *, long unsigned int,  const char *, ...)' [-Wbuiltin-declaration-mismatch]
  333 | char snprintf ();
      |      ^~~~~~~~
conftest.c:325:1: note: 'snprintf' is declared in header '<stdio.h>'
  324 | #include <limits.h>
  325 | #undef snprintf
configure:18824: $? = 0
configure:18824: result: yes
configure:18830: checking for splice
configure:18830: gcc -o conftest    conftest.c -ldl  >&5
configure:18830: $? = 0
configure:18830: result: yes
configure:18836: checking for strftime
configure:18836: gcc -o conftest    conftest.c -ldl  >&5
conftest.c:335:6: warning: conflicting types for built-in function 'strftime'; expected 'long unsigned int(char *, long unsigned int,  const char *, const void *)' [-Wbuiltin-declaration-mismatch]
  335 | char strftime ();
      |      ^~~~~~~~
conftest.c:327:1: note: 'strftime' is declared in header '<time.h>'
  326 | #include <limits.h>
  327 | #undef strftime
configure:18836: $? = 0
configure:18836: result: yes
configure:18842: checking for strlcpy
configure:18842: gcc -o conftest    conftest.c -ldl  >&5
configure:18842: $? = 0
configure:18842: result: yes
configure:18848: checking for strsignal
configure:18848: gcc -o conftest    conftest.c -ldl  >&5
configure:18848: $? = 0
configure:18848: result: yes
configure:18854: checking for symlinkat
configure:18854: gcc -o conftest    conftest.c -ldl  >&5
configure:18854: $? = 0
configure:18854: result: yes
configure:18860: checking for sync
configure:18860: gcc -o conftest    conftest.c -ldl  >&5
configure:18860: $? = 0
configure:18860: result: yes
configure:18866: checking for sysconf
configure:18866: gcc -o conftest    conftest.c -ldl  >&5
configure:18866: $? = 0
configure:18866: result: yes
configure:18872: checking for tcgetpgrp
configure:18872: gcc -o conftest    conftest.c -ldl  >&5
configure:18872: $? = 0
configure:18872: result: yes
configure:18878: checking for tcsetpgrp
configure:18878: gcc -o conftest    conftest.c -ldl  >&5
configure:18878: $? = 0
configure:18878: result: yes
configure:18884: checking for tempnam
configure:18884: gcc -o conftest    conftest.c -ldl  >&5
/usr/bin/ld: /tmp/ccr70NF7.o: in function `main':
conftest.c:(.text+0x5): warning: the use of `tempnam' is dangerous, better use `mkstemp'
configure:18884: $? = 0
configure:18884: result: yes
configure:18890: checking for timegm
configure:18890: gcc -o conftest    conftest.c -ldl  >&5
configure:18890: $? = 0
configure:18890: result: yes
configure:18896: checking for times
configure:18896: gcc -o conftest    conftest.c -ldl  >&5
configure:18896: $? = 0
configure:18896: result: yes
configure:18902: checking for tmpfile
configure:18902: gcc -o conftest    conftest.c -ldl  >&5
configure:18902: $? = 0
configure:18902: result: yes
configure:18908: checking for tmpnam
configure:18908: gcc -o conftest    conftest.c -ldl  >&5
/usr/bin/ld: /tmp/ccwlgpB9.o: in function `main':
conftest.c:(.text+0x5): warning: the use of `tmpnam' is dangerous, better use `mkstemp'
configure:18908: $? = 0
configure:18908: result: yes
configure:18914: checking for tmpnam_r
configure:18914: gcc -o conftest    conftest.c -ldl  >&5
/usr/bin/ld: /tmp/ccond55p.o: in function `main':
conftest.c:(.text+0x5): warning: the use of `tmpnam_r' is dangerous, better use `mkstemp'
configure:18914: $? = 0
configure:18914: result: yes
configure:18920: checking for truncate
configure:18920: gcc -o conftest    conftest.c -ldl  >&5
configure:18920: $? = 0
configure:18920: result: yes
configure:18926: checking for ttyname
configure:18926: gcc -o conftest    conftest.c -ldl  >&5
configure:18926: $? = 0
configure:18926: result: yes
configure:18932: checking for umask
configure:18932: gcc -o conftest    conftest.c -ldl  >&5
configure:18932: $? = 0
configure:18932: result: yes
configure:18938: checking for uname
configure:18938: gcc -o conftest    conftest.c -ldl  >&5
configure:18938: $? = 0
configure:18938: result: yes
configure:18944: checking for unlinkat
configure:18944: gcc -o conftest    conftest.c -ldl  >&5
configure:18944: $? = 0
configure:18944: result: yes
configure:18950: checking for unlockpt
configure:18950: gcc -o conftest    conftest.c -ldl  >&5
configure:18950: $? = 0
configure:18950: result: yes
configure:18956: checking for utimensat
configure:18956: gcc -o conftest    conftest.c -ldl  >&5
configure:18956: $? = 0
configure:18956: result: yes
configure:18962: checking for utimes
configure:18962: gcc -o conftest    conftest.c -ldl  >&5
configure:18962: $? = 0
configure:18962: result: yes
configure:18968: checking for vfork
configure:18968: gcc -o conftest    conftest.c -ldl  >&5
configure:18968: $? = 0
configure:18968: result: yes
configure:18974: checking for wait
configure:18974: gcc -o conftest    conftest.c -ldl  >&5
configure:18974: $? = 0
configure:18974: result: yes
configure:18980: checking for wait3
configure:18980: gcc -o conftest    conftest.c -ldl  >&5
configure:18980: $? = 0
configure:18980: result: yes
configure:18986: checking for wait4
configure:18986: gcc -o conftest    conftest.c -ldl  >&5
configure:18986: $? = 0
configure:18986: result: yes
configure:18992: checking for waitid
configure:18992: gcc -o conftest    conftest.c -ldl  >&5
configure:18992: $? = 0
configure:18992: result: yes
configure:18998: checking for waitpid
configure:18998: gcc -o conftest    conftest.c -ldl  >&5
configure:18998: $? = 0
configure:18998: result: yes
configure:19004: checking for wcscoll
configure:19004: gcc -o conftest    conftest.c -ldl  >&5
configure:19004: $? = 0
configure:19004: result: yes
configure:19010: checking for wcsftime
configure:19010: gcc -o conftest    conftest.c -ldl  >&5
configure:19010: $? = 0
configure:19010: result: yes
configure:19016: checking for wcsxfrm
configure:19016: gcc -o conftest    conftest.c -ldl  >&5
configure:19016: $? = 0
configure:19016: result: yes
configure:19022: checking for wmemcmp
configure:19022: gcc -o conftest    conftest.c -ldl  >&5
configure:19022: $? = 0
configure:19022: result: yes
configure:19028: checking for writev
configure:19028: gcc -o conftest    conftest.c -ldl  >&5
configure:19028: $? = 0
configure:19028: result: yes
configure:19054: checking for getentropy
configure:19054: gcc -o conftest    conftest.c -ldl  >&5
configure:19054: $? = 0
configure:19054: result: yes
configure:19060: checking for getgroups
configure:19060: gcc -o conftest    conftest.c -ldl  >&5
configure:19060: $? = 0
configure:19060: result: yes
configure:19066: checking for system
configure:19066: gcc -o conftest    conftest.c -ldl  >&5
configure:19066: $? = 0
configure:19066: result: yes
configure:19075: checking for gcc options needed to detect all undeclared functions
configure:19097: gcc -c    conftest.c >&5
conftest.c: In function 'main':
conftest.c:359:8: error: 'strchr' undeclared (first use in this function)
  359 | (void) strchr;
      |        ^~~~~~
conftest.c:1:1: note: 'strchr' is defined in header '<string.h>'; this is probably fixable by adding '#include <string.h>'
    1 | /* confdefs.h */
conftest.c:359:8: note: each undeclared identifier is reported only once for each function it appears in
  359 | (void) strchr;
      |        ^~~~~~
configure:19097: $? = 1
configure: failed program was:
| /* confdefs.h */
| #define _NETBSD_SOURCE 1
| #define __BSD_VISIBLE 1
| #define _DARWIN_C_SOURCE 1
| #define _PYTHONFRAMEWORK ""
| #define _XOPEN_SOURCE 700
| #define _XOPEN_SOURCE_EXTENDED 1
| #define _POSIX_C_SOURCE 200809L
| #define HAVE_STDIO_H 1
| #define HAVE_STDLIB_H 1
| #define HAVE_STRING_H 1
| #define HAVE_INTTYPES_H 1
| #define HAVE_STDINT_H 1
| #define HAVE_STRINGS_H 1
| #define HAVE_SYS_STAT_H 1
| #define HAVE_SYS_TYPES_H 1
| #define HAVE_UNISTD_H 1
| #define HAVE_WCHAR_H 1
| #define STDC_HEADERS 1
| #define _ALL_SOURCE 1
| #define _DARWIN_C_SOURCE 1
| #define _GNU_SOURCE 1
| #define _HPUX_ALT_XOPEN_SOCKET_API 1
| #define _NETBSD_SOURCE 1
| #define _OPENBSD_SOURCE 1
| #define _POSIX_PTHREAD_SEMANTICS 1
| #define __STDC_WANT_IEC_60559_ATTRIBS_EXT__ 1
| #define __STDC_WANT_IEC_60559_BFP_EXT__ 1
| #define __STDC_WANT_IEC_60559_DFP_EXT__ 1
| #define __STDC_WANT_IEC_60559_FUNCS_EXT__ 1
| #define __STDC_WANT_IEC_60559_TYPES_EXT__ 1
| #define __STDC_WANT_LIB_EXT2__ 1
| #define __STDC_WANT_MATH_SPEC_FUNCS__ 1
| #define _TANDEM_SOURCE 1
| #define __EXTENSIONS__ 1
| #define PY_SUPPORT_TIER 1
| #define Py_ENABLE_SHARED 1
| #define STDC_HEADERS 1
| #define HAVE_ALLOCA_H 1
| #define HAVE_ASM_TYPES_H 1
| #define HAVE_DLFCN_H 1
| #define HAVE_ENDIAN_H 1
| #define HAVE_ERRNO_H 1
| #define HAVE_FCNTL_H 1
| #define HAVE_GRP_H 1
| #define HAVE_LANGINFO_H 1
| #define HAVE_LIBINTL_H 1
| #define HAVE_LINUX_AUXVEC_H 1
| #define HAVE_SYS_AUXV_H 1
| #define HAVE_LINUX_FS_H 1
| #define HAVE_LINUX_LIMITS_H 1
| #define HAVE_LINUX_MEMFD_H 1
| #define HAVE_LINUX_RANDOM_H 1
| #define HAVE_LINUX_SOUNDCARD_H 1
| #define HAVE_LINUX_TIPC_H 1
| #define HAVE_LINUX_WAIT_H 1
| #define HAVE_NETDB_H 1
| #define HAVE_NET_ETHERNET_H 1
| #define HAVE_NETINET_IN_H 1
| #define HAVE_NETPACKET_PACKET_H 1
| #define HAVE_POLL_H 1
| #define HAVE_PTHREAD_H 1
| #define HAVE_PTY_H 1
| #define HAVE_SCHED_H 1
| #define HAVE_SETJMP_H 1
| #define HAVE_SHADOW_H 1
| #define HAVE_SIGNAL_H 1
| #define HAVE_SPAWN_H 1
| #define HAVE_SYS_EPOLL_H 1
| #define HAVE_SYS_EVENTFD_H 1
| #define HAVE_SYS_FILE_H 1
| #define HAVE_SYS_IOCTL_H 1
| #define HAVE_SYS_MMAN_H 1
| #define HAVE_SYS_PARAM_H 1
| #define HAVE_SYS_POLL_H 1
| #define HAVE_SYS_RANDOM_H 1
| #define HAVE_SYS_RESOURCE_H 1
| #define HAVE_SYS_SELECT_H 1
| #define HAVE_SYS_SENDFILE_H 1
| #define HAVE_SYS_SOCKET_H 1
| #define HAVE_SYS_SOUNDCARD_H 1
| #define HAVE_SYS_STAT_H 1
| #define HAVE_SYS_STATVFS_H 1
| #define HAVE_SYS_SYSCALL_H 1
| #define HAVE_SYS_SYSMACROS_H 1
| #define HAVE_SYS_TIME_H 1
| #define HAVE_SYS_TIMES_H 1
| #define HAVE_SYS_TIMERFD_H 1
| #define HAVE_SYS_TYPES_H 1
| #define HAVE_SYS_UIO_H 1
| #define HAVE_SYS_UN_H 1
| #define HAVE_SYS_UTSNAME_H 1
| #define HAVE_SYS_WAIT_H 1
| #define HAVE_SYS_XATTR_H 1
| #define HAVE_SYSEXITS_H 1
| #define HAVE_SYSLOG_H 1
| #define HAVE_TERMIOS_H 1
| #define HAVE_UTIME_H 1
| #define HAVE_UTMP_H 1
| #define HAVE_DIRENT_H 1
| #define MAJOR_IN_SYSMACROS 1
| #define HAVE_NET_IF_H 1
| #define HAVE_LINUX_NETLINK_H 1
| #define HAVE_LINUX_QRTR_H 1
| #define HAVE_LINUX_VM_SOCKETS_H 1
| #define HAVE_LINUX_CAN_H 1
| #define HAVE_LINUX_CAN_BCM_H 1
| #define HAVE_LINUX_CAN_J1939_H 1
| #define HAVE_LINUX_CAN_RAW_H 1
| #define HAVE_CLOCK_T 1
| #define HAVE_MAKEDEV 1
| #define HAVE_HTOLE64 1
| #define _LARGEFILE_SOURCE 1
| #define _FILE_OFFSET_BITS 64
| #if defined(SCO_DS)
| #undef _OFF_T
| #endif
| #define RETSIGTYPE void
| #define HAVE_SSIZE_T 1
| #define HAVE___UINT128_T 1
| #define HAVE_GCC_UINT128_T 1
| #define SIZEOF_INT 4
| #define SIZEOF_LONG 8
| #define ALIGNOF_LONG 8
| #define SIZEOF_LONG_LONG 8
| #define SIZEOF_VOID_P 8
| #define SIZEOF_SHORT 2
| #define SIZEOF_FLOAT 4
| #define SIZEOF_DOUBLE 8
| #define SIZEOF_FPOS_T 16
| #define SIZEOF_SIZE_T 8
| #define ALIGNOF_SIZE_T 8
| #define SIZEOF_PID_T 4
| #define SIZEOF_UINTPTR_T 8
| #define ALIGNOF_MAX_ALIGN_T 16
| #define HAVE_LONG_DOUBLE 1
| #define SIZEOF_LONG_DOUBLE 16
| #define SIZEOF__BOOL 1
| #define SIZEOF_OFF_T 8
| #define SIZEOF_TIME_T 8
| #define SIZEOF_PTHREAD_T 8
| #define SIZEOF_PTHREAD_KEY_T 4
| #define PTHREAD_KEY_T_IS_COMPATIBLE_WITH_INT 1
| #define PY_HAVE_PERF_TRAMPOLINE 1
| #define HAVE_LIBDL 1
| #define HAVE_UUID_UUID_H 1
| #define HAVE_UUID_UUID_H 1
| #define HAVE_FFI_PREP_CIF_VAR 1
| #define HAVE_FFI_PREP_CLOSURE_LOC 1
| #define HAVE_FFI_CLOSURE_ALLOC 1
| #define WITH_DECIMAL_CONTEXTVAR 1
| #define _REENTRANT 1
| #define PTHREAD_SYSTEM_SCHED_SUPPORTED 1
| #define HAVE_PTHREAD_SIGMASK 1
| #define HAVE_PTHREAD_GETCPUCLOCKID 1
| #define ENABLE_IPV6 1
| #define HAVE_LINUX_CAN_RAW_FD_FRAMES 1
| #define HAVE_LINUX_CAN_RAW_JOIN_FILTERS 1
| #define WITH_DOC_STRINGS 1
| #define HAVE_STD_ATOMIC 1
| #define HAVE_BUILTIN_ATOMIC 1
| #define WITH_MIMALLOC 1
| #define WITH_PYMALLOC 1
| #define WITH_FREELISTS 1
| #define PY_COERCE_C_LOCALE 1
| #define HAVE_DLOPEN 1
| #define HAVE_DYNAMIC_LOADING 1
| #define HAVE_ACCEPT4 1
| #define HAVE_ALARM 1
| #define HAVE_BIND_TEXTDOMAIN_CODESET 1
| #define HAVE_CHMOD 1
| #define HAVE_CHOWN 1
| #define HAVE_CLOCK 1
| #define HAVE_CLOSEFROM 1
| #define HAVE_CLOSE_RANGE 1
| #define HAVE_CONFSTR 1
| #define HAVE_COPY_FILE_RANGE 1
| #define HAVE_CTERMID 1
| #define HAVE_DUP 1
| #define HAVE_DUP3 1
| #define HAVE_EXECV 1
| #define HAVE_EXPLICIT_BZERO 1
| #define HAVE_FACCESSAT 1
| #define HAVE_FCHMOD 1
| #define HAVE_FCHMODAT 1
| #define HAVE_FCHOWN 1
| #define HAVE_FCHOWNAT 1
| #define HAVE_FDOPENDIR 1
| #define HAVE_FEXECVE 1
| #define HAVE_FORK 1
| #define HAVE_FPATHCONF 1
| #define HAVE_FSTATAT 1
| #define HAVE_FTIME 1
| #define HAVE_FTRUNCATE 1
| #define HAVE_FUTIMENS 1
| #define HAVE_FUTIMES 1
| #define HAVE_FUTIMESAT 1
| #define HAVE_GAI_STRERROR 1
| #define HAVE_GETEGID 1
| #define HAVE_GETEUID 1
| #define HAVE_GETGID 1
| #define HAVE_GETGRENT 1
| #define HAVE_GETGRGID 1
| #define HAVE_GETGRGID_R 1
| #define HAVE_GETGRNAM_R 1
| #define HAVE_GETGROUPLIST 1
| #define HAVE_GETHOSTNAME 1
| #define HAVE_GETITIMER 1
| #define HAVE_GETLOADAVG 1
| #define HAVE_GETLOGIN 1
| #define HAVE_GETPEERNAME 1
| #define HAVE_GETPGID 1
| #define HAVE_GETPID 1
| #define HAVE_GETPPID 1
| #define HAVE_GETPRIORITY 1
| #define HAVE_GETPWENT 1
| #define HAVE_GETPWNAM_R 1
| #define HAVE_GETPWUID 1
| #define HAVE_GETPWUID_R 1
| #define HAVE_GETRESGID 1
| #define HAVE_GETRESUID 1
| #define HAVE_GETRUSAGE 1
| #define HAVE_GETSID 1
| #define HAVE_GETSPENT 1
| #define HAVE_GETSPNAM 1
| #define HAVE_GETUID 1
| #define HAVE_GETWD 1
| #define HAVE_GRANTPT 1
| #define HAVE_IF_NAMEINDEX 1
| #define HAVE_INITGROUPS 1
| #define HAVE_KILL 1
| #define HAVE_KILLPG 1
| #define HAVE_LCHOWN 1
| #define HAVE_LINKAT 1
| #define HAVE_LOCKF 1
| #define HAVE_LSTAT 1
| #define HAVE_LUTIMES 1
| #define HAVE_MADVISE 1
| #define HAVE_MBRTOWC 1
| #define HAVE_MEMRCHR 1
| #define HAVE_MKDIRAT 1
| #define HAVE_MKFIFO 1
| #define HAVE_MKFIFOAT 1
| #define HAVE_MKNOD 1
| #define HAVE_MKNODAT 1
| #define HAVE_MKTIME 1
| #define HAVE_MMAP 1
| #define HAVE_MREMAP 1
| #define HAVE_NICE 1
| #define HAVE_OPENAT 1
| #define HAVE_OPENDIR 1
| #define HAVE_PATHCONF 1
| #define HAVE_PAUSE 1
| #define HAVE_PIPE 1
| #define HAVE_PIPE2 1
| #define HAVE_POLL 1
| #define HAVE_POSIX_FADVISE 1
| #define HAVE_POSIX_FALLOCATE 1
| #define HAVE_POSIX_OPENPT 1
| #define HAVE_POSIX_SPAWN 1
| #define HAVE_POSIX_SPAWNP 1
| #define HAVE_POSIX_SPAWN_FILE_ACTIONS_ADDCLOSEFROM_NP 1
| #define HAVE_PREAD 1
| #define HAVE_PREADV 1
| #define HAVE_PREADV2 1
| #define HAVE_PROCESS_VM_READV 1
| #define HAVE_PTHREAD_CONDATTR_SETCLOCK 1
| #define HAVE_PTHREAD_KILL 1
| #define HAVE_PTSNAME 1
| #define HAVE_PTSNAME_R 1
| #define HAVE_PWRITE 1
| #define HAVE_PWRITEV 1
| #define HAVE_PWRITEV2 1
| #define HAVE_READLINK 1
| #define HAVE_READLINKAT 1
| #define HAVE_READV 1
| #define HAVE_REALPATH 1
| #define HAVE_RENAMEAT 1
| #define HAVE_SCHED_GET_PRIORITY_MAX 1
| #define HAVE_SCHED_RR_GET_INTERVAL 1
| #define HAVE_SCHED_SETAFFINITY 1
| #define HAVE_SCHED_SETPARAM 1
| #define HAVE_SCHED_SETSCHEDULER 1
| #define HAVE_SEM_CLOCKWAIT 1
| #define HAVE_SEM_GETVALUE 1
| #define HAVE_SEM_OPEN 1
| #define HAVE_SEM_TIMEDWAIT 1
| #define HAVE_SEM_UNLINK 1
| #define HAVE_SENDFILE 1
| #define HAVE_SETEGID 1
| #define HAVE_SETEUID 1
| #define HAVE_SETGID 1
| #define HAVE_SETHOSTNAME 1
| #define HAVE_SETITIMER 1
| #define HAVE_SETLOCALE 1
| #define HAVE_SETPGID 1
| #define HAVE_SETPGRP 1
| #define HAVE_SETPRIORITY 1
| #define HAVE_SETREGID 1
| #define HAVE_SETRESGID 1
| #define HAVE_SETRESUID 1
| #define HAVE_SETREUID 1
| #define HAVE_SETSID 1
| #define HAVE_SETUID 1
| #define HAVE_SETVBUF 1
| #define HAVE_SHUTDOWN 1
| #define HAVE_SIGACTION 1
| #define HAVE_SIGALTSTACK 1
| #define HAVE_SIGFILLSET 1
| #define HAVE_SIGINTERRUPT 1
| #define HAVE_SIGPENDING 1
| #define HAVE_SIGRELSE 1
| #define HAVE_SIGTIMEDWAIT 1
| #define HAVE_SIGWAIT 1
| #define HAVE_SIGWAITINFO 1
| #define HAVE_SNPRINTF 1
| #define HAVE_SPLICE 1
| #define HAVE_STRFTIME 1
| #define HAVE_STRLCPY 1
| #define HAVE_STRSIGNAL 1
| #define HAVE_SYMLINKAT 1
| #define HAVE_SYNC 1
| #define HAVE_SYSCONF 1
| #define HAVE_TCGETPGRP 1
| #define HAVE_TCSETPGRP 1
| #define HAVE_TEMPNAM 1
| #define HAVE_TIMEGM 1
| #define HAVE_TIMES 1
| #define HAVE_TMPFILE 1
| #define HAVE_TMPNAM 1
| #define HAVE_TMPNAM_R 1
| #define HAVE_TRUNCATE 1
| #define HAVE_TTYNAME 1
| #define HAVE_UMASK 1
| #define HAVE_UNAME 1
| #define HAVE_UNLINKAT 1
| #define HAVE_UNLOCKPT 1
| #define HAVE_UTIMENSAT 1
| #define HAVE_UTIMES 1
| #define HAVE_VFORK 1
| #define HAVE_WAIT 1
| #define HAVE_WAIT3 1
| #define HAVE_WAIT4 1
| #define HAVE_WAITID 1
| #define HAVE_WAITPID 1
| #define HAVE_WCSCOLL 1
| #define HAVE_WCSFTIME 1
| #define HAVE_WCSXFRM 1
| #define HAVE_WMEMCMP 1
| #define HAVE_WRITEV 1
| #define HAVE_GETENTROPY 1
| #define HAVE_GETGROUPS 1
| #define HAVE_SYSTEM 1
| /* end confdefs.h.  */
| 
| int
| main (void)
| {
| (void) strchr;
|   ;
|   return 0;
| }
configure:19124: gcc -c    conftest.c >&5
configure:19124: $? = 0
configure:19141: result: none needed
configure:19155: checking whether dirfd is declared
configure:19155: gcc -c    conftest.c >&5
configure:19155: $? = 0
configure:19155: result: yes
configure:19169: checking for chroot
configure:19186: gcc -c   conftest.c >&5
configure:19186: $? = 0
configure:19195: result: yes
configure:19208: checking for link
configure:19225: gcc -c   conftest.c >&5
configure:19225: $? = 0
configure:19234: result: yes
configure:19247: checking for symlink
configure:19264: gcc -c   conftest.c >&5
configure:19264: $? = 0
configure:19273: result: yes
configure:19286: checking for fchdir
configure:19303: gcc -c   conftest.c >&5
configure:19303: $? = 0
configure:19312: result: yes
configure:19325: checking for fsync
configure:19342: gcc -c   conftest.c >&5
configure:19342: $? = 0
configure:19351: result: yes
configure:19364: checking for fdatasync
configure:19381: gcc -c   conftest.c >&5
configure:19381: $? = 0
configure:19390: result: yes
configure:19403: checking for epoll_create
configure:19420: gcc -c   conftest.c >&5
configure:19420: $? = 0
configure:19429: result: yes
configure:19442: checking for epoll_create1
configure:19459: gcc -c   conftest.c >&5
configure:19459: $? = 0
configure:19468: result: yes
configure:19481: checking for kqueue
configure:19501: gcc -c   conftest.c >&5
conftest.c:366:10: fatal error: sys/event.h: No such file or directory
  366 | #include <sys/event.h>
      |          ^~~~~~~~~~~~~
compilation terminated.
configure:19501: $? = 1
configure: failed program was:
| /* confdefs.h */
| #define _NETBSD_SOURCE 1
| #define __BSD_VISIBLE 1
| #define _DARWIN_C_SOURCE 1
| #define _PYTHONFRAMEWORK ""
| #define _XOPEN_SOURCE 700
| #define _XOPEN_SOURCE_EXTENDED 1
| #define _POSIX_C_SOURCE 200809L
| #define HAVE_STDIO_H 1
| #define HAVE_STDLIB_H 1
| #define HAVE_STRING_H 1
| #define HAVE_INTTYPES_H 1
| #define HAVE_STDINT_H 1
| #define HAVE_STRINGS_H 1
| #define HAVE_SYS_STAT_H 1
| #define HAVE_SYS_TYPES_H 1
| #define HAVE_UNISTD_H 1
| #define HAVE_WCHAR_H 1
| #define STDC_HEADERS 1
| #define _ALL_SOURCE 1
| #define _DARWIN_C_SOURCE 1
| #define _GNU_SOURCE 1
| #define _HPUX_ALT_XOPEN_SOCKET_API 1
| #define _NETBSD_SOURCE 1
| #define _OPENBSD_SOURCE 1
| #define _POSIX_PTHREAD_SEMANTICS 1
| #define __STDC_WANT_IEC_60559_ATTRIBS_EXT__ 1
| #define __STDC_WANT_IEC_60559_BFP_EXT__ 1
| #define __STDC_WANT_IEC_60559_DFP_EXT__ 1
| #define __STDC_WANT_IEC_60559_FUNCS_EXT__ 1
| #define __STDC_WANT_IEC_60559_TYPES_EXT__ 1
| #define __STDC_WANT_LIB_EXT2__ 1
| #define __STDC_WANT_MATH_SPEC_FUNCS__ 1
| #define _TANDEM_SOURCE 1
| #define __EXTENSIONS__ 1
| #define PY_SUPPORT_TIER 1
| #define Py_ENABLE_SHARED 1
| #define STDC_HEADERS 1
| #define HAVE_ALLOCA_H 1
| #define HAVE_ASM_TYPES_H 1
| #define HAVE_DLFCN_H 1
| #define HAVE_ENDIAN_H 1
| #define HAVE_ERRNO_H 1
| #define HAVE_FCNTL_H 1
| #define HAVE_GRP_H 1
| #define HAVE_LANGINFO_H 1
| #define HAVE_LIBINTL_H 1
| #define HAVE_LINUX_AUXVEC_H 1
| #define HAVE_SYS_AUXV_H 1
| #define HAVE_LINUX_FS_H 1
| #define HAVE_LINUX_LIMITS_H 1
| #define HAVE_LINUX_MEMFD_H 1
| #define HAVE_LINUX_RANDOM_H 1
| #define HAVE_LINUX_SOUNDCARD_H 1
| #define HAVE_LINUX_TIPC_H 1
| #define HAVE_LINUX_WAIT_H 1
| #define HAVE_NETDB_H 1
| #define HAVE_NET_ETHERNET_H 1
| #define HAVE_NETINET_IN_H 1
| #define HAVE_NETPACKET_PACKET_H 1
| #define HAVE_POLL_H 1
| #define HAVE_PTHREAD_H 1
| #define HAVE_PTY_H 1
| #define HAVE_SCHED_H 1
| #define HAVE_SETJMP_H 1
| #define HAVE_SHADOW_H 1
| #define HAVE_SIGNAL_H 1
| #define HAVE_SPAWN_H 1
| #define HAVE_SYS_EPOLL_H 1
| #define HAVE_SYS_EVENTFD_H 1
| #define HAVE_SYS_FILE_H 1
| #define HAVE_SYS_IOCTL_H 1
| #define HAVE_SYS_MMAN_H 1
| #define HAVE_SYS_PARAM_H 1
| #define HAVE_SYS_POLL_H 1
| #define HAVE_SYS_RANDOM_H 1
| #define HAVE_SYS_RESOURCE_H 1
| #define HAVE_SYS_SELECT_H 1
| #define HAVE_SYS_SENDFILE_H 1
| #define HAVE_SYS_SOCKET_H 1
| #define HAVE_SYS_SOUNDCARD_H 1
| #define HAVE_SYS_STAT_H 1
| #define HAVE_SYS_STATVFS_H 1
| #define HAVE_SYS_SYSCALL_H 1
| #define HAVE_SYS_SYSMACROS_H 1
| #define HAVE_SYS_TIME_H 1
| #define HAVE_SYS_TIMES_H 1
| #define HAVE_SYS_TIMERFD_H 1
| #define HAVE_SYS_TYPES_H 1
| #define HAVE_SYS_UIO_H 1
| #define HAVE_SYS_UN_H 1
| #define HAVE_SYS_UTSNAME_H 1
| #define HAVE_SYS_WAIT_H 1
| #define HAVE_SYS_XATTR_H 1
| #define HAVE_SYSEXITS_H 1
| #define HAVE_SYSLOG_H 1
| #define HAVE_TERMIOS_H 1
| #define HAVE_UTIME_H 1
| #define HAVE_UTMP_H 1
| #define HAVE_DIRENT_H 1
| #define MAJOR_IN_SYSMACROS 1
| #define HAVE_NET_IF_H 1
| #define HAVE_LINUX_NETLINK_H 1
| #define HAVE_LINUX_QRTR_H 1
| #define HAVE_LINUX_VM_SOCKETS_H 1
| #define HAVE_LINUX_CAN_H 1
| #define HAVE_LINUX_CAN_BCM_H 1
| #define HAVE_LINUX_CAN_J1939_H 1
| #define HAVE_LINUX_CAN_RAW_H 1
| #define HAVE_CLOCK_T 1
| #define HAVE_MAKEDEV 1
| #define HAVE_HTOLE64 1
| #define _LARGEFILE_SOURCE 1
| #define _FILE_OFFSET_BITS 64
| #if defined(SCO_DS)
| #undef _OFF_T
| #endif
| #define RETSIGTYPE void
| #define HAVE_SSIZE_T 1
| #define HAVE___UINT128_T 1
| #define HAVE_GCC_UINT128_T 1
| #define SIZEOF_INT 4
| #define SIZEOF_LONG 8
| #define ALIGNOF_LONG 8
| #define SIZEOF_LONG_LONG 8
| #define SIZEOF_VOID_P 8
| #define SIZEOF_SHORT 2
| #define SIZEOF_FLOAT 4
| #define SIZEOF_DOUBLE 8
| #define SIZEOF_FPOS_T 16
| #define SIZEOF_SIZE_T 8
| #define ALIGNOF_SIZE_T 8
| #define SIZEOF_PID_T 4
| #define SIZEOF_UINTPTR_T 8
| #define ALIGNOF_MAX_ALIGN_T 16
| #define HAVE_LONG_DOUBLE 1
| #define SIZEOF_LONG_DOUBLE 16
| #define SIZEOF__BOOL 1
| #define SIZEOF_OFF_T 8
| #define SIZEOF_TIME_T 8
| #define SIZEOF_PTHREAD_T 8
| #define SIZEOF_PTHREAD_KEY_T 4
| #define PTHREAD_KEY_T_IS_COMPATIBLE_WITH_INT 1
| #define PY_HAVE_PERF_TRAMPOLINE 1
| #define HAVE_LIBDL 1
| #define HAVE_UUID_UUID_H 1
| #define HAVE_UUID_UUID_H 1
| #define HAVE_FFI_PREP_CIF_VAR 1
| #define HAVE_FFI_PREP_CLOSURE_LOC 1
| #define HAVE_FFI_CLOSURE_ALLOC 1
| #define WITH_DECIMAL_CONTEXTVAR 1
| #define _REENTRANT 1
| #define PTHREAD_SYSTEM_SCHED_SUPPORTED 1
| #define HAVE_PTHREAD_SIGMASK 1
| #define HAVE_PTHREAD_GETCPUCLOCKID 1
| #define ENABLE_IPV6 1
| #define HAVE_LINUX_CAN_RAW_FD_FRAMES 1
| #define HAVE_LINUX_CAN_RAW_JOIN_FILTERS 1
| #define WITH_DOC_STRINGS 1
| #define HAVE_STD_ATOMIC 1
| #define HAVE_BUILTIN_ATOMIC 1
| #define WITH_MIMALLOC 1
| #define WITH_PYMALLOC 1
| #define WITH_FREELISTS 1
| #define PY_COERCE_C_LOCALE 1
| #define HAVE_DLOPEN 1
| #define HAVE_DYNAMIC_LOADING 1
| #define HAVE_ACCEPT4 1
| #define HAVE_ALARM 1
| #define HAVE_BIND_TEXTDOMAIN_CODESET 1
| #define HAVE_CHMOD 1
| #define HAVE_CHOWN 1
| #define HAVE_CLOCK 1
| #define HAVE_CLOSEFROM 1
| #define HAVE_CLOSE_RANGE 1
| #define HAVE_CONFSTR 1
| #define HAVE_COPY_FILE_RANGE 1
| #define HAVE_CTERMID 1
| #define HAVE_DUP 1
| #define HAVE_DUP3 1
| #define HAVE_EXECV 1
| #define HAVE_EXPLICIT_BZERO 1
| #define HAVE_FACCESSAT 1
| #define HAVE_FCHMOD 1
| #define HAVE_FCHMODAT 1
| #define HAVE_FCHOWN 1
| #define HAVE_FCHOWNAT 1
| #define HAVE_FDOPENDIR 1
| #define HAVE_FEXECVE 1
| #define HAVE_FORK 1
| #define HAVE_FPATHCONF 1
| #define HAVE_FSTATAT 1
| #define HAVE_FTIME 1
| #define HAVE_FTRUNCATE 1
| #define HAVE_FUTIMENS 1
| #define HAVE_FUTIMES 1
| #define HAVE_FUTIMESAT 1
| #define HAVE_GAI_STRERROR 1
| #define HAVE_GETEGID 1
| #define HAVE_GETEUID 1
| #define HAVE_GETGID 1
| #define HAVE_GETGRENT 1
| #define HAVE_GETGRGID 1
| #define HAVE_GETGRGID_R 1
| #define HAVE_GETGRNAM_R 1
| #define HAVE_GETGROUPLIST 1
| #define HAVE_GETHOSTNAME 1
| #define HAVE_GETITIMER 1
| #define HAVE_GETLOADAVG 1
| #define HAVE_GETLOGIN 1
| #define HAVE_GETPEERNAME 1
| #define HAVE_GETPGID 1
| #define HAVE_GETPID 1
| #define HAVE_GETPPID 1
| #define HAVE_GETPRIORITY 1
| #define HAVE_GETPWENT 1
| #define HAVE_GETPWNAM_R 1
| #define HAVE_GETPWUID 1
| #define HAVE_GETPWUID_R 1
| #define HAVE_GETRESGID 1
| #define HAVE_GETRESUID 1
| #define HAVE_GETRUSAGE 1
| #define HAVE_GETSID 1
| #define HAVE_GETSPENT 1
| #define HAVE_GETSPNAM 1
| #define HAVE_GETUID 1
| #define HAVE_GETWD 1
| #define HAVE_GRANTPT 1
| #define HAVE_IF_NAMEINDEX 1
| #define HAVE_INITGROUPS 1
| #define HAVE_KILL 1
| #define HAVE_KILLPG 1
| #define HAVE_LCHOWN 1
| #define HAVE_LINKAT 1
| #define HAVE_LOCKF 1
| #define HAVE_LSTAT 1
| #define HAVE_LUTIMES 1
| #define HAVE_MADVISE 1
| #define HAVE_MBRTOWC 1
| #define HAVE_MEMRCHR 1
| #define HAVE_MKDIRAT 1
| #define HAVE_MKFIFO 1
| #define HAVE_MKFIFOAT 1
| #define HAVE_MKNOD 1
| #define HAVE_MKNODAT 1
| #define HAVE_MKTIME 1
| #define HAVE_MMAP 1
| #define HAVE_MREMAP 1
| #define HAVE_NICE 1
| #define HAVE_OPENAT 1
| #define HAVE_OPENDIR 1
| #define HAVE_PATHCONF 1
| #define HAVE_PAUSE 1
| #define HAVE_PIPE 1
| #define HAVE_PIPE2 1
| #define HAVE_POLL 1
| #define HAVE_POSIX_FADVISE 1
| #define HAVE_POSIX_FALLOCATE 1
| #define HAVE_POSIX_OPENPT 1
| #define HAVE_POSIX_SPAWN 1
| #define HAVE_POSIX_SPAWNP 1
| #define HAVE_POSIX_SPAWN_FILE_ACTIONS_ADDCLOSEFROM_NP 1
| #define HAVE_PREAD 1
| #define HAVE_PREADV 1
| #define HAVE_PREADV2 1
| #define HAVE_PROCESS_VM_READV 1
| #define HAVE_PTHREAD_CONDATTR_SETCLOCK 1
| #define HAVE_PTHREAD_KILL 1
| #define HAVE_PTSNAME 1
| #define HAVE_PTSNAME_R 1
| #define HAVE_PWRITE 1
| #define HAVE_PWRITEV 1
| #define HAVE_PWRITEV2 1
| #define HAVE_READLINK 1
| #define HAVE_READLINKAT 1
| #define HAVE_READV 1
| #define HAVE_REALPATH 1
| #define HAVE_RENAMEAT 1
| #define HAVE_SCHED_GET_PRIORITY_MAX 1
| #define HAVE_SCHED_RR_GET_INTERVAL 1
| #define HAVE_SCHED_SETAFFINITY 1
| #define HAVE_SCHED_SETPARAM 1
| #define HAVE_SCHED_SETSCHEDULER 1
| #define HAVE_SEM_CLOCKWAIT 1
| #define HAVE_SEM_GETVALUE 1
| #define HAVE_SEM_OPEN 1
| #define HAVE_SEM_TIMEDWAIT 1
| #define HAVE_SEM_UNLINK 1
| #define HAVE_SENDFILE 1
| #define HAVE_SETEGID 1
| #define HAVE_SETEUID 1
| #define HAVE_SETGID 1
| #define HAVE_SETHOSTNAME 1
| #define HAVE_SETITIMER 1
| #define HAVE_SETLOCALE 1
| #define HAVE_SETPGID 1
| #define HAVE_SETPGRP 1
| #define HAVE_SETPRIORITY 1
| #define HAVE_SETREGID 1
| #define HAVE_SETRESGID 1
| #define HAVE_SETRESUID 1
| #define HAVE_SETREUID 1
| #define HAVE_SETSID 1
| #define HAVE_SETUID 1
| #define HAVE_SETVBUF 1
| #define HAVE_SHUTDOWN 1
| #define HAVE_SIGACTION 1
| #define HAVE_SIGALTSTACK 1
| #define HAVE_SIGFILLSET 1
| #define HAVE_SIGINTERRUPT 1
| #define HAVE_SIGPENDING 1
| #define HAVE_SIGRELSE 1
| #define HAVE_SIGTIMEDWAIT 1
| #define HAVE_SIGWAIT 1
| #define HAVE_SIGWAITINFO 1
| #define HAVE_SNPRINTF 1
| #define HAVE_SPLICE 1
| #define HAVE_STRFTIME 1
| #define HAVE_STRLCPY 1
| #define HAVE_STRSIGNAL 1
| #define HAVE_SYMLINKAT 1
| #define HAVE_SYNC 1
| #define HAVE_SYSCONF 1
| #define HAVE_TCGETPGRP 1
| #define HAVE_TCSETPGRP 1
| #define HAVE_TEMPNAM 1
| #define HAVE_TIMEGM 1
| #define HAVE_TIMES 1
| #define HAVE_TMPFILE 1
| #define HAVE_TMPNAM 1
| #define HAVE_TMPNAM_R 1
| #define HAVE_TRUNCATE 1
| #define HAVE_TTYNAME 1
| #define HAVE_UMASK 1
| #define HAVE_UNAME 1
| #define HAVE_UNLINKAT 1
| #define HAVE_UNLOCKPT 1
| #define HAVE_UTIMENSAT 1
| #define HAVE_UTIMES 1
| #define HAVE_VFORK 1
| #define HAVE_WAIT 1
| #define HAVE_WAIT3 1
| #define HAVE_WAIT4 1
| #define HAVE_WAITID 1
| #define HAVE_WAITPID 1
| #define HAVE_WCSCOLL 1
| #define HAVE_WCSFTIME 1
| #define HAVE_WCSXFRM 1
| #define HAVE_WMEMCMP 1
| #define HAVE_WRITEV 1
| #define HAVE_GETENTROPY 1
| #define HAVE_GETGROUPS 1
| #define HAVE_SYSTEM 1
| #define HAVE_DIRFD 1
| #define HAVE_CHROOT 1
| #define HAVE_LINK 1
| #define HAVE_SYMLINK 1
| #define HAVE_FCHDIR 1
| #define HAVE_FSYNC 1
| #define HAVE_FDATASYNC 1
| #define HAVE_EPOLL 1
| #define HAVE_EPOLL_CREATE1 1
| /* end confdefs.h.  */
| 
| #include <sys/types.h>
| #include <sys/event.h>
| 
| int
| main (void)
| {
| void *x=kqueue
|   ;
|   return 0;
| }
configure:19510: result: no
configure:19523: checking for prlimit
configure:19543: gcc -c   conftest.c >&5
configure:19543: $? = 0
configure:19552: result: yes
configure:19566: checking for _dyld_shared_cache_contains_path
configure:19583: gcc -c   conftest.c >&5
conftest.c:365:10: fatal error: mach-o/dyld.h: No such file or directory
  365 | #include <mach-o/dyld.h>
      |          ^~~~~~~~~~~~~~~
compilation terminated.
configure:19583: $? = 1
configure: failed program was:
| /* confdefs.h */
| #define _NETBSD_SOURCE 1
| #define __BSD_VISIBLE 1
| #define _DARWIN_C_SOURCE 1
| #define _PYTHONFRAMEWORK ""
| #define _XOPEN_SOURCE 700
| #define _XOPEN_SOURCE_EXTENDED 1
| #define _POSIX_C_SOURCE 200809L
| #define HAVE_STDIO_H 1
| #define HAVE_STDLIB_H 1
| #define HAVE_STRING_H 1
| #define HAVE_INTTYPES_H 1
| #define HAVE_STDINT_H 1
| #define HAVE_STRINGS_H 1
| #define HAVE_SYS_STAT_H 1
| #define HAVE_SYS_TYPES_H 1
| #define HAVE_UNISTD_H 1
| #define HAVE_WCHAR_H 1
| #define STDC_HEADERS 1
| #define _ALL_SOURCE 1
| #define _DARWIN_C_SOURCE 1
| #define _GNU_SOURCE 1
| #define _HPUX_ALT_XOPEN_SOCKET_API 1
| #define _NETBSD_SOURCE 1
| #define _OPENBSD_SOURCE 1
| #define _POSIX_PTHREAD_SEMANTICS 1
| #define __STDC_WANT_IEC_60559_ATTRIBS_EXT__ 1
| #define __STDC_WANT_IEC_60559_BFP_EXT__ 1
| #define __STDC_WANT_IEC_60559_DFP_EXT__ 1
| #define __STDC_WANT_IEC_60559_FUNCS_EXT__ 1
| #define __STDC_WANT_IEC_60559_TYPES_EXT__ 1
| #define __STDC_WANT_LIB_EXT2__ 1
| #define __STDC_WANT_MATH_SPEC_FUNCS__ 1
| #define _TANDEM_SOURCE 1
| #define __EXTENSIONS__ 1
| #define PY_SUPPORT_TIER 1
| #define Py_ENABLE_SHARED 1
| #define STDC_HEADERS 1
| #define HAVE_ALLOCA_H 1
| #define HAVE_ASM_TYPES_H 1
| #define HAVE_DLFCN_H 1
| #define HAVE_ENDIAN_H 1
| #define HAVE_ERRNO_H 1
| #define HAVE_FCNTL_H 1
| #define HAVE_GRP_H 1
| #define HAVE_LANGINFO_H 1
| #define HAVE_LIBINTL_H 1
| #define HAVE_LINUX_AUXVEC_H 1
| #define HAVE_SYS_AUXV_H 1
| #define HAVE_LINUX_FS_H 1
| #define HAVE_LINUX_LIMITS_H 1
| #define HAVE_LINUX_MEMFD_H 1
| #define HAVE_LINUX_RANDOM_H 1
| #define HAVE_LINUX_SOUNDCARD_H 1
| #define HAVE_LINUX_TIPC_H 1
| #define HAVE_LINUX_WAIT_H 1
| #define HAVE_NETDB_H 1
| #define HAVE_NET_ETHERNET_H 1
| #define HAVE_NETINET_IN_H 1
| #define HAVE_NETPACKET_PACKET_H 1
| #define HAVE_POLL_H 1
| #define HAVE_PTHREAD_H 1
| #define HAVE_PTY_H 1
| #define HAVE_SCHED_H 1
| #define HAVE_SETJMP_H 1
| #define HAVE_SHADOW_H 1
| #define HAVE_SIGNAL_H 1
| #define HAVE_SPAWN_H 1
| #define HAVE_SYS_EPOLL_H 1
| #define HAVE_SYS_EVENTFD_H 1
| #define HAVE_SYS_FILE_H 1
| #define HAVE_SYS_IOCTL_H 1
| #define HAVE_SYS_MMAN_H 1
| #define HAVE_SYS_PARAM_H 1
| #define HAVE_SYS_POLL_H 1
| #define HAVE_SYS_RANDOM_H 1
| #define HAVE_SYS_RESOURCE_H 1
| #define HAVE_SYS_SELECT_H 1
| #define HAVE_SYS_SENDFILE_H 1
| #define HAVE_SYS_SOCKET_H 1
| #define HAVE_SYS_SOUNDCARD_H 1
| #define HAVE_SYS_STAT_H 1
| #define HAVE_SYS_STATVFS_H 1
| #define HAVE_SYS_SYSCALL_H 1
| #define HAVE_SYS_SYSMACROS_H 1
| #define HAVE_SYS_TIME_H 1
| #define HAVE_SYS_TIMES_H 1
| #define HAVE_SYS_TIMERFD_H 1
| #define HAVE_SYS_TYPES_H 1
| #define HAVE_SYS_UIO_H 1
| #define HAVE_SYS_UN_H 1
| #define HAVE_SYS_UTSNAME_H 1
| #define HAVE_SYS_WAIT_H 1
| #define HAVE_SYS_XATTR_H 1
| #define HAVE_SYSEXITS_H 1
| #define HAVE_SYSLOG_H 1
| #define HAVE_TERMIOS_H 1
| #define HAVE_UTIME_H 1
| #define HAVE_UTMP_H 1
| #define HAVE_DIRENT_H 1
| #define MAJOR_IN_SYSMACROS 1
| #define HAVE_NET_IF_H 1
| #define HAVE_LINUX_NETLINK_H 1
| #define HAVE_LINUX_QRTR_H 1
| #define HAVE_LINUX_VM_SOCKETS_H 1
| #define HAVE_LINUX_CAN_H 1
| #define HAVE_LINUX_CAN_BCM_H 1
| #define HAVE_LINUX_CAN_J1939_H 1
| #define HAVE_LINUX_CAN_RAW_H 1
| #define HAVE_CLOCK_T 1
| #define HAVE_MAKEDEV 1
| #define HAVE_HTOLE64 1
| #define _LARGEFILE_SOURCE 1
| #define _FILE_OFFSET_BITS 64
| #if defined(SCO_DS)
| #undef _OFF_T
| #endif
| #define RETSIGTYPE void
| #define HAVE_SSIZE_T 1
| #define HAVE___UINT128_T 1
| #define HAVE_GCC_UINT128_T 1
| #define SIZEOF_INT 4
| #define SIZEOF_LONG 8
| #define ALIGNOF_LONG 8
| #define SIZEOF_LONG_LONG 8
| #define SIZEOF_VOID_P 8
| #define SIZEOF_SHORT 2
| #define SIZEOF_FLOAT 4
| #define SIZEOF_DOUBLE 8
| #define SIZEOF_FPOS_T 16
| #define SIZEOF_SIZE_T 8
| #define ALIGNOF_SIZE_T 8
| #define SIZEOF_PID_T 4
| #define SIZEOF_UINTPTR_T 8
| #define ALIGNOF_MAX_ALIGN_T 16
| #define HAVE_LONG_DOUBLE 1
| #define SIZEOF_LONG_DOUBLE 16
| #define SIZEOF__BOOL 1
| #define SIZEOF_OFF_T 8
| #define SIZEOF_TIME_T 8
| #define SIZEOF_PTHREAD_T 8
| #define SIZEOF_PTHREAD_KEY_T 4
| #define PTHREAD_KEY_T_IS_COMPATIBLE_WITH_INT 1
| #define PY_HAVE_PERF_TRAMPOLINE 1
| #define HAVE_LIBDL 1
| #define HAVE_UUID_UUID_H 1
| #define HAVE_UUID_UUID_H 1
| #define HAVE_FFI_PREP_CIF_VAR 1
| #define HAVE_FFI_PREP_CLOSURE_LOC 1
| #define HAVE_FFI_CLOSURE_ALLOC 1
| #define WITH_DECIMAL_CONTEXTVAR 1
| #define _REENTRANT 1
| #define PTHREAD_SYSTEM_SCHED_SUPPORTED 1
| #define HAVE_PTHREAD_SIGMASK 1
| #define HAVE_PTHREAD_GETCPUCLOCKID 1
| #define ENABLE_IPV6 1
| #define HAVE_LINUX_CAN_RAW_FD_FRAMES 1
| #define HAVE_LINUX_CAN_RAW_JOIN_FILTERS 1
| #define WITH_DOC_STRINGS 1
| #define HAVE_STD_ATOMIC 1
| #define HAVE_BUILTIN_ATOMIC 1
| #define WITH_MIMALLOC 1
| #define WITH_PYMALLOC 1
| #define WITH_FREELISTS 1
| #define PY_COERCE_C_LOCALE 1
| #define HAVE_DLOPEN 1
| #define HAVE_DYNAMIC_LOADING 1
| #define HAVE_ACCEPT4 1
| #define HAVE_ALARM 1
| #define HAVE_BIND_TEXTDOMAIN_CODESET 1
| #define HAVE_CHMOD 1
| #define HAVE_CHOWN 1
| #define HAVE_CLOCK 1
| #define HAVE_CLOSEFROM 1
| #define HAVE_CLOSE_RANGE 1
| #define HAVE_CONFSTR 1
| #define HAVE_COPY_FILE_RANGE 1
| #define HAVE_CTERMID 1
| #define HAVE_DUP 1
| #define HAVE_DUP3 1
| #define HAVE_EXECV 1
| #define HAVE_EXPLICIT_BZERO 1
| #define HAVE_FACCESSAT 1
| #define HAVE_FCHMOD 1
| #define HAVE_FCHMODAT 1
| #define HAVE_FCHOWN 1
| #define HAVE_FCHOWNAT 1
| #define HAVE_FDOPENDIR 1
| #define HAVE_FEXECVE 1
| #define HAVE_FORK 1
| #define HAVE_FPATHCONF 1
| #define HAVE_FSTATAT 1
| #define HAVE_FTIME 1
| #define HAVE_FTRUNCATE 1
| #define HAVE_FUTIMENS 1
| #define HAVE_FUTIMES 1
| #define HAVE_FUTIMESAT 1
| #define HAVE_GAI_STRERROR 1
| #define HAVE_GETEGID 1
| #define HAVE_GETEUID 1
| #define HAVE_GETGID 1
| #define HAVE_GETGRENT 1
| #define HAVE_GETGRGID 1
| #define HAVE_GETGRGID_R 1
| #define HAVE_GETGRNAM_R 1
| #define HAVE_GETGROUPLIST 1
| #define HAVE_GETHOSTNAME 1
| #define HAVE_GETITIMER 1
| #define HAVE_GETLOADAVG 1
| #define HAVE_GETLOGIN 1
| #define HAVE_GETPEERNAME 1
| #define HAVE_GETPGID 1
| #define HAVE_GETPID 1
| #define HAVE_GETPPID 1
| #define HAVE_GETPRIORITY 1
| #define HAVE_GETPWENT 1
| #define HAVE_GETPWNAM_R 1
| #define HAVE_GETPWUID 1
| #define HAVE_GETPWUID_R 1
| #define HAVE_GETRESGID 1
| #define HAVE_GETRESUID 1
| #define HAVE_GETRUSAGE 1
| #define HAVE_GETSID 1
| #define HAVE_GETSPENT 1
| #define HAVE_GETSPNAM 1
| #define HAVE_GETUID 1
| #define HAVE_GETWD 1
| #define HAVE_GRANTPT 1
| #define HAVE_IF_NAMEINDEX 1
| #define HAVE_INITGROUPS 1
| #define HAVE_KILL 1
| #define HAVE_KILLPG 1
| #define HAVE_LCHOWN 1
| #define HAVE_LINKAT 1
| #define HAVE_LOCKF 1
| #define HAVE_LSTAT 1
| #define HAVE_LUTIMES 1
| #define HAVE_MADVISE 1
| #define HAVE_MBRTOWC 1
| #define HAVE_MEMRCHR 1
| #define HAVE_MKDIRAT 1
| #define HAVE_MKFIFO 1
| #define HAVE_MKFIFOAT 1
| #define HAVE_MKNOD 1
| #define HAVE_MKNODAT 1
| #define HAVE_MKTIME 1
| #define HAVE_MMAP 1
| #define HAVE_MREMAP 1
| #define HAVE_NICE 1
| #define HAVE_OPENAT 1
| #define HAVE_OPENDIR 1
| #define HAVE_PATHCONF 1
| #define HAVE_PAUSE 1
| #define HAVE_PIPE 1
| #define HAVE_PIPE2 1
| #define HAVE_POLL 1
| #define HAVE_POSIX_FADVISE 1
| #define HAVE_POSIX_FALLOCATE 1
| #define HAVE_POSIX_OPENPT 1
| #define HAVE_POSIX_SPAWN 1
| #define HAVE_POSIX_SPAWNP 1
| #define HAVE_POSIX_SPAWN_FILE_ACTIONS_ADDCLOSEFROM_NP 1
| #define HAVE_PREAD 1
| #define HAVE_PREADV 1
| #define HAVE_PREADV2 1
| #define HAVE_PROCESS_VM_READV 1
| #define HAVE_PTHREAD_CONDATTR_SETCLOCK 1
| #define HAVE_PTHREAD_KILL 1
| #define HAVE_PTSNAME 1
| #define HAVE_PTSNAME_R 1
| #define HAVE_PWRITE 1
| #define HAVE_PWRITEV 1
| #define HAVE_PWRITEV2 1
| #define HAVE_READLINK 1
| #define HAVE_READLINKAT 1
| #define HAVE_READV 1
| #define HAVE_REALPATH 1
| #define HAVE_RENAMEAT 1
| #define HAVE_SCHED_GET_PRIORITY_MAX 1
| #define HAVE_SCHED_RR_GET_INTERVAL 1
| #define HAVE_SCHED_SETAFFINITY 1
| #define HAVE_SCHED_SETPARAM 1
| #define HAVE_SCHED_SETSCHEDULER 1
| #define HAVE_SEM_CLOCKWAIT 1
| #define HAVE_SEM_GETVALUE 1
| #define HAVE_SEM_OPEN 1
| #define HAVE_SEM_TIMEDWAIT 1
| #define HAVE_SEM_UNLINK 1
| #define HAVE_SENDFILE 1
| #define HAVE_SETEGID 1
| #define HAVE_SETEUID 1
| #define HAVE_SETGID 1
| #define HAVE_SETHOSTNAME 1
| #define HAVE_SETITIMER 1
| #define HAVE_SETLOCALE 1
| #define HAVE_SETPGID 1
| #define HAVE_SETPGRP 1
| #define HAVE_SETPRIORITY 1
| #define HAVE_SETREGID 1
| #define HAVE_SETRESGID 1
| #define HAVE_SETRESUID 1
| #define HAVE_SETREUID 1
| #define HAVE_SETSID 1
| #define HAVE_SETUID 1
| #define HAVE_SETVBUF 1
| #define HAVE_SHUTDOWN 1
| #define HAVE_SIGACTION 1
| #define HAVE_SIGALTSTACK 1
| #define HAVE_SIGFILLSET 1
| #define HAVE_SIGINTERRUPT 1
| #define HAVE_SIGPENDING 1
| #define HAVE_SIGRELSE 1
| #define HAVE_SIGTIMEDWAIT 1
| #define HAVE_SIGWAIT 1
| #define HAVE_SIGWAITINFO 1
| #define HAVE_SNPRINTF 1
| #define HAVE_SPLICE 1
| #define HAVE_STRFTIME 1
| #define HAVE_STRLCPY 1
| #define HAVE_STRSIGNAL 1
| #define HAVE_SYMLINKAT 1
| #define HAVE_SYNC 1
| #define HAVE_SYSCONF 1
| #define HAVE_TCGETPGRP 1
| #define HAVE_TCSETPGRP 1
| #define HAVE_TEMPNAM 1
| #define HAVE_TIMEGM 1
| #define HAVE_TIMES 1
| #define HAVE_TMPFILE 1
| #define HAVE_TMPNAM 1
| #define HAVE_TMPNAM_R 1
| #define HAVE_TRUNCATE 1
| #define HAVE_TTYNAME 1
| #define HAVE_UMASK 1
| #define HAVE_UNAME 1
| #define HAVE_UNLINKAT 1
| #define HAVE_UNLOCKPT 1
| #define HAVE_UTIMENSAT 1
| #define HAVE_UTIMES 1
| #define HAVE_VFORK 1
| #define HAVE_WAIT 1
| #define HAVE_WAIT3 1
| #define HAVE_WAIT4 1
| #define HAVE_WAITID 1
| #define HAVE_WAITPID 1
| #define HAVE_WCSCOLL 1
| #define HAVE_WCSFTIME 1
| #define HAVE_WCSXFRM 1
| #define HAVE_WMEMCMP 1
| #define HAVE_WRITEV 1
| #define HAVE_GETENTROPY 1
| #define HAVE_GETGROUPS 1
| #define HAVE_SYSTEM 1
| #define HAVE_DIRFD 1
| #define HAVE_CHROOT 1
| #define HAVE_LINK 1
| #define HAVE_SYMLINK 1
| #define HAVE_FCHDIR 1
| #define HAVE_FSYNC 1
| #define HAVE_FDATASYNC 1
| #define HAVE_EPOLL 1
| #define HAVE_EPOLL_CREATE1 1
| #define HAVE_PRLIMIT 1
| /* end confdefs.h.  */
| #include <mach-o/dyld.h>
| int
| main (void)
| {
| void *x=_dyld_shared_cache_contains_path
|   ;
|   return 0;
| }
configure:19592: result: no
configure:19606: checking for memfd_create
configure:19630: gcc -c   conftest.c >&5
configure:19630: $? = 0
configure:19639: result: yes
configure:19653: checking for eventfd
configure:19674: gcc -c   conftest.c >&5
configure:19674: $? = 0
configure:19683: result: yes
configure:19697: checking for timerfd_create
configure:19718: gcc -c   conftest.c >&5
configure:19718: $? = 0
configure:19727: result: yes
configure:19747: checking for ctermid_r
configure:19764: gcc -c   conftest.c >&5
conftest.c: In function 'main':
conftest.c:372:9: error: 'ctermid_r' undeclared (first use in this function); did you mean 'ctermid'?
  372 | void *x=ctermid_r
      |         ^~~~~~~~~
      |         ctermid
conftest.c:372:9: note: each undeclared identifier is reported only once for each function it appears in
configure:19764: $? = 1
configure: failed program was:
| /* confdefs.h */
| #define _NETBSD_SOURCE 1
| #define __BSD_VISIBLE 1
| #define _DARWIN_C_SOURCE 1
| #define _PYTHONFRAMEWORK ""
| #define _XOPEN_SOURCE 700
| #define _XOPEN_SOURCE_EXTENDED 1
| #define _POSIX_C_SOURCE 200809L
| #define HAVE_STDIO_H 1
| #define HAVE_STDLIB_H 1
| #define HAVE_STRING_H 1
| #define HAVE_INTTYPES_H 1
| #define HAVE_STDINT_H 1
| #define HAVE_STRINGS_H 1
| #define HAVE_SYS_STAT_H 1
| #define HAVE_SYS_TYPES_H 1
| #define HAVE_UNISTD_H 1
| #define HAVE_WCHAR_H 1
| #define STDC_HEADERS 1
| #define _ALL_SOURCE 1
| #define _DARWIN_C_SOURCE 1
| #define _GNU_SOURCE 1
| #define _HPUX_ALT_XOPEN_SOCKET_API 1
| #define _NETBSD_SOURCE 1
| #define _OPENBSD_SOURCE 1
| #define _POSIX_PTHREAD_SEMANTICS 1
| #define __STDC_WANT_IEC_60559_ATTRIBS_EXT__ 1
| #define __STDC_WANT_IEC_60559_BFP_EXT__ 1
| #define __STDC_WANT_IEC_60559_DFP_EXT__ 1
| #define __STDC_WANT_IEC_60559_FUNCS_EXT__ 1
| #define __STDC_WANT_IEC_60559_TYPES_EXT__ 1
| #define __STDC_WANT_LIB_EXT2__ 1
| #define __STDC_WANT_MATH_SPEC_FUNCS__ 1
| #define _TANDEM_SOURCE 1
| #define __EXTENSIONS__ 1
| #define PY_SUPPORT_TIER 1
| #define Py_ENABLE_SHARED 1
| #define STDC_HEADERS 1
| #define HAVE_ALLOCA_H 1
| #define HAVE_ASM_TYPES_H 1
| #define HAVE_DLFCN_H 1
| #define HAVE_ENDIAN_H 1
| #define HAVE_ERRNO_H 1
| #define HAVE_FCNTL_H 1
| #define HAVE_GRP_H 1
| #define HAVE_LANGINFO_H 1
| #define HAVE_LIBINTL_H 1
| #define HAVE_LINUX_AUXVEC_H 1
| #define HAVE_SYS_AUXV_H 1
| #define HAVE_LINUX_FS_H 1
| #define HAVE_LINUX_LIMITS_H 1
| #define HAVE_LINUX_MEMFD_H 1
| #define HAVE_LINUX_RANDOM_H 1
| #define HAVE_LINUX_SOUNDCARD_H 1
| #define HAVE_LINUX_TIPC_H 1
| #define HAVE_LINUX_WAIT_H 1
| #define HAVE_NETDB_H 1
| #define HAVE_NET_ETHERNET_H 1
| #define HAVE_NETINET_IN_H 1
| #define HAVE_NETPACKET_PACKET_H 1
| #define HAVE_POLL_H 1
| #define HAVE_PTHREAD_H 1
| #define HAVE_PTY_H 1
| #define HAVE_SCHED_H 1
| #define HAVE_SETJMP_H 1
| #define HAVE_SHADOW_H 1
| #define HAVE_SIGNAL_H 1
| #define HAVE_SPAWN_H 1
| #define HAVE_SYS_EPOLL_H 1
| #define HAVE_SYS_EVENTFD_H 1
| #define HAVE_SYS_FILE_H 1
| #define HAVE_SYS_IOCTL_H 1
| #define HAVE_SYS_MMAN_H 1
| #define HAVE_SYS_PARAM_H 1
| #define HAVE_SYS_POLL_H 1
| #define HAVE_SYS_RANDOM_H 1
| #define HAVE_SYS_RESOURCE_H 1
| #define HAVE_SYS_SELECT_H 1
| #define HAVE_SYS_SENDFILE_H 1
| #define HAVE_SYS_SOCKET_H 1
| #define HAVE_SYS_SOUNDCARD_H 1
| #define HAVE_SYS_STAT_H 1
| #define HAVE_SYS_STATVFS_H 1
| #define HAVE_SYS_SYSCALL_H 1
| #define HAVE_SYS_SYSMACROS_H 1
| #define HAVE_SYS_TIME_H 1
| #define HAVE_SYS_TIMES_H 1
| #define HAVE_SYS_TIMERFD_H 1
| #define HAVE_SYS_TYPES_H 1
| #define HAVE_SYS_UIO_H 1
| #define HAVE_SYS_UN_H 1
| #define HAVE_SYS_UTSNAME_H 1
| #define HAVE_SYS_WAIT_H 1
| #define HAVE_SYS_XATTR_H 1
| #define HAVE_SYSEXITS_H 1
| #define HAVE_SYSLOG_H 1
| #define HAVE_TERMIOS_H 1
| #define HAVE_UTIME_H 1
| #define HAVE_UTMP_H 1
| #define HAVE_DIRENT_H 1
| #define MAJOR_IN_SYSMACROS 1
| #define HAVE_NET_IF_H 1
| #define HAVE_LINUX_NETLINK_H 1
| #define HAVE_LINUX_QRTR_H 1
| #define HAVE_LINUX_VM_SOCKETS_H 1
| #define HAVE_LINUX_CAN_H 1
| #define HAVE_LINUX_CAN_BCM_H 1
| #define HAVE_LINUX_CAN_J1939_H 1
| #define HAVE_LINUX_CAN_RAW_H 1
| #define HAVE_CLOCK_T 1
| #define HAVE_MAKEDEV 1
| #define HAVE_HTOLE64 1
| #define _LARGEFILE_SOURCE 1
| #define _FILE_OFFSET_BITS 64
| #if defined(SCO_DS)
| #undef _OFF_T
| #endif
| #define RETSIGTYPE void
| #define HAVE_SSIZE_T 1
| #define HAVE___UINT128_T 1
| #define HAVE_GCC_UINT128_T 1
| #define SIZEOF_INT 4
| #define SIZEOF_LONG 8
| #define ALIGNOF_LONG 8
| #define SIZEOF_LONG_LONG 8
| #define SIZEOF_VOID_P 8
| #define SIZEOF_SHORT 2
| #define SIZEOF_FLOAT 4
| #define SIZEOF_DOUBLE 8
| #define SIZEOF_FPOS_T 16
| #define SIZEOF_SIZE_T 8
| #define ALIGNOF_SIZE_T 8
| #define SIZEOF_PID_T 4
| #define SIZEOF_UINTPTR_T 8
| #define ALIGNOF_MAX_ALIGN_T 16
| #define HAVE_LONG_DOUBLE 1
| #define SIZEOF_LONG_DOUBLE 16
| #define SIZEOF__BOOL 1
| #define SIZEOF_OFF_T 8
| #define SIZEOF_TIME_T 8
| #define SIZEOF_PTHREAD_T 8
| #define SIZEOF_PTHREAD_KEY_T 4
| #define PTHREAD_KEY_T_IS_COMPATIBLE_WITH_INT 1
| #define PY_HAVE_PERF_TRAMPOLINE 1
| #define HAVE_LIBDL 1
| #define HAVE_UUID_UUID_H 1
| #define HAVE_UUID_UUID_H 1
| #define HAVE_FFI_PREP_CIF_VAR 1
| #define HAVE_FFI_PREP_CLOSURE_LOC 1
| #define HAVE_FFI_CLOSURE_ALLOC 1
| #define WITH_DECIMAL_CONTEXTVAR 1
| #define _REENTRANT 1
| #define PTHREAD_SYSTEM_SCHED_SUPPORTED 1
| #define HAVE_PTHREAD_SIGMASK 1
| #define HAVE_PTHREAD_GETCPUCLOCKID 1
| #define ENABLE_IPV6 1
| #define HAVE_LINUX_CAN_RAW_FD_FRAMES 1
| #define HAVE_LINUX_CAN_RAW_JOIN_FILTERS 1
| #define WITH_DOC_STRINGS 1
| #define HAVE_STD_ATOMIC 1
| #define HAVE_BUILTIN_ATOMIC 1
| #define WITH_MIMALLOC 1
| #define WITH_PYMALLOC 1
| #define WITH_FREELISTS 1
| #define PY_COERCE_C_LOCALE 1
| #define HAVE_DLOPEN 1
| #define HAVE_DYNAMIC_LOADING 1
| #define HAVE_ACCEPT4 1
| #define HAVE_ALARM 1
| #define HAVE_BIND_TEXTDOMAIN_CODESET 1
| #define HAVE_CHMOD 1
| #define HAVE_CHOWN 1
| #define HAVE_CLOCK 1
| #define HAVE_CLOSEFROM 1
| #define HAVE_CLOSE_RANGE 1
| #define HAVE_CONFSTR 1
| #define HAVE_COPY_FILE_RANGE 1
| #define HAVE_CTERMID 1
| #define HAVE_DUP 1
| #define HAVE_DUP3 1
| #define HAVE_EXECV 1
| #define HAVE_EXPLICIT_BZERO 1
| #define HAVE_FACCESSAT 1
| #define HAVE_FCHMOD 1
| #define HAVE_FCHMODAT 1
| #define HAVE_FCHOWN 1
| #define HAVE_FCHOWNAT 1
| #define HAVE_FDOPENDIR 1
| #define HAVE_FEXECVE 1
| #define HAVE_FORK 1
| #define HAVE_FPATHCONF 1
| #define HAVE_FSTATAT 1
| #define HAVE_FTIME 1
| #define HAVE_FTRUNCATE 1
| #define HAVE_FUTIMENS 1
| #define HAVE_FUTIMES 1
| #define HAVE_FUTIMESAT 1
| #define HAVE_GAI_STRERROR 1
| #define HAVE_GETEGID 1
| #define HAVE_GETEUID 1
| #define HAVE_GETGID 1
| #define HAVE_GETGRENT 1
| #define HAVE_GETGRGID 1
| #define HAVE_GETGRGID_R 1
| #define HAVE_GETGRNAM_R 1
| #define HAVE_GETGROUPLIST 1
| #define HAVE_GETHOSTNAME 1
| #define HAVE_GETITIMER 1
| #define HAVE_GETLOADAVG 1
| #define HAVE_GETLOGIN 1
| #define HAVE_GETPEERNAME 1
| #define HAVE_GETPGID 1
| #define HAVE_GETPID 1
| #define HAVE_GETPPID 1
| #define HAVE_GETPRIORITY 1
| #define HAVE_GETPWENT 1
| #define HAVE_GETPWNAM_R 1
| #define HAVE_GETPWUID 1
| #define HAVE_GETPWUID_R 1
| #define HAVE_GETRESGID 1
| #define HAVE_GETRESUID 1
| #define HAVE_GETRUSAGE 1
| #define HAVE_GETSID 1
| #define HAVE_GETSPENT 1
| #define HAVE_GETSPNAM 1
| #define HAVE_GETUID 1
| #define HAVE_GETWD 1
| #define HAVE_GRANTPT 1
| #define HAVE_IF_NAMEINDEX 1
| #define HAVE_INITGROUPS 1
| #define HAVE_KILL 1
| #define HAVE_KILLPG 1
| #define HAVE_LCHOWN 1
| #define HAVE_LINKAT 1
| #define HAVE_LOCKF 1
| #define HAVE_LSTAT 1
| #define HAVE_LUTIMES 1
| #define HAVE_MADVISE 1
| #define HAVE_MBRTOWC 1
| #define HAVE_MEMRCHR 1
| #define HAVE_MKDIRAT 1
| #define HAVE_MKFIFO 1
| #define HAVE_MKFIFOAT 1
| #define HAVE_MKNOD 1
| #define HAVE_MKNODAT 1
| #define HAVE_MKTIME 1
| #define HAVE_MMAP 1
| #define HAVE_MREMAP 1
| #define HAVE_NICE 1
| #define HAVE_OPENAT 1
| #define HAVE_OPENDIR 1
| #define HAVE_PATHCONF 1
| #define HAVE_PAUSE 1
| #define HAVE_PIPE 1
| #define HAVE_PIPE2 1
| #define HAVE_POLL 1
| #define HAVE_POSIX_FADVISE 1
| #define HAVE_POSIX_FALLOCATE 1
| #define HAVE_POSIX_OPENPT 1
| #define HAVE_POSIX_SPAWN 1
| #define HAVE_POSIX_SPAWNP 1
| #define HAVE_POSIX_SPAWN_FILE_ACTIONS_ADDCLOSEFROM_NP 1
| #define HAVE_PREAD 1
| #define HAVE_PREADV 1
| #define HAVE_PREADV2 1
| #define HAVE_PROCESS_VM_READV 1
| #define HAVE_PTHREAD_CONDATTR_SETCLOCK 1
| #define HAVE_PTHREAD_KILL 1
| #define HAVE_PTSNAME 1
| #define HAVE_PTSNAME_R 1
| #define HAVE_PWRITE 1
| #define HAVE_PWRITEV 1
| #define HAVE_PWRITEV2 1
| #define HAVE_READLINK 1
| #define HAVE_READLINKAT 1
| #define HAVE_READV 1
| #define HAVE_REALPATH 1
| #define HAVE_RENAMEAT 1
| #define HAVE_SCHED_GET_PRIORITY_MAX 1
| #define HAVE_SCHED_RR_GET_INTERVAL 1
| #define HAVE_SCHED_SETAFFINITY 1
| #define HAVE_SCHED_SETPARAM 1
| #define HAVE_SCHED_SETSCHEDULER 1
| #define HAVE_SEM_CLOCKWAIT 1
| #define HAVE_SEM_GETVALUE 1
| #define HAVE_SEM_OPEN 1
| #define HAVE_SEM_TIMEDWAIT 1
| #define HAVE_SEM_UNLINK 1
| #define HAVE_SENDFILE 1
| #define HAVE_SETEGID 1
| #define HAVE_SETEUID 1
| #define HAVE_SETGID 1
| #define HAVE_SETHOSTNAME 1
| #define HAVE_SETITIMER 1
| #define HAVE_SETLOCALE 1
| #define HAVE_SETPGID 1
| #define HAVE_SETPGRP 1
| #define HAVE_SETPRIORITY 1
| #define HAVE_SETREGID 1
| #define HAVE_SETRESGID 1
| #define HAVE_SETRESUID 1
| #define HAVE_SETREUID 1
| #define HAVE_SETSID 1
| #define HAVE_SETUID 1
| #define HAVE_SETVBUF 1
| #define HAVE_SHUTDOWN 1
| #define HAVE_SIGACTION 1
| #define HAVE_SIGALTSTACK 1
| #define HAVE_SIGFILLSET 1
| #define HAVE_SIGINTERRUPT 1
| #define HAVE_SIGPENDING 1
| #define HAVE_SIGRELSE 1
| #define HAVE_SIGTIMEDWAIT 1
| #define HAVE_SIGWAIT 1
| #define HAVE_SIGWAITINFO 1
| #define HAVE_SNPRINTF 1
| #define HAVE_SPLICE 1
| #define HAVE_STRFTIME 1
| #define HAVE_STRLCPY 1
| #define HAVE_STRSIGNAL 1
| #define HAVE_SYMLINKAT 1
| #define HAVE_SYNC 1
| #define HAVE_SYSCONF 1
| #define HAVE_TCGETPGRP 1
| #define HAVE_TCSETPGRP 1
| #define HAVE_TEMPNAM 1
| #define HAVE_TIMEGM 1
| #define HAVE_TIMES 1
| #define HAVE_TMPFILE 1
| #define HAVE_TMPNAM 1
| #define HAVE_TMPNAM_R 1
| #define HAVE_TRUNCATE 1
| #define HAVE_TTYNAME 1
| #define HAVE_UMASK 1
| #define HAVE_UNAME 1
| #define HAVE_UNLINKAT 1
| #define HAVE_UNLOCKPT 1
| #define HAVE_UTIMENSAT 1
| #define HAVE_UTIMES 1
| #define HAVE_VFORK 1
| #define HAVE_WAIT 1
| #define HAVE_WAIT3 1
| #define HAVE_WAIT4 1
| #define HAVE_WAITID 1
| #define HAVE_WAITPID 1
| #define HAVE_WCSCOLL 1
| #define HAVE_WCSFTIME 1
| #define HAVE_WCSXFRM 1
| #define HAVE_WMEMCMP 1
| #define HAVE_WRITEV 1
| #define HAVE_GETENTROPY 1
| #define HAVE_GETGROUPS 1
| #define HAVE_SYSTEM 1
| #define HAVE_DIRFD 1
| #define HAVE_CHROOT 1
| #define HAVE_LINK 1
| #define HAVE_SYMLINK 1
| #define HAVE_FCHDIR 1
| #define HAVE_FSYNC 1
| #define HAVE_FDATASYNC 1
| #define HAVE_EPOLL 1
| #define HAVE_EPOLL_CREATE1 1
| #define HAVE_PRLIMIT 1
| #define HAVE_MEMFD_CREATE 1
| #define HAVE_EVENTFD 1
| #define HAVE_TIMERFD_CREATE 1
| /* end confdefs.h.  */
| #include <stdio.h>
| int
| main (void)
| {
| void *x=ctermid_r
|   ;
|   return 0;
| }
configure:19773: result: no
configure:19785: checking for flock declaration
configure:19803: gcc -c   conftest.c >&5
configure:19803: $? = 0
configure:19813: result: yes
configure:19820: checking for flock
configure:19820: gcc -o conftest    conftest.c -ldl  >&5
configure:19820: $? = 0
configure:19820: result: yes
configure:19873: checking for getpagesize
configure:19890: gcc -c   conftest.c >&5
configure:19890: $? = 0
configure:19899: result: yes
configure:19911: checking for broken unsetenv
configure:19928: gcc -c   conftest.c >&5
configure:19928: $? = 0
configure:19938: result: no
configure:19953: checking for true
configure:19974: found /usr/bin/true
configure:19985: result: true
configure:19998: checking for inet_aton in -lc
configure:20021: gcc -o conftest    conftest.c -lc  -ldl  >&5
configure:20021: $? = 0
configure:20031: result: yes
configure:20086: checking for chflags
configure:20109: gcc -o conftest    conftest.c -ldl  >&5
conftest.c: In function 'main':
conftest.c:375:6: error: implicit declaration of function 'chflags' [-Wimplicit-function-declaration]
  375 |   if(chflags(argv[0], 0) != 0)
      |      ^~~~~~~
configure:20109: $? = 1
configure: program exited with status 1
configure: failed program was:
| /* confdefs.h */
| #define _NETBSD_SOURCE 1
| #define __BSD_VISIBLE 1
| #define _DARWIN_C_SOURCE 1
| #define _PYTHONFRAMEWORK ""
| #define _XOPEN_SOURCE 700
| #define _XOPEN_SOURCE_EXTENDED 1
| #define _POSIX_C_SOURCE 200809L
| #define HAVE_STDIO_H 1
| #define HAVE_STDLIB_H 1
| #define HAVE_STRING_H 1
| #define HAVE_INTTYPES_H 1
| #define HAVE_STDINT_H 1
| #define HAVE_STRINGS_H 1
| #define HAVE_SYS_STAT_H 1
| #define HAVE_SYS_TYPES_H 1
| #define HAVE_UNISTD_H 1
| #define HAVE_WCHAR_H 1
| #define STDC_HEADERS 1
| #define _ALL_SOURCE 1
| #define _DARWIN_C_SOURCE 1
| #define _GNU_SOURCE 1
| #define _HPUX_ALT_XOPEN_SOCKET_API 1
| #define _NETBSD_SOURCE 1
| #define _OPENBSD_SOURCE 1
| #define _POSIX_PTHREAD_SEMANTICS 1
| #define __STDC_WANT_IEC_60559_ATTRIBS_EXT__ 1
| #define __STDC_WANT_IEC_60559_BFP_EXT__ 1
| #define __STDC_WANT_IEC_60559_DFP_EXT__ 1
| #define __STDC_WANT_IEC_60559_FUNCS_EXT__ 1
| #define __STDC_WANT_IEC_60559_TYPES_EXT__ 1
| #define __STDC_WANT_LIB_EXT2__ 1
| #define __STDC_WANT_MATH_SPEC_FUNCS__ 1
| #define _TANDEM_SOURCE 1
| #define __EXTENSIONS__ 1
| #define PY_SUPPORT_TIER 1
| #define Py_ENABLE_SHARED 1
| #define STDC_HEADERS 1
| #define HAVE_ALLOCA_H 1
| #define HAVE_ASM_TYPES_H 1
| #define HAVE_DLFCN_H 1
| #define HAVE_ENDIAN_H 1
| #define HAVE_ERRNO_H 1
| #define HAVE_FCNTL_H 1
| #define HAVE_GRP_H 1
| #define HAVE_LANGINFO_H 1
| #define HAVE_LIBINTL_H 1
| #define HAVE_LINUX_AUXVEC_H 1
| #define HAVE_SYS_AUXV_H 1
| #define HAVE_LINUX_FS_H 1
| #define HAVE_LINUX_LIMITS_H 1
| #define HAVE_LINUX_MEMFD_H 1
| #define HAVE_LINUX_RANDOM_H 1
| #define HAVE_LINUX_SOUNDCARD_H 1
| #define HAVE_LINUX_TIPC_H 1
| #define HAVE_LINUX_WAIT_H 1
| #define HAVE_NETDB_H 1
| #define HAVE_NET_ETHERNET_H 1
| #define HAVE_NETINET_IN_H 1
| #define HAVE_NETPACKET_PACKET_H 1
| #define HAVE_POLL_H 1
| #define HAVE_PTHREAD_H 1
| #define HAVE_PTY_H 1
| #define HAVE_SCHED_H 1
| #define HAVE_SETJMP_H 1
| #define HAVE_SHADOW_H 1
| #define HAVE_SIGNAL_H 1
| #define HAVE_SPAWN_H 1
| #define HAVE_SYS_EPOLL_H 1
| #define HAVE_SYS_EVENTFD_H 1
| #define HAVE_SYS_FILE_H 1
| #define HAVE_SYS_IOCTL_H 1
| #define HAVE_SYS_MMAN_H 1
| #define HAVE_SYS_PARAM_H 1
| #define HAVE_SYS_POLL_H 1
| #define HAVE_SYS_RANDOM_H 1
| #define HAVE_SYS_RESOURCE_H 1
| #define HAVE_SYS_SELECT_H 1
| #define HAVE_SYS_SENDFILE_H 1
| #define HAVE_SYS_SOCKET_H 1
| #define HAVE_SYS_SOUNDCARD_H 1
| #define HAVE_SYS_STAT_H 1
| #define HAVE_SYS_STATVFS_H 1
| #define HAVE_SYS_SYSCALL_H 1
| #define HAVE_SYS_SYSMACROS_H 1
| #define HAVE_SYS_TIME_H 1
| #define HAVE_SYS_TIMES_H 1
| #define HAVE_SYS_TIMERFD_H 1
| #define HAVE_SYS_TYPES_H 1
| #define HAVE_SYS_UIO_H 1
| #define HAVE_SYS_UN_H 1
| #define HAVE_SYS_UTSNAME_H 1
| #define HAVE_SYS_WAIT_H 1
| #define HAVE_SYS_XATTR_H 1
| #define HAVE_SYSEXITS_H 1
| #define HAVE_SYSLOG_H 1
| #define HAVE_TERMIOS_H 1
| #define HAVE_UTIME_H 1
| #define HAVE_UTMP_H 1
| #define HAVE_DIRENT_H 1
| #define MAJOR_IN_SYSMACROS 1
| #define HAVE_NET_IF_H 1
| #define HAVE_LINUX_NETLINK_H 1
| #define HAVE_LINUX_QRTR_H 1
| #define HAVE_LINUX_VM_SOCKETS_H 1
| #define HAVE_LINUX_CAN_H 1
| #define HAVE_LINUX_CAN_BCM_H 1
| #define HAVE_LINUX_CAN_J1939_H 1
| #define HAVE_LINUX_CAN_RAW_H 1
| #define HAVE_CLOCK_T 1
| #define HAVE_MAKEDEV 1
| #define HAVE_HTOLE64 1
| #define _LARGEFILE_SOURCE 1
| #define _FILE_OFFSET_BITS 64
| #if defined(SCO_DS)
| #undef _OFF_T
| #endif
| #define RETSIGTYPE void
| #define HAVE_SSIZE_T 1
| #define HAVE___UINT128_T 1
| #define HAVE_GCC_UINT128_T 1
| #define SIZEOF_INT 4
| #define SIZEOF_LONG 8
| #define ALIGNOF_LONG 8
| #define SIZEOF_LONG_LONG 8
| #define SIZEOF_VOID_P 8
| #define SIZEOF_SHORT 2
| #define SIZEOF_FLOAT 4
| #define SIZEOF_DOUBLE 8
| #define SIZEOF_FPOS_T 16
| #define SIZEOF_SIZE_T 8
| #define ALIGNOF_SIZE_T 8
| #define SIZEOF_PID_T 4
| #define SIZEOF_UINTPTR_T 8
| #define ALIGNOF_MAX_ALIGN_T 16
| #define HAVE_LONG_DOUBLE 1
| #define SIZEOF_LONG_DOUBLE 16
| #define SIZEOF__BOOL 1
| #define SIZEOF_OFF_T 8
| #define SIZEOF_TIME_T 8
| #define SIZEOF_PTHREAD_T 8
| #define SIZEOF_PTHREAD_KEY_T 4
| #define PTHREAD_KEY_T_IS_COMPATIBLE_WITH_INT 1
| #define PY_HAVE_PERF_TRAMPOLINE 1
| #define HAVE_LIBDL 1
| #define HAVE_UUID_UUID_H 1
| #define HAVE_UUID_UUID_H 1
| #define HAVE_FFI_PREP_CIF_VAR 1
| #define HAVE_FFI_PREP_CLOSURE_LOC 1
| #define HAVE_FFI_CLOSURE_ALLOC 1
| #define WITH_DECIMAL_CONTEXTVAR 1
| #define _REENTRANT 1
| #define PTHREAD_SYSTEM_SCHED_SUPPORTED 1
| #define HAVE_PTHREAD_SIGMASK 1
| #define HAVE_PTHREAD_GETCPUCLOCKID 1
| #define ENABLE_IPV6 1
| #define HAVE_LINUX_CAN_RAW_FD_FRAMES 1
| #define HAVE_LINUX_CAN_RAW_JOIN_FILTERS 1
| #define WITH_DOC_STRINGS 1
| #define HAVE_STD_ATOMIC 1
| #define HAVE_BUILTIN_ATOMIC 1
| #define WITH_MIMALLOC 1
| #define WITH_PYMALLOC 1
| #define WITH_FREELISTS 1
| #define PY_COERCE_C_LOCALE 1
| #define HAVE_DLOPEN 1
| #define HAVE_DYNAMIC_LOADING 1
| #define HAVE_ACCEPT4 1
| #define HAVE_ALARM 1
| #define HAVE_BIND_TEXTDOMAIN_CODESET 1
| #define HAVE_CHMOD 1
| #define HAVE_CHOWN 1
| #define HAVE_CLOCK 1
| #define HAVE_CLOSEFROM 1
| #define HAVE_CLOSE_RANGE 1
| #define HAVE_CONFSTR 1
| #define HAVE_COPY_FILE_RANGE 1
| #define HAVE_CTERMID 1
| #define HAVE_DUP 1
| #define HAVE_DUP3 1
| #define HAVE_EXECV 1
| #define HAVE_EXPLICIT_BZERO 1
| #define HAVE_FACCESSAT 1
| #define HAVE_FCHMOD 1
| #define HAVE_FCHMODAT 1
| #define HAVE_FCHOWN 1
| #define HAVE_FCHOWNAT 1
| #define HAVE_FDOPENDIR 1
| #define HAVE_FEXECVE 1
| #define HAVE_FORK 1
| #define HAVE_FPATHCONF 1
| #define HAVE_FSTATAT 1
| #define HAVE_FTIME 1
| #define HAVE_FTRUNCATE 1
| #define HAVE_FUTIMENS 1
| #define HAVE_FUTIMES 1
| #define HAVE_FUTIMESAT 1
| #define HAVE_GAI_STRERROR 1
| #define HAVE_GETEGID 1
| #define HAVE_GETEUID 1
| #define HAVE_GETGID 1
| #define HAVE_GETGRENT 1
| #define HAVE_GETGRGID 1
| #define HAVE_GETGRGID_R 1
| #define HAVE_GETGRNAM_R 1
| #define HAVE_GETGROUPLIST 1
| #define HAVE_GETHOSTNAME 1
| #define HAVE_GETITIMER 1
| #define HAVE_GETLOADAVG 1
| #define HAVE_GETLOGIN 1
| #define HAVE_GETPEERNAME 1
| #define HAVE_GETPGID 1
| #define HAVE_GETPID 1
| #define HAVE_GETPPID 1
| #define HAVE_GETPRIORITY 1
| #define HAVE_GETPWENT 1
| #define HAVE_GETPWNAM_R 1
| #define HAVE_GETPWUID 1
| #define HAVE_GETPWUID_R 1
| #define HAVE_GETRESGID 1
| #define HAVE_GETRESUID 1
| #define HAVE_GETRUSAGE 1
| #define HAVE_GETSID 1
| #define HAVE_GETSPENT 1
| #define HAVE_GETSPNAM 1
| #define HAVE_GETUID 1
| #define HAVE_GETWD 1
| #define HAVE_GRANTPT 1
| #define HAVE_IF_NAMEINDEX 1
| #define HAVE_INITGROUPS 1
| #define HAVE_KILL 1
| #define HAVE_KILLPG 1
| #define HAVE_LCHOWN 1
| #define HAVE_LINKAT 1
| #define HAVE_LOCKF 1
| #define HAVE_LSTAT 1
| #define HAVE_LUTIMES 1
| #define HAVE_MADVISE 1
| #define HAVE_MBRTOWC 1
| #define HAVE_MEMRCHR 1
| #define HAVE_MKDIRAT 1
| #define HAVE_MKFIFO 1
| #define HAVE_MKFIFOAT 1
| #define HAVE_MKNOD 1
| #define HAVE_MKNODAT 1
| #define HAVE_MKTIME 1
| #define HAVE_MMAP 1
| #define HAVE_MREMAP 1
| #define HAVE_NICE 1
| #define HAVE_OPENAT 1
| #define HAVE_OPENDIR 1
| #define HAVE_PATHCONF 1
| #define HAVE_PAUSE 1
| #define HAVE_PIPE 1
| #define HAVE_PIPE2 1
| #define HAVE_POLL 1
| #define HAVE_POSIX_FADVISE 1
| #define HAVE_POSIX_FALLOCATE 1
| #define HAVE_POSIX_OPENPT 1
| #define HAVE_POSIX_SPAWN 1
| #define HAVE_POSIX_SPAWNP 1
| #define HAVE_POSIX_SPAWN_FILE_ACTIONS_ADDCLOSEFROM_NP 1
| #define HAVE_PREAD 1
| #define HAVE_PREADV 1
| #define HAVE_PREADV2 1
| #define HAVE_PROCESS_VM_READV 1
| #define HAVE_PTHREAD_CONDATTR_SETCLOCK 1
| #define HAVE_PTHREAD_KILL 1
| #define HAVE_PTSNAME 1
| #define HAVE_PTSNAME_R 1
| #define HAVE_PWRITE 1
| #define HAVE_PWRITEV 1
| #define HAVE_PWRITEV2 1
| #define HAVE_READLINK 1
| #define HAVE_READLINKAT 1
| #define HAVE_READV 1
| #define HAVE_REALPATH 1
| #define HAVE_RENAMEAT 1
| #define HAVE_SCHED_GET_PRIORITY_MAX 1
| #define HAVE_SCHED_RR_GET_INTERVAL 1
| #define HAVE_SCHED_SETAFFINITY 1
| #define HAVE_SCHED_SETPARAM 1
| #define HAVE_SCHED_SETSCHEDULER 1
| #define HAVE_SEM_CLOCKWAIT 1
| #define HAVE_SEM_GETVALUE 1
| #define HAVE_SEM_OPEN 1
| #define HAVE_SEM_TIMEDWAIT 1
| #define HAVE_SEM_UNLINK 1
| #define HAVE_SENDFILE 1
| #define HAVE_SETEGID 1
| #define HAVE_SETEUID 1
| #define HAVE_SETGID 1
| #define HAVE_SETHOSTNAME 1
| #define HAVE_SETITIMER 1
| #define HAVE_SETLOCALE 1
| #define HAVE_SETPGID 1
| #define HAVE_SETPGRP 1
| #define HAVE_SETPRIORITY 1
| #define HAVE_SETREGID 1
| #define HAVE_SETRESGID 1
| #define HAVE_SETRESUID 1
| #define HAVE_SETREUID 1
| #define HAVE_SETSID 1
| #define HAVE_SETUID 1
| #define HAVE_SETVBUF 1
| #define HAVE_SHUTDOWN 1
| #define HAVE_SIGACTION 1
| #define HAVE_SIGALTSTACK 1
| #define HAVE_SIGFILLSET 1
| #define HAVE_SIGINTERRUPT 1
| #define HAVE_SIGPENDING 1
| #define HAVE_SIGRELSE 1
| #define HAVE_SIGTIMEDWAIT 1
| #define HAVE_SIGWAIT 1
| #define HAVE_SIGWAITINFO 1
| #define HAVE_SNPRINTF 1
| #define HAVE_SPLICE 1
| #define HAVE_STRFTIME 1
| #define HAVE_STRLCPY 1
| #define HAVE_STRSIGNAL 1
| #define HAVE_SYMLINKAT 1
| #define HAVE_SYNC 1
| #define HAVE_SYSCONF 1
| #define HAVE_TCGETPGRP 1
| #define HAVE_TCSETPGRP 1
| #define HAVE_TEMPNAM 1
| #define HAVE_TIMEGM 1
| #define HAVE_TIMES 1
| #define HAVE_TMPFILE 1
| #define HAVE_TMPNAM 1
| #define HAVE_TMPNAM_R 1
| #define HAVE_TRUNCATE 1
| #define HAVE_TTYNAME 1
| #define HAVE_UMASK 1
| #define HAVE_UNAME 1
| #define HAVE_UNLINKAT 1
| #define HAVE_UNLOCKPT 1
| #define HAVE_UTIMENSAT 1
| #define HAVE_UTIMES 1
| #define HAVE_VFORK 1
| #define HAVE_WAIT 1
| #define HAVE_WAIT3 1
| #define HAVE_WAIT4 1
| #define HAVE_WAITID 1
| #define HAVE_WAITPID 1
| #define HAVE_WCSCOLL 1
| #define HAVE_WCSFTIME 1
| #define HAVE_WCSXFRM 1
| #define HAVE_WMEMCMP 1
| #define HAVE_WRITEV 1
| #define HAVE_GETENTROPY 1
| #define HAVE_GETGROUPS 1
| #define HAVE_SYSTEM 1
| #define HAVE_DIRFD 1
| #define HAVE_CHROOT 1
| #define HAVE_LINK 1
| #define HAVE_SYMLINK 1
| #define HAVE_FCHDIR 1
| #define HAVE_FSYNC 1
| #define HAVE_FDATASYNC 1
| #define HAVE_EPOLL 1
| #define HAVE_EPOLL_CREATE1 1
| #define HAVE_PRLIMIT 1
| #define HAVE_MEMFD_CREATE 1
| #define HAVE_EVENTFD 1
| #define HAVE_TIMERFD_CREATE 1
| #define HAVE_FLOCK 1
| #define HAVE_GETPAGESIZE 1
| /* end confdefs.h.  */
| 
| #include <sys/stat.h>
| #include <unistd.h>
| int main(int argc, char *argv[])
| {
|   if(chflags(argv[0], 0) != 0)
|     return 1;
|   return 0;
| }
| 
configure:20121: result: no
configure:20139: checking for lchflags
configure:20162: gcc -o conftest    conftest.c -ldl  >&5
conftest.c: In function 'main':
conftest.c:375:6: error: implicit declaration of function 'lchflags' [-Wimplicit-function-declaration]
  375 |   if(lchflags(argv[0], 0) != 0)
      |      ^~~~~~~~
configure:20162: $? = 1
configure: program exited with status 1
configure: failed program was:
| /* confdefs.h */
| #define _NETBSD_SOURCE 1
| #define __BSD_VISIBLE 1
| #define _DARWIN_C_SOURCE 1
| #define _PYTHONFRAMEWORK ""
| #define _XOPEN_SOURCE 700
| #define _XOPEN_SOURCE_EXTENDED 1
| #define _POSIX_C_SOURCE 200809L
| #define HAVE_STDIO_H 1
| #define HAVE_STDLIB_H 1
| #define HAVE_STRING_H 1
| #define HAVE_INTTYPES_H 1
| #define HAVE_STDINT_H 1
| #define HAVE_STRINGS_H 1
| #define HAVE_SYS_STAT_H 1
| #define HAVE_SYS_TYPES_H 1
| #define HAVE_UNISTD_H 1
| #define HAVE_WCHAR_H 1
| #define STDC_HEADERS 1
| #define _ALL_SOURCE 1
| #define _DARWIN_C_SOURCE 1
| #define _GNU_SOURCE 1
| #define _HPUX_ALT_XOPEN_SOCKET_API 1
| #define _NETBSD_SOURCE 1
| #define _OPENBSD_SOURCE 1
| #define _POSIX_PTHREAD_SEMANTICS 1
| #define __STDC_WANT_IEC_60559_ATTRIBS_EXT__ 1
| #define __STDC_WANT_IEC_60559_BFP_EXT__ 1
| #define __STDC_WANT_IEC_60559_DFP_EXT__ 1
| #define __STDC_WANT_IEC_60559_FUNCS_EXT__ 1
| #define __STDC_WANT_IEC_60559_TYPES_EXT__ 1
| #define __STDC_WANT_LIB_EXT2__ 1
| #define __STDC_WANT_MATH_SPEC_FUNCS__ 1
| #define _TANDEM_SOURCE 1
| #define __EXTENSIONS__ 1
| #define PY_SUPPORT_TIER 1
| #define Py_ENABLE_SHARED 1
| #define STDC_HEADERS 1
| #define HAVE_ALLOCA_H 1
| #define HAVE_ASM_TYPES_H 1
| #define HAVE_DLFCN_H 1
| #define HAVE_ENDIAN_H 1
| #define HAVE_ERRNO_H 1
| #define HAVE_FCNTL_H 1
| #define HAVE_GRP_H 1
| #define HAVE_LANGINFO_H 1
| #define HAVE_LIBINTL_H 1
| #define HAVE_LINUX_AUXVEC_H 1
| #define HAVE_SYS_AUXV_H 1
| #define HAVE_LINUX_FS_H 1
| #define HAVE_LINUX_LIMITS_H 1
| #define HAVE_LINUX_MEMFD_H 1
| #define HAVE_LINUX_RANDOM_H 1
| #define HAVE_LINUX_SOUNDCARD_H 1
| #define HAVE_LINUX_TIPC_H 1
| #define HAVE_LINUX_WAIT_H 1
| #define HAVE_NETDB_H 1
| #define HAVE_NET_ETHERNET_H 1
| #define HAVE_NETINET_IN_H 1
| #define HAVE_NETPACKET_PACKET_H 1
| #define HAVE_POLL_H 1
| #define HAVE_PTHREAD_H 1
| #define HAVE_PTY_H 1
| #define HAVE_SCHED_H 1
| #define HAVE_SETJMP_H 1
| #define HAVE_SHADOW_H 1
| #define HAVE_SIGNAL_H 1
| #define HAVE_SPAWN_H 1
| #define HAVE_SYS_EPOLL_H 1
| #define HAVE_SYS_EVENTFD_H 1
| #define HAVE_SYS_FILE_H 1
| #define HAVE_SYS_IOCTL_H 1
| #define HAVE_SYS_MMAN_H 1
| #define HAVE_SYS_PARAM_H 1
| #define HAVE_SYS_POLL_H 1
| #define HAVE_SYS_RANDOM_H 1
| #define HAVE_SYS_RESOURCE_H 1
| #define HAVE_SYS_SELECT_H 1
| #define HAVE_SYS_SENDFILE_H 1
| #define HAVE_SYS_SOCKET_H 1
| #define HAVE_SYS_SOUNDCARD_H 1
| #define HAVE_SYS_STAT_H 1
| #define HAVE_SYS_STATVFS_H 1
| #define HAVE_SYS_SYSCALL_H 1
| #define HAVE_SYS_SYSMACROS_H 1
| #define HAVE_SYS_TIME_H 1
| #define HAVE_SYS_TIMES_H 1
| #define HAVE_SYS_TIMERFD_H 1
| #define HAVE_SYS_TYPES_H 1
| #define HAVE_SYS_UIO_H 1
| #define HAVE_SYS_UN_H 1
| #define HAVE_SYS_UTSNAME_H 1
| #define HAVE_SYS_WAIT_H 1
| #define HAVE_SYS_XATTR_H 1
| #define HAVE_SYSEXITS_H 1
| #define HAVE_SYSLOG_H 1
| #define HAVE_TERMIOS_H 1
| #define HAVE_UTIME_H 1
| #define HAVE_UTMP_H 1
| #define HAVE_DIRENT_H 1
| #define MAJOR_IN_SYSMACROS 1
| #define HAVE_NET_IF_H 1
| #define HAVE_LINUX_NETLINK_H 1
| #define HAVE_LINUX_QRTR_H 1
| #define HAVE_LINUX_VM_SOCKETS_H 1
| #define HAVE_LINUX_CAN_H 1
| #define HAVE_LINUX_CAN_BCM_H 1
| #define HAVE_LINUX_CAN_J1939_H 1
| #define HAVE_LINUX_CAN_RAW_H 1
| #define HAVE_CLOCK_T 1
| #define HAVE_MAKEDEV 1
| #define HAVE_HTOLE64 1
| #define _LARGEFILE_SOURCE 1
| #define _FILE_OFFSET_BITS 64
| #if defined(SCO_DS)
| #undef _OFF_T
| #endif
| #define RETSIGTYPE void
| #define HAVE_SSIZE_T 1
| #define HAVE___UINT128_T 1
| #define HAVE_GCC_UINT128_T 1
| #define SIZEOF_INT 4
| #define SIZEOF_LONG 8
| #define ALIGNOF_LONG 8
| #define SIZEOF_LONG_LONG 8
| #define SIZEOF_VOID_P 8
| #define SIZEOF_SHORT 2
| #define SIZEOF_FLOAT 4
| #define SIZEOF_DOUBLE 8
| #define SIZEOF_FPOS_T 16
| #define SIZEOF_SIZE_T 8
| #define ALIGNOF_SIZE_T 8
| #define SIZEOF_PID_T 4
| #define SIZEOF_UINTPTR_T 8
| #define ALIGNOF_MAX_ALIGN_T 16
| #define HAVE_LONG_DOUBLE 1
| #define SIZEOF_LONG_DOUBLE 16
| #define SIZEOF__BOOL 1
| #define SIZEOF_OFF_T 8
| #define SIZEOF_TIME_T 8
| #define SIZEOF_PTHREAD_T 8
| #define SIZEOF_PTHREAD_KEY_T 4
| #define PTHREAD_KEY_T_IS_COMPATIBLE_WITH_INT 1
| #define PY_HAVE_PERF_TRAMPOLINE 1
| #define HAVE_LIBDL 1
| #define HAVE_UUID_UUID_H 1
| #define HAVE_UUID_UUID_H 1
| #define HAVE_FFI_PREP_CIF_VAR 1
| #define HAVE_FFI_PREP_CLOSURE_LOC 1
| #define HAVE_FFI_CLOSURE_ALLOC 1
| #define WITH_DECIMAL_CONTEXTVAR 1
| #define _REENTRANT 1
| #define PTHREAD_SYSTEM_SCHED_SUPPORTED 1
| #define HAVE_PTHREAD_SIGMASK 1
| #define HAVE_PTHREAD_GETCPUCLOCKID 1
| #define ENABLE_IPV6 1
| #define HAVE_LINUX_CAN_RAW_FD_FRAMES 1
| #define HAVE_LINUX_CAN_RAW_JOIN_FILTERS 1
| #define WITH_DOC_STRINGS 1
| #define HAVE_STD_ATOMIC 1
| #define HAVE_BUILTIN_ATOMIC 1
| #define WITH_MIMALLOC 1
| #define WITH_PYMALLOC 1
| #define WITH_FREELISTS 1
| #define PY_COERCE_C_LOCALE 1
| #define HAVE_DLOPEN 1
| #define HAVE_DYNAMIC_LOADING 1
| #define HAVE_ACCEPT4 1
| #define HAVE_ALARM 1
| #define HAVE_BIND_TEXTDOMAIN_CODESET 1
| #define HAVE_CHMOD 1
| #define HAVE_CHOWN 1
| #define HAVE_CLOCK 1
| #define HAVE_CLOSEFROM 1
| #define HAVE_CLOSE_RANGE 1
| #define HAVE_CONFSTR 1
| #define HAVE_COPY_FILE_RANGE 1
| #define HAVE_CTERMID 1
| #define HAVE_DUP 1
| #define HAVE_DUP3 1
| #define HAVE_EXECV 1
| #define HAVE_EXPLICIT_BZERO 1
| #define HAVE_FACCESSAT 1
| #define HAVE_FCHMOD 1
| #define HAVE_FCHMODAT 1
| #define HAVE_FCHOWN 1
| #define HAVE_FCHOWNAT 1
| #define HAVE_FDOPENDIR 1
| #define HAVE_FEXECVE 1
| #define HAVE_FORK 1
| #define HAVE_FPATHCONF 1
| #define HAVE_FSTATAT 1
| #define HAVE_FTIME 1
| #define HAVE_FTRUNCATE 1
| #define HAVE_FUTIMENS 1
| #define HAVE_FUTIMES 1
| #define HAVE_FUTIMESAT 1
| #define HAVE_GAI_STRERROR 1
| #define HAVE_GETEGID 1
| #define HAVE_GETEUID 1
| #define HAVE_GETGID 1
| #define HAVE_GETGRENT 1
| #define HAVE_GETGRGID 1
| #define HAVE_GETGRGID_R 1
| #define HAVE_GETGRNAM_R 1
| #define HAVE_GETGROUPLIST 1
| #define HAVE_GETHOSTNAME 1
| #define HAVE_GETITIMER 1
| #define HAVE_GETLOADAVG 1
| #define HAVE_GETLOGIN 1
| #define HAVE_GETPEERNAME 1
| #define HAVE_GETPGID 1
| #define HAVE_GETPID 1
| #define HAVE_GETPPID 1
| #define HAVE_GETPRIORITY 1
| #define HAVE_GETPWENT 1
| #define HAVE_GETPWNAM_R 1
| #define HAVE_GETPWUID 1
| #define HAVE_GETPWUID_R 1
| #define HAVE_GETRESGID 1
| #define HAVE_GETRESUID 1
| #define HAVE_GETRUSAGE 1
| #define HAVE_GETSID 1
| #define HAVE_GETSPENT 1
| #define HAVE_GETSPNAM 1
| #define HAVE_GETUID 1
| #define HAVE_GETWD 1
| #define HAVE_GRANTPT 1
| #define HAVE_IF_NAMEINDEX 1
| #define HAVE_INITGROUPS 1
| #define HAVE_KILL 1
| #define HAVE_KILLPG 1
| #define HAVE_LCHOWN 1
| #define HAVE_LINKAT 1
| #define HAVE_LOCKF 1
| #define HAVE_LSTAT 1
| #define HAVE_LUTIMES 1
| #define HAVE_MADVISE 1
| #define HAVE_MBRTOWC 1
| #define HAVE_MEMRCHR 1
| #define HAVE_MKDIRAT 1
| #define HAVE_MKFIFO 1
| #define HAVE_MKFIFOAT 1
| #define HAVE_MKNOD 1
| #define HAVE_MKNODAT 1
| #define HAVE_MKTIME 1
| #define HAVE_MMAP 1
| #define HAVE_MREMAP 1
| #define HAVE_NICE 1
| #define HAVE_OPENAT 1
| #define HAVE_OPENDIR 1
| #define HAVE_PATHCONF 1
| #define HAVE_PAUSE 1
| #define HAVE_PIPE 1
| #define HAVE_PIPE2 1
| #define HAVE_POLL 1
| #define HAVE_POSIX_FADVISE 1
| #define HAVE_POSIX_FALLOCATE 1
| #define HAVE_POSIX_OPENPT 1
| #define HAVE_POSIX_SPAWN 1
| #define HAVE_POSIX_SPAWNP 1
| #define HAVE_POSIX_SPAWN_FILE_ACTIONS_ADDCLOSEFROM_NP 1
| #define HAVE_PREAD 1
| #define HAVE_PREADV 1
| #define HAVE_PREADV2 1
| #define HAVE_PROCESS_VM_READV 1
| #define HAVE_PTHREAD_CONDATTR_SETCLOCK 1
| #define HAVE_PTHREAD_KILL 1
| #define HAVE_PTSNAME 1
| #define HAVE_PTSNAME_R 1
| #define HAVE_PWRITE 1
| #define HAVE_PWRITEV 1
| #define HAVE_PWRITEV2 1
| #define HAVE_READLINK 1
| #define HAVE_READLINKAT 1
| #define HAVE_READV 1
| #define HAVE_REALPATH 1
| #define HAVE_RENAMEAT 1
| #define HAVE_SCHED_GET_PRIORITY_MAX 1
| #define HAVE_SCHED_RR_GET_INTERVAL 1
| #define HAVE_SCHED_SETAFFINITY 1
| #define HAVE_SCHED_SETPARAM 1
| #define HAVE_SCHED_SETSCHEDULER 1
| #define HAVE_SEM_CLOCKWAIT 1
| #define HAVE_SEM_GETVALUE 1
| #define HAVE_SEM_OPEN 1
| #define HAVE_SEM_TIMEDWAIT 1
| #define HAVE_SEM_UNLINK 1
| #define HAVE_SENDFILE 1
| #define HAVE_SETEGID 1
| #define HAVE_SETEUID 1
| #define HAVE_SETGID 1
| #define HAVE_SETHOSTNAME 1
| #define HAVE_SETITIMER 1
| #define HAVE_SETLOCALE 1
| #define HAVE_SETPGID 1
| #define HAVE_SETPGRP 1
| #define HAVE_SETPRIORITY 1
| #define HAVE_SETREGID 1
| #define HAVE_SETRESGID 1
| #define HAVE_SETRESUID 1
| #define HAVE_SETREUID 1
| #define HAVE_SETSID 1
| #define HAVE_SETUID 1
| #define HAVE_SETVBUF 1
| #define HAVE_SHUTDOWN 1
| #define HAVE_SIGACTION 1
| #define HAVE_SIGALTSTACK 1
| #define HAVE_SIGFILLSET 1
| #define HAVE_SIGINTERRUPT 1
| #define HAVE_SIGPENDING 1
| #define HAVE_SIGRELSE 1
| #define HAVE_SIGTIMEDWAIT 1
| #define HAVE_SIGWAIT 1
| #define HAVE_SIGWAITINFO 1
| #define HAVE_SNPRINTF 1
| #define HAVE_SPLICE 1
| #define HAVE_STRFTIME 1
| #define HAVE_STRLCPY 1
| #define HAVE_STRSIGNAL 1
| #define HAVE_SYMLINKAT 1
| #define HAVE_SYNC 1
| #define HAVE_SYSCONF 1
| #define HAVE_TCGETPGRP 1
| #define HAVE_TCSETPGRP 1
| #define HAVE_TEMPNAM 1
| #define HAVE_TIMEGM 1
| #define HAVE_TIMES 1
| #define HAVE_TMPFILE 1
| #define HAVE_TMPNAM 1
| #define HAVE_TMPNAM_R 1
| #define HAVE_TRUNCATE 1
| #define HAVE_TTYNAME 1
| #define HAVE_UMASK 1
| #define HAVE_UNAME 1
| #define HAVE_UNLINKAT 1
| #define HAVE_UNLOCKPT 1
| #define HAVE_UTIMENSAT 1
| #define HAVE_UTIMES 1
| #define HAVE_VFORK 1
| #define HAVE_WAIT 1
| #define HAVE_WAIT3 1
| #define HAVE_WAIT4 1
| #define HAVE_WAITID 1
| #define HAVE_WAITPID 1
| #define HAVE_WCSCOLL 1
| #define HAVE_WCSFTIME 1
| #define HAVE_WCSXFRM 1
| #define HAVE_WMEMCMP 1
| #define HAVE_WRITEV 1
| #define HAVE_GETENTROPY 1
| #define HAVE_GETGROUPS 1
| #define HAVE_SYSTEM 1
| #define HAVE_DIRFD 1
| #define HAVE_CHROOT 1
| #define HAVE_LINK 1
| #define HAVE_SYMLINK 1
| #define HAVE_FCHDIR 1
| #define HAVE_FSYNC 1
| #define HAVE_FDATASYNC 1
| #define HAVE_EPOLL 1
| #define HAVE_EPOLL_CREATE1 1
| #define HAVE_PRLIMIT 1
| #define HAVE_MEMFD_CREATE 1
| #define HAVE_EVENTFD 1
| #define HAVE_TIMERFD_CREATE 1
| #define HAVE_FLOCK 1
| #define HAVE_GETPAGESIZE 1
| /* end confdefs.h.  */
| 
| #include <sys/stat.h>
| #include <unistd.h>
| int main(int argc, char *argv[])
| {
|   if(lchflags(argv[0], 0) != 0)
|     return 1;
|   return 0;
| }
| 
configure:20174: result: no
configure:20210: checking for zlib >= 1.2.0
configure:20394: result: no
configure:20407: checking for zlib.h
configure:20407: gcc -c    conftest.c >&5
configure:20407: $? = 0
configure:20407: result: yes
configure:20413: checking for gzread in -lz
configure:20436: gcc -o conftest      conftest.c -lz  -ldl  >&5
/usr/bin/ld: cannot find -lz: No such file or directory
collect2: error: ld returned 1 exit status
configure:20436: $? = 1
configure: failed program was:
| /* confdefs.h */
| #define _NETBSD_SOURCE 1
| #define __BSD_VISIBLE 1
| #define _DARWIN_C_SOURCE 1
| #define _PYTHONFRAMEWORK ""
| #define _XOPEN_SOURCE 700
| #define _XOPEN_SOURCE_EXTENDED 1
| #define _POSIX_C_SOURCE 200809L
| #define HAVE_STDIO_H 1
| #define HAVE_STDLIB_H 1
| #define HAVE_STRING_H 1
| #define HAVE_INTTYPES_H 1
| #define HAVE_STDINT_H 1
| #define HAVE_STRINGS_H 1
| #define HAVE_SYS_STAT_H 1
| #define HAVE_SYS_TYPES_H 1
| #define HAVE_UNISTD_H 1
| #define HAVE_WCHAR_H 1
| #define STDC_HEADERS 1
| #define _ALL_SOURCE 1
| #define _DARWIN_C_SOURCE 1
| #define _GNU_SOURCE 1
| #define _HPUX_ALT_XOPEN_SOCKET_API 1
| #define _NETBSD_SOURCE 1
| #define _OPENBSD_SOURCE 1
| #define _POSIX_PTHREAD_SEMANTICS 1
| #define __STDC_WANT_IEC_60559_ATTRIBS_EXT__ 1
| #define __STDC_WANT_IEC_60559_BFP_EXT__ 1
| #define __STDC_WANT_IEC_60559_DFP_EXT__ 1
| #define __STDC_WANT_IEC_60559_FUNCS_EXT__ 1
| #define __STDC_WANT_IEC_60559_TYPES_EXT__ 1
| #define __STDC_WANT_LIB_EXT2__ 1
| #define __STDC_WANT_MATH_SPEC_FUNCS__ 1
| #define _TANDEM_SOURCE 1
| #define __EXTENSIONS__ 1
| #define PY_SUPPORT_TIER 1
| #define Py_ENABLE_SHARED 1
| #define STDC_HEADERS 1
| #define HAVE_ALLOCA_H 1
| #define HAVE_ASM_TYPES_H 1
| #define HAVE_DLFCN_H 1
| #define HAVE_ENDIAN_H 1
| #define HAVE_ERRNO_H 1
| #define HAVE_FCNTL_H 1
| #define HAVE_GRP_H 1
| #define HAVE_LANGINFO_H 1
| #define HAVE_LIBINTL_H 1
| #define HAVE_LINUX_AUXVEC_H 1
| #define HAVE_SYS_AUXV_H 1
| #define HAVE_LINUX_FS_H 1
| #define HAVE_LINUX_LIMITS_H 1
| #define HAVE_LINUX_MEMFD_H 1
| #define HAVE_LINUX_RANDOM_H 1
| #define HAVE_LINUX_SOUNDCARD_H 1
| #define HAVE_LINUX_TIPC_H 1
| #define HAVE_LINUX_WAIT_H 1
| #define HAVE_NETDB_H 1
| #define HAVE_NET_ETHERNET_H 1
| #define HAVE_NETINET_IN_H 1
| #define HAVE_NETPACKET_PACKET_H 1
| #define HAVE_POLL_H 1
| #define HAVE_PTHREAD_H 1
| #define HAVE_PTY_H 1
| #define HAVE_SCHED_H 1
| #define HAVE_SETJMP_H 1
| #define HAVE_SHADOW_H 1
| #define HAVE_SIGNAL_H 1
| #define HAVE_SPAWN_H 1
| #define HAVE_SYS_EPOLL_H 1
| #define HAVE_SYS_EVENTFD_H 1
| #define HAVE_SYS_FILE_H 1
| #define HAVE_SYS_IOCTL_H 1
| #define HAVE_SYS_MMAN_H 1
| #define HAVE_SYS_PARAM_H 1
| #define HAVE_SYS_POLL_H 1
| #define HAVE_SYS_RANDOM_H 1
| #define HAVE_SYS_RESOURCE_H 1
| #define HAVE_SYS_SELECT_H 1
| #define HAVE_SYS_SENDFILE_H 1
| #define HAVE_SYS_SOCKET_H 1
| #define HAVE_SYS_SOUNDCARD_H 1
| #define HAVE_SYS_STAT_H 1
| #define HAVE_SYS_STATVFS_H 1
| #define HAVE_SYS_SYSCALL_H 1
| #define HAVE_SYS_SYSMACROS_H 1
| #define HAVE_SYS_TIME_H 1
| #define HAVE_SYS_TIMES_H 1
| #define HAVE_SYS_TIMERFD_H 1
| #define HAVE_SYS_TYPES_H 1
| #define HAVE_SYS_UIO_H 1
| #define HAVE_SYS_UN_H 1
| #define HAVE_SYS_UTSNAME_H 1
| #define HAVE_SYS_WAIT_H 1
| #define HAVE_SYS_XATTR_H 1
| #define HAVE_SYSEXITS_H 1
| #define HAVE_SYSLOG_H 1
| #define HAVE_TERMIOS_H 1
| #define HAVE_UTIME_H 1
| #define HAVE_UTMP_H 1
| #define HAVE_DIRENT_H 1
| #define MAJOR_IN_SYSMACROS 1
| #define HAVE_NET_IF_H 1
| #define HAVE_LINUX_NETLINK_H 1
| #define HAVE_LINUX_QRTR_H 1
| #define HAVE_LINUX_VM_SOCKETS_H 1
| #define HAVE_LINUX_CAN_H 1
| #define HAVE_LINUX_CAN_BCM_H 1
| #define HAVE_LINUX_CAN_J1939_H 1
| #define HAVE_LINUX_CAN_RAW_H 1
| #define HAVE_CLOCK_T 1
| #define HAVE_MAKEDEV 1
| #define HAVE_HTOLE64 1
| #define _LARGEFILE_SOURCE 1
| #define _FILE_OFFSET_BITS 64
| #if defined(SCO_DS)
| #undef _OFF_T
| #endif
| #define RETSIGTYPE void
| #define HAVE_SSIZE_T 1
| #define HAVE___UINT128_T 1
| #define HAVE_GCC_UINT128_T 1
| #define SIZEOF_INT 4
| #define SIZEOF_LONG 8
| #define ALIGNOF_LONG 8
| #define SIZEOF_LONG_LONG 8
| #define SIZEOF_VOID_P 8
| #define SIZEOF_SHORT 2
| #define SIZEOF_FLOAT 4
| #define SIZEOF_DOUBLE 8
| #define SIZEOF_FPOS_T 16
| #define SIZEOF_SIZE_T 8
| #define ALIGNOF_SIZE_T 8
| #define SIZEOF_PID_T 4
| #define SIZEOF_UINTPTR_T 8
| #define ALIGNOF_MAX_ALIGN_T 16
| #define HAVE_LONG_DOUBLE 1
| #define SIZEOF_LONG_DOUBLE 16
| #define SIZEOF__BOOL 1
| #define SIZEOF_OFF_T 8
| #define SIZEOF_TIME_T 8
| #define SIZEOF_PTHREAD_T 8
| #define SIZEOF_PTHREAD_KEY_T 4
| #define PTHREAD_KEY_T_IS_COMPATIBLE_WITH_INT 1
| #define PY_HAVE_PERF_TRAMPOLINE 1
| #define HAVE_LIBDL 1
| #define HAVE_UUID_UUID_H 1
| #define HAVE_UUID_UUID_H 1
| #define HAVE_FFI_PREP_CIF_VAR 1
| #define HAVE_FFI_PREP_CLOSURE_LOC 1
| #define HAVE_FFI_CLOSURE_ALLOC 1
| #define WITH_DECIMAL_CONTEXTVAR 1
| #define _REENTRANT 1
| #define PTHREAD_SYSTEM_SCHED_SUPPORTED 1
| #define HAVE_PTHREAD_SIGMASK 1
| #define HAVE_PTHREAD_GETCPUCLOCKID 1
| #define ENABLE_IPV6 1
| #define HAVE_LINUX_CAN_RAW_FD_FRAMES 1
| #define HAVE_LINUX_CAN_RAW_JOIN_FILTERS 1
| #define WITH_DOC_STRINGS 1
| #define HAVE_STD_ATOMIC 1
| #define HAVE_BUILTIN_ATOMIC 1
| #define WITH_MIMALLOC 1
| #define WITH_PYMALLOC 1
| #define WITH_FREELISTS 1
| #define PY_COERCE_C_LOCALE 1
| #define HAVE_DLOPEN 1
| #define HAVE_DYNAMIC_LOADING 1
| #define HAVE_ACCEPT4 1
| #define HAVE_ALARM 1
| #define HAVE_BIND_TEXTDOMAIN_CODESET 1
| #define HAVE_CHMOD 1
| #define HAVE_CHOWN 1
| #define HAVE_CLOCK 1
| #define HAVE_CLOSEFROM 1
| #define HAVE_CLOSE_RANGE 1
| #define HAVE_CONFSTR 1
| #define HAVE_COPY_FILE_RANGE 1
| #define HAVE_CTERMID 1
| #define HAVE_DUP 1
| #define HAVE_DUP3 1
| #define HAVE_EXECV 1
| #define HAVE_EXPLICIT_BZERO 1
| #define HAVE_FACCESSAT 1
| #define HAVE_FCHMOD 1
| #define HAVE_FCHMODAT 1
| #define HAVE_FCHOWN 1
| #define HAVE_FCHOWNAT 1
| #define HAVE_FDOPENDIR 1
| #define HAVE_FEXECVE 1
| #define HAVE_FORK 1
| #define HAVE_FPATHCONF 1
| #define HAVE_FSTATAT 1
| #define HAVE_FTIME 1
| #define HAVE_FTRUNCATE 1
| #define HAVE_FUTIMENS 1
| #define HAVE_FUTIMES 1
| #define HAVE_FUTIMESAT 1
| #define HAVE_GAI_STRERROR 1
| #define HAVE_GETEGID 1
| #define HAVE_GETEUID 1
| #define HAVE_GETGID 1
| #define HAVE_GETGRENT 1
| #define HAVE_GETGRGID 1
| #define HAVE_GETGRGID_R 1
| #define HAVE_GETGRNAM_R 1
| #define HAVE_GETGROUPLIST 1
| #define HAVE_GETHOSTNAME 1
| #define HAVE_GETITIMER 1
| #define HAVE_GETLOADAVG 1
| #define HAVE_GETLOGIN 1
| #define HAVE_GETPEERNAME 1
| #define HAVE_GETPGID 1
| #define HAVE_GETPID 1
| #define HAVE_GETPPID 1
| #define HAVE_GETPRIORITY 1
| #define HAVE_GETPWENT 1
| #define HAVE_GETPWNAM_R 1
| #define HAVE_GETPWUID 1
| #define HAVE_GETPWUID_R 1
| #define HAVE_GETRESGID 1
| #define HAVE_GETRESUID 1
| #define HAVE_GETRUSAGE 1
| #define HAVE_GETSID 1
| #define HAVE_GETSPENT 1
| #define HAVE_GETSPNAM 1
| #define HAVE_GETUID 1
| #define HAVE_GETWD 1
| #define HAVE_GRANTPT 1
| #define HAVE_IF_NAMEINDEX 1
| #define HAVE_INITGROUPS 1
| #define HAVE_KILL 1
| #define HAVE_KILLPG 1
| #define HAVE_LCHOWN 1
| #define HAVE_LINKAT 1
| #define HAVE_LOCKF 1
| #define HAVE_LSTAT 1
| #define HAVE_LUTIMES 1
| #define HAVE_MADVISE 1
| #define HAVE_MBRTOWC 1
| #define HAVE_MEMRCHR 1
| #define HAVE_MKDIRAT 1
| #define HAVE_MKFIFO 1
| #define HAVE_MKFIFOAT 1
| #define HAVE_MKNOD 1
| #define HAVE_MKNODAT 1
| #define HAVE_MKTIME 1
| #define HAVE_MMAP 1
| #define HAVE_MREMAP 1
| #define HAVE_NICE 1
| #define HAVE_OPENAT 1
| #define HAVE_OPENDIR 1
| #define HAVE_PATHCONF 1
| #define HAVE_PAUSE 1
| #define HAVE_PIPE 1
| #define HAVE_PIPE2 1
| #define HAVE_POLL 1
| #define HAVE_POSIX_FADVISE 1
| #define HAVE_POSIX_FALLOCATE 1
| #define HAVE_POSIX_OPENPT 1
| #define HAVE_POSIX_SPAWN 1
| #define HAVE_POSIX_SPAWNP 1
| #define HAVE_POSIX_SPAWN_FILE_ACTIONS_ADDCLOSEFROM_NP 1
| #define HAVE_PREAD 1
| #define HAVE_PREADV 1
| #define HAVE_PREADV2 1
| #define HAVE_PROCESS_VM_READV 1
| #define HAVE_PTHREAD_CONDATTR_SETCLOCK 1
| #define HAVE_PTHREAD_KILL 1
| #define HAVE_PTSNAME 1
| #define HAVE_PTSNAME_R 1
| #define HAVE_PWRITE 1
| #define HAVE_PWRITEV 1
| #define HAVE_PWRITEV2 1
| #define HAVE_READLINK 1
| #define HAVE_READLINKAT 1
| #define HAVE_READV 1
| #define HAVE_REALPATH 1
| #define HAVE_RENAMEAT 1
| #define HAVE_SCHED_GET_PRIORITY_MAX 1
| #define HAVE_SCHED_RR_GET_INTERVAL 1
| #define HAVE_SCHED_SETAFFINITY 1
| #define HAVE_SCHED_SETPARAM 1
| #define HAVE_SCHED_SETSCHEDULER 1
| #define HAVE_SEM_CLOCKWAIT 1
| #define HAVE_SEM_GETVALUE 1
| #define HAVE_SEM_OPEN 1
| #define HAVE_SEM_TIMEDWAIT 1
| #define HAVE_SEM_UNLINK 1
| #define HAVE_SENDFILE 1
| #define HAVE_SETEGID 1
| #define HAVE_SETEUID 1
| #define HAVE_SETGID 1
| #define HAVE_SETHOSTNAME 1
| #define HAVE_SETITIMER 1
| #define HAVE_SETLOCALE 1
| #define HAVE_SETPGID 1
| #define HAVE_SETPGRP 1
| #define HAVE_SETPRIORITY 1
| #define HAVE_SETREGID 1
| #define HAVE_SETRESGID 1
| #define HAVE_SETRESUID 1
| #define HAVE_SETREUID 1
| #define HAVE_SETSID 1
| #define HAVE_SETUID 1
| #define HAVE_SETVBUF 1
| #define HAVE_SHUTDOWN 1
| #define HAVE_SIGACTION 1
| #define HAVE_SIGALTSTACK 1
| #define HAVE_SIGFILLSET 1
| #define HAVE_SIGINTERRUPT 1
| #define HAVE_SIGPENDING 1
| #define HAVE_SIGRELSE 1
| #define HAVE_SIGTIMEDWAIT 1
| #define HAVE_SIGWAIT 1
| #define HAVE_SIGWAITINFO 1
| #define HAVE_SNPRINTF 1
| #define HAVE_SPLICE 1
| #define HAVE_STRFTIME 1
| #define HAVE_STRLCPY 1
| #define HAVE_STRSIGNAL 1
| #define HAVE_SYMLINKAT 1
| #define HAVE_SYNC 1
| #define HAVE_SYSCONF 1
| #define HAVE_TCGETPGRP 1
| #define HAVE_TCSETPGRP 1
| #define HAVE_TEMPNAM 1
| #define HAVE_TIMEGM 1
| #define HAVE_TIMES 1
| #define HAVE_TMPFILE 1
| #define HAVE_TMPNAM 1
| #define HAVE_TMPNAM_R 1
| #define HAVE_TRUNCATE 1
| #define HAVE_TTYNAME 1
| #define HAVE_UMASK 1
| #define HAVE_UNAME 1
| #define HAVE_UNLINKAT 1
| #define HAVE_UNLOCKPT 1
| #define HAVE_UTIMENSAT 1
| #define HAVE_UTIMES 1
| #define HAVE_VFORK 1
| #define HAVE_WAIT 1
| #define HAVE_WAIT3 1
| #define HAVE_WAIT4 1
| #define HAVE_WAITID 1
| #define HAVE_WAITPID 1
| #define HAVE_WCSCOLL 1
| #define HAVE_WCSFTIME 1
| #define HAVE_WCSXFRM 1
| #define HAVE_WMEMCMP 1
| #define HAVE_WRITEV 1
| #define HAVE_GETENTROPY 1
| #define HAVE_GETGROUPS 1
| #define HAVE_SYSTEM 1
| #define HAVE_DIRFD 1
| #define HAVE_CHROOT 1
| #define HAVE_LINK 1
| #define HAVE_SYMLINK 1
| #define HAVE_FCHDIR 1
| #define HAVE_FSYNC 1
| #define HAVE_FDATASYNC 1
| #define HAVE_EPOLL 1
| #define HAVE_EPOLL_CREATE1 1
| #define HAVE_PRLIMIT 1
| #define HAVE_MEMFD_CREATE 1
| #define HAVE_EVENTFD 1
| #define HAVE_TIMERFD_CREATE 1
| #define HAVE_FLOCK 1
| #define HAVE_GETPAGESIZE 1
| #define HAVE_ZLIB_H 1
| /* end confdefs.h.  */
| 
| /* Override any GCC internal prototype to avoid an error.
|    Use char because int might match the return type of a GCC
|    builtin and then its argument prototype would still apply.  */
| char gzread ();
| int
| main (void)
| {
| return gzread ();
|   ;
|   return 0;
| }
configure:20446: result: no
configure:20558: checking for bzip2
configure:20695: result: no
configure:20708: checking for bzlib.h
configure:20708: gcc -c    conftest.c >&5
configure:20708: $? = 0
configure:20708: result: yes
configure:20713: checking for BZ2_bzCompress in -lbz2
configure:20736: gcc -o conftest      conftest.c -lbz2  -ldl  >&5
/usr/bin/ld: cannot find -lbz2: No such file or directory
collect2: error: ld returned 1 exit status
configure:20736: $? = 1
configure: failed program was:
| /* confdefs.h */
| #define _NETBSD_SOURCE 1
| #define __BSD_VISIBLE 1
| #define _DARWIN_C_SOURCE 1
| #define _PYTHONFRAMEWORK ""
| #define _XOPEN_SOURCE 700
| #define _XOPEN_SOURCE_EXTENDED 1
| #define _POSIX_C_SOURCE 200809L
| #define HAVE_STDIO_H 1
| #define HAVE_STDLIB_H 1
| #define HAVE_STRING_H 1
| #define HAVE_INTTYPES_H 1
| #define HAVE_STDINT_H 1
| #define HAVE_STRINGS_H 1
| #define HAVE_SYS_STAT_H 1
| #define HAVE_SYS_TYPES_H 1
| #define HAVE_UNISTD_H 1
| #define HAVE_WCHAR_H 1
| #define STDC_HEADERS 1
| #define _ALL_SOURCE 1
| #define _DARWIN_C_SOURCE 1
| #define _GNU_SOURCE 1
| #define _HPUX_ALT_XOPEN_SOCKET_API 1
| #define _NETBSD_SOURCE 1
| #define _OPENBSD_SOURCE 1
| #define _POSIX_PTHREAD_SEMANTICS 1
| #define __STDC_WANT_IEC_60559_ATTRIBS_EXT__ 1
| #define __STDC_WANT_IEC_60559_BFP_EXT__ 1
| #define __STDC_WANT_IEC_60559_DFP_EXT__ 1
| #define __STDC_WANT_IEC_60559_FUNCS_EXT__ 1
| #define __STDC_WANT_IEC_60559_TYPES_EXT__ 1
| #define __STDC_WANT_LIB_EXT2__ 1
| #define __STDC_WANT_MATH_SPEC_FUNCS__ 1
| #define _TANDEM_SOURCE 1
| #define __EXTENSIONS__ 1
| #define PY_SUPPORT_TIER 1
| #define Py_ENABLE_SHARED 1
| #define STDC_HEADERS 1
| #define HAVE_ALLOCA_H 1
| #define HAVE_ASM_TYPES_H 1
| #define HAVE_DLFCN_H 1
| #define HAVE_ENDIAN_H 1
| #define HAVE_ERRNO_H 1
| #define HAVE_FCNTL_H 1
| #define HAVE_GRP_H 1
| #define HAVE_LANGINFO_H 1
| #define HAVE_LIBINTL_H 1
| #define HAVE_LINUX_AUXVEC_H 1
| #define HAVE_SYS_AUXV_H 1
| #define HAVE_LINUX_FS_H 1
| #define HAVE_LINUX_LIMITS_H 1
| #define HAVE_LINUX_MEMFD_H 1
| #define HAVE_LINUX_RANDOM_H 1
| #define HAVE_LINUX_SOUNDCARD_H 1
| #define HAVE_LINUX_TIPC_H 1
| #define HAVE_LINUX_WAIT_H 1
| #define HAVE_NETDB_H 1
| #define HAVE_NET_ETHERNET_H 1
| #define HAVE_NETINET_IN_H 1
| #define HAVE_NETPACKET_PACKET_H 1
| #define HAVE_POLL_H 1
| #define HAVE_PTHREAD_H 1
| #define HAVE_PTY_H 1
| #define HAVE_SCHED_H 1
| #define HAVE_SETJMP_H 1
| #define HAVE_SHADOW_H 1
| #define HAVE_SIGNAL_H 1
| #define HAVE_SPAWN_H 1
| #define HAVE_SYS_EPOLL_H 1
| #define HAVE_SYS_EVENTFD_H 1
| #define HAVE_SYS_FILE_H 1
| #define HAVE_SYS_IOCTL_H 1
| #define HAVE_SYS_MMAN_H 1
| #define HAVE_SYS_PARAM_H 1
| #define HAVE_SYS_POLL_H 1
| #define HAVE_SYS_RANDOM_H 1
| #define HAVE_SYS_RESOURCE_H 1
| #define HAVE_SYS_SELECT_H 1
| #define HAVE_SYS_SENDFILE_H 1
| #define HAVE_SYS_SOCKET_H 1
| #define HAVE_SYS_SOUNDCARD_H 1
| #define HAVE_SYS_STAT_H 1
| #define HAVE_SYS_STATVFS_H 1
| #define HAVE_SYS_SYSCALL_H 1
| #define HAVE_SYS_SYSMACROS_H 1
| #define HAVE_SYS_TIME_H 1
| #define HAVE_SYS_TIMES_H 1
| #define HAVE_SYS_TIMERFD_H 1
| #define HAVE_SYS_TYPES_H 1
| #define HAVE_SYS_UIO_H 1
| #define HAVE_SYS_UN_H 1
| #define HAVE_SYS_UTSNAME_H 1
| #define HAVE_SYS_WAIT_H 1
| #define HAVE_SYS_XATTR_H 1
| #define HAVE_SYSEXITS_H 1
| #define HAVE_SYSLOG_H 1
| #define HAVE_TERMIOS_H 1
| #define HAVE_UTIME_H 1
| #define HAVE_UTMP_H 1
| #define HAVE_DIRENT_H 1
| #define MAJOR_IN_SYSMACROS 1
| #define HAVE_NET_IF_H 1
| #define HAVE_LINUX_NETLINK_H 1
| #define HAVE_LINUX_QRTR_H 1
| #define HAVE_LINUX_VM_SOCKETS_H 1
| #define HAVE_LINUX_CAN_H 1
| #define HAVE_LINUX_CAN_BCM_H 1
| #define HAVE_LINUX_CAN_J1939_H 1
| #define HAVE_LINUX_CAN_RAW_H 1
| #define HAVE_CLOCK_T 1
| #define HAVE_MAKEDEV 1
| #define HAVE_HTOLE64 1
| #define _LARGEFILE_SOURCE 1
| #define _FILE_OFFSET_BITS 64
| #if defined(SCO_DS)
| #undef _OFF_T
| #endif
| #define RETSIGTYPE void
| #define HAVE_SSIZE_T 1
| #define HAVE___UINT128_T 1
| #define HAVE_GCC_UINT128_T 1
| #define SIZEOF_INT 4
| #define SIZEOF_LONG 8
| #define ALIGNOF_LONG 8
| #define SIZEOF_LONG_LONG 8
| #define SIZEOF_VOID_P 8
| #define SIZEOF_SHORT 2
| #define SIZEOF_FLOAT 4
| #define SIZEOF_DOUBLE 8
| #define SIZEOF_FPOS_T 16
| #define SIZEOF_SIZE_T 8
| #define ALIGNOF_SIZE_T 8
| #define SIZEOF_PID_T 4
| #define SIZEOF_UINTPTR_T 8
| #define ALIGNOF_MAX_ALIGN_T 16
| #define HAVE_LONG_DOUBLE 1
| #define SIZEOF_LONG_DOUBLE 16
| #define SIZEOF__BOOL 1
| #define SIZEOF_OFF_T 8
| #define SIZEOF_TIME_T 8
| #define SIZEOF_PTHREAD_T 8
| #define SIZEOF_PTHREAD_KEY_T 4
| #define PTHREAD_KEY_T_IS_COMPATIBLE_WITH_INT 1
| #define PY_HAVE_PERF_TRAMPOLINE 1
| #define HAVE_LIBDL 1
| #define HAVE_UUID_UUID_H 1
| #define HAVE_UUID_UUID_H 1
| #define HAVE_FFI_PREP_CIF_VAR 1
| #define HAVE_FFI_PREP_CLOSURE_LOC 1
| #define HAVE_FFI_CLOSURE_ALLOC 1
| #define WITH_DECIMAL_CONTEXTVAR 1
| #define _REENTRANT 1
| #define PTHREAD_SYSTEM_SCHED_SUPPORTED 1
| #define HAVE_PTHREAD_SIGMASK 1
| #define HAVE_PTHREAD_GETCPUCLOCKID 1
| #define ENABLE_IPV6 1
| #define HAVE_LINUX_CAN_RAW_FD_FRAMES 1
| #define HAVE_LINUX_CAN_RAW_JOIN_FILTERS 1
| #define WITH_DOC_STRINGS 1
| #define HAVE_STD_ATOMIC 1
| #define HAVE_BUILTIN_ATOMIC 1
| #define WITH_MIMALLOC 1
| #define WITH_PYMALLOC 1
| #define WITH_FREELISTS 1
| #define PY_COERCE_C_LOCALE 1
| #define HAVE_DLOPEN 1
| #define HAVE_DYNAMIC_LOADING 1
| #define HAVE_ACCEPT4 1
| #define HAVE_ALARM 1
| #define HAVE_BIND_TEXTDOMAIN_CODESET 1
| #define HAVE_CHMOD 1
| #define HAVE_CHOWN 1
| #define HAVE_CLOCK 1
| #define HAVE_CLOSEFROM 1
| #define HAVE_CLOSE_RANGE 1
| #define HAVE_CONFSTR 1
| #define HAVE_COPY_FILE_RANGE 1
| #define HAVE_CTERMID 1
| #define HAVE_DUP 1
| #define HAVE_DUP3 1
| #define HAVE_EXECV 1
| #define HAVE_EXPLICIT_BZERO 1
| #define HAVE_FACCESSAT 1
| #define HAVE_FCHMOD 1
| #define HAVE_FCHMODAT 1
| #define HAVE_FCHOWN 1
| #define HAVE_FCHOWNAT 1
| #define HAVE_FDOPENDIR 1
| #define HAVE_FEXECVE 1
| #define HAVE_FORK 1
| #define HAVE_FPATHCONF 1
| #define HAVE_FSTATAT 1
| #define HAVE_FTIME 1
| #define HAVE_FTRUNCATE 1
| #define HAVE_FUTIMENS 1
| #define HAVE_FUTIMES 1
| #define HAVE_FUTIMESAT 1
| #define HAVE_GAI_STRERROR 1
| #define HAVE_GETEGID 1
| #define HAVE_GETEUID 1
| #define HAVE_GETGID 1
| #define HAVE_GETGRENT 1
| #define HAVE_GETGRGID 1
| #define HAVE_GETGRGID_R 1
| #define HAVE_GETGRNAM_R 1
| #define HAVE_GETGROUPLIST 1
| #define HAVE_GETHOSTNAME 1
| #define HAVE_GETITIMER 1
| #define HAVE_GETLOADAVG 1
| #define HAVE_GETLOGIN 1
| #define HAVE_GETPEERNAME 1
| #define HAVE_GETPGID 1
| #define HAVE_GETPID 1
| #define HAVE_GETPPID 1
| #define HAVE_GETPRIORITY 1
| #define HAVE_GETPWENT 1
| #define HAVE_GETPWNAM_R 1
| #define HAVE_GETPWUID 1
| #define HAVE_GETPWUID_R 1
| #define HAVE_GETRESGID 1
| #define HAVE_GETRESUID 1
| #define HAVE_GETRUSAGE 1
| #define HAVE_GETSID 1
| #define HAVE_GETSPENT 1
| #define HAVE_GETSPNAM 1
| #define HAVE_GETUID 1
| #define HAVE_GETWD 1
| #define HAVE_GRANTPT 1
| #define HAVE_IF_NAMEINDEX 1
| #define HAVE_INITGROUPS 1
| #define HAVE_KILL 1
| #define HAVE_KILLPG 1
| #define HAVE_LCHOWN 1
| #define HAVE_LINKAT 1
| #define HAVE_LOCKF 1
| #define HAVE_LSTAT 1
| #define HAVE_LUTIMES 1
| #define HAVE_MADVISE 1
| #define HAVE_MBRTOWC 1
| #define HAVE_MEMRCHR 1
| #define HAVE_MKDIRAT 1
| #define HAVE_MKFIFO 1
| #define HAVE_MKFIFOAT 1
| #define HAVE_MKNOD 1
| #define HAVE_MKNODAT 1
| #define HAVE_MKTIME 1
| #define HAVE_MMAP 1
| #define HAVE_MREMAP 1
| #define HAVE_NICE 1
| #define HAVE_OPENAT 1
| #define HAVE_OPENDIR 1
| #define HAVE_PATHCONF 1
| #define HAVE_PAUSE 1
| #define HAVE_PIPE 1
| #define HAVE_PIPE2 1
| #define HAVE_POLL 1
| #define HAVE_POSIX_FADVISE 1
| #define HAVE_POSIX_FALLOCATE 1
| #define HAVE_POSIX_OPENPT 1
| #define HAVE_POSIX_SPAWN 1
| #define HAVE_POSIX_SPAWNP 1
| #define HAVE_POSIX_SPAWN_FILE_ACTIONS_ADDCLOSEFROM_NP 1
| #define HAVE_PREAD 1
| #define HAVE_PREADV 1
| #define HAVE_PREADV2 1
| #define HAVE_PROCESS_VM_READV 1
| #define HAVE_PTHREAD_CONDATTR_SETCLOCK 1
| #define HAVE_PTHREAD_KILL 1
| #define HAVE_PTSNAME 1
| #define HAVE_PTSNAME_R 1
| #define HAVE_PWRITE 1
| #define HAVE_PWRITEV 1
| #define HAVE_PWRITEV2 1
| #define HAVE_READLINK 1
| #define HAVE_READLINKAT 1
| #define HAVE_READV 1
| #define HAVE_REALPATH 1
| #define HAVE_RENAMEAT 1
| #define HAVE_SCHED_GET_PRIORITY_MAX 1
| #define HAVE_SCHED_RR_GET_INTERVAL 1
| #define HAVE_SCHED_SETAFFINITY 1
| #define HAVE_SCHED_SETPARAM 1
| #define HAVE_SCHED_SETSCHEDULER 1
| #define HAVE_SEM_CLOCKWAIT 1
| #define HAVE_SEM_GETVALUE 1
| #define HAVE_SEM_OPEN 1
| #define HAVE_SEM_TIMEDWAIT 1
| #define HAVE_SEM_UNLINK 1
| #define HAVE_SENDFILE 1
| #define HAVE_SETEGID 1
| #define HAVE_SETEUID 1
| #define HAVE_SETGID 1
| #define HAVE_SETHOSTNAME 1
| #define HAVE_SETITIMER 1
| #define HAVE_SETLOCALE 1
| #define HAVE_SETPGID 1
| #define HAVE_SETPGRP 1
| #define HAVE_SETPRIORITY 1
| #define HAVE_SETREGID 1
| #define HAVE_SETRESGID 1
| #define HAVE_SETRESUID 1
| #define HAVE_SETREUID 1
| #define HAVE_SETSID 1
| #define HAVE_SETUID 1
| #define HAVE_SETVBUF 1
| #define HAVE_SHUTDOWN 1
| #define HAVE_SIGACTION 1
| #define HAVE_SIGALTSTACK 1
| #define HAVE_SIGFILLSET 1
| #define HAVE_SIGINTERRUPT 1
| #define HAVE_SIGPENDING 1
| #define HAVE_SIGRELSE 1
| #define HAVE_SIGTIMEDWAIT 1
| #define HAVE_SIGWAIT 1
| #define HAVE_SIGWAITINFO 1
| #define HAVE_SNPRINTF 1
| #define HAVE_SPLICE 1
| #define HAVE_STRFTIME 1
| #define HAVE_STRLCPY 1
| #define HAVE_STRSIGNAL 1
| #define HAVE_SYMLINKAT 1
| #define HAVE_SYNC 1
| #define HAVE_SYSCONF 1
| #define HAVE_TCGETPGRP 1
| #define HAVE_TCSETPGRP 1
| #define HAVE_TEMPNAM 1
| #define HAVE_TIMEGM 1
| #define HAVE_TIMES 1
| #define HAVE_TMPFILE 1
| #define HAVE_TMPNAM 1
| #define HAVE_TMPNAM_R 1
| #define HAVE_TRUNCATE 1
| #define HAVE_TTYNAME 1
| #define HAVE_UMASK 1
| #define HAVE_UNAME 1
| #define HAVE_UNLINKAT 1
| #define HAVE_UNLOCKPT 1
| #define HAVE_UTIMENSAT 1
| #define HAVE_UTIMES 1
| #define HAVE_VFORK 1
| #define HAVE_WAIT 1
| #define HAVE_WAIT3 1
| #define HAVE_WAIT4 1
| #define HAVE_WAITID 1
| #define HAVE_WAITPID 1
| #define HAVE_WCSCOLL 1
| #define HAVE_WCSFTIME 1
| #define HAVE_WCSXFRM 1
| #define HAVE_WMEMCMP 1
| #define HAVE_WRITEV 1
| #define HAVE_GETENTROPY 1
| #define HAVE_GETGROUPS 1
| #define HAVE_SYSTEM 1
| #define HAVE_DIRFD 1
| #define HAVE_CHROOT 1
| #define HAVE_LINK 1
| #define HAVE_SYMLINK 1
| #define HAVE_FCHDIR 1
| #define HAVE_FSYNC 1
| #define HAVE_FDATASYNC 1
| #define HAVE_EPOLL 1
| #define HAVE_EPOLL_CREATE1 1
| #define HAVE_PRLIMIT 1
| #define HAVE_MEMFD_CREATE 1
| #define HAVE_EVENTFD 1
| #define HAVE_TIMERFD_CREATE 1
| #define HAVE_FLOCK 1
| #define HAVE_GETPAGESIZE 1
| #define HAVE_ZLIB_H 1
| #define HAVE_BZLIB_H 1
| /* end confdefs.h.  */
| 
| /* Override any GCC internal prototype to avoid an error.
|    Use char because int might match the return type of a GCC
|    builtin and then its argument prototype would still apply.  */
| char BZ2_bzCompress ();
| int
| main (void)
| {
| return BZ2_bzCompress ();
|   ;
|   return 0;
| }
configure:20746: result: no
configure:20786: checking for liblzma
configure:20923: result: no
configure:20936: checking for lzma.h
configure:20936: gcc -c    conftest.c >&5
configure:20936: $? = 0
configure:20936: result: yes
configure:20941: checking for lzma_easy_encoder in -llzma
configure:20964: gcc -o conftest      conftest.c -llzma  -ldl  >&5
/usr/bin/ld: cannot find -llzma: No such file or directory
collect2: error: ld returned 1 exit status
configure:20964: $? = 1
configure: failed program was:
| /* confdefs.h */
| #define _NETBSD_SOURCE 1
| #define __BSD_VISIBLE 1
| #define _DARWIN_C_SOURCE 1
| #define _PYTHONFRAMEWORK ""
| #define _XOPEN_SOURCE 700
| #define _XOPEN_SOURCE_EXTENDED 1
| #define _POSIX_C_SOURCE 200809L
| #define HAVE_STDIO_H 1
| #define HAVE_STDLIB_H 1
| #define HAVE_STRING_H 1
| #define HAVE_INTTYPES_H 1
| #define HAVE_STDINT_H 1
| #define HAVE_STRINGS_H 1
| #define HAVE_SYS_STAT_H 1
| #define HAVE_SYS_TYPES_H 1
| #define HAVE_UNISTD_H 1
| #define HAVE_WCHAR_H 1
| #define STDC_HEADERS 1
| #define _ALL_SOURCE 1
| #define _DARWIN_C_SOURCE 1
| #define _GNU_SOURCE 1
| #define _HPUX_ALT_XOPEN_SOCKET_API 1
| #define _NETBSD_SOURCE 1
| #define _OPENBSD_SOURCE 1
| #define _POSIX_PTHREAD_SEMANTICS 1
| #define __STDC_WANT_IEC_60559_ATTRIBS_EXT__ 1
| #define __STDC_WANT_IEC_60559_BFP_EXT__ 1
| #define __STDC_WANT_IEC_60559_DFP_EXT__ 1
| #define __STDC_WANT_IEC_60559_FUNCS_EXT__ 1
| #define __STDC_WANT_IEC_60559_TYPES_EXT__ 1
| #define __STDC_WANT_LIB_EXT2__ 1
| #define __STDC_WANT_MATH_SPEC_FUNCS__ 1
| #define _TANDEM_SOURCE 1
| #define __EXTENSIONS__ 1
| #define PY_SUPPORT_TIER 1
| #define Py_ENABLE_SHARED 1
| #define STDC_HEADERS 1
| #define HAVE_ALLOCA_H 1
| #define HAVE_ASM_TYPES_H 1
| #define HAVE_DLFCN_H 1
| #define HAVE_ENDIAN_H 1
| #define HAVE_ERRNO_H 1
| #define HAVE_FCNTL_H 1
| #define HAVE_GRP_H 1
| #define HAVE_LANGINFO_H 1
| #define HAVE_LIBINTL_H 1
| #define HAVE_LINUX_AUXVEC_H 1
| #define HAVE_SYS_AUXV_H 1
| #define HAVE_LINUX_FS_H 1
| #define HAVE_LINUX_LIMITS_H 1
| #define HAVE_LINUX_MEMFD_H 1
| #define HAVE_LINUX_RANDOM_H 1
| #define HAVE_LINUX_SOUNDCARD_H 1
| #define HAVE_LINUX_TIPC_H 1
| #define HAVE_LINUX_WAIT_H 1
| #define HAVE_NETDB_H 1
| #define HAVE_NET_ETHERNET_H 1
| #define HAVE_NETINET_IN_H 1
| #define HAVE_NETPACKET_PACKET_H 1
| #define HAVE_POLL_H 1
| #define HAVE_PTHREAD_H 1
| #define HAVE_PTY_H 1
| #define HAVE_SCHED_H 1
| #define HAVE_SETJMP_H 1
| #define HAVE_SHADOW_H 1
| #define HAVE_SIGNAL_H 1
| #define HAVE_SPAWN_H 1
| #define HAVE_SYS_EPOLL_H 1
| #define HAVE_SYS_EVENTFD_H 1
| #define HAVE_SYS_FILE_H 1
| #define HAVE_SYS_IOCTL_H 1
| #define HAVE_SYS_MMAN_H 1
| #define HAVE_SYS_PARAM_H 1
| #define HAVE_SYS_POLL_H 1
| #define HAVE_SYS_RANDOM_H 1
| #define HAVE_SYS_RESOURCE_H 1
| #define HAVE_SYS_SELECT_H 1
| #define HAVE_SYS_SENDFILE_H 1
| #define HAVE_SYS_SOCKET_H 1
| #define HAVE_SYS_SOUNDCARD_H 1
| #define HAVE_SYS_STAT_H 1
| #define HAVE_SYS_STATVFS_H 1
| #define HAVE_SYS_SYSCALL_H 1
| #define HAVE_SYS_SYSMACROS_H 1
| #define HAVE_SYS_TIME_H 1
| #define HAVE_SYS_TIMES_H 1
| #define HAVE_SYS_TIMERFD_H 1
| #define HAVE_SYS_TYPES_H 1
| #define HAVE_SYS_UIO_H 1
| #define HAVE_SYS_UN_H 1
| #define HAVE_SYS_UTSNAME_H 1
| #define HAVE_SYS_WAIT_H 1
| #define HAVE_SYS_XATTR_H 1
| #define HAVE_SYSEXITS_H 1
| #define HAVE_SYSLOG_H 1
| #define HAVE_TERMIOS_H 1
| #define HAVE_UTIME_H 1
| #define HAVE_UTMP_H 1
| #define HAVE_DIRENT_H 1
| #define MAJOR_IN_SYSMACROS 1
| #define HAVE_NET_IF_H 1
| #define HAVE_LINUX_NETLINK_H 1
| #define HAVE_LINUX_QRTR_H 1
| #define HAVE_LINUX_VM_SOCKETS_H 1
| #define HAVE_LINUX_CAN_H 1
| #define HAVE_LINUX_CAN_BCM_H 1
| #define HAVE_LINUX_CAN_J1939_H 1
| #define HAVE_LINUX_CAN_RAW_H 1
| #define HAVE_CLOCK_T 1
| #define HAVE_MAKEDEV 1
| #define HAVE_HTOLE64 1
| #define _LARGEFILE_SOURCE 1
| #define _FILE_OFFSET_BITS 64
| #if defined(SCO_DS)
| #undef _OFF_T
| #endif
| #define RETSIGTYPE void
| #define HAVE_SSIZE_T 1
| #define HAVE___UINT128_T 1
| #define HAVE_GCC_UINT128_T 1
| #define SIZEOF_INT 4
| #define SIZEOF_LONG 8
| #define ALIGNOF_LONG 8
| #define SIZEOF_LONG_LONG 8
| #define SIZEOF_VOID_P 8
| #define SIZEOF_SHORT 2
| #define SIZEOF_FLOAT 4
| #define SIZEOF_DOUBLE 8
| #define SIZEOF_FPOS_T 16
| #define SIZEOF_SIZE_T 8
| #define ALIGNOF_SIZE_T 8
| #define SIZEOF_PID_T 4
| #define SIZEOF_UINTPTR_T 8
| #define ALIGNOF_MAX_ALIGN_T 16
| #define HAVE_LONG_DOUBLE 1
| #define SIZEOF_LONG_DOUBLE 16
| #define SIZEOF__BOOL 1
| #define SIZEOF_OFF_T 8
| #define SIZEOF_TIME_T 8
| #define SIZEOF_PTHREAD_T 8
| #define SIZEOF_PTHREAD_KEY_T 4
| #define PTHREAD_KEY_T_IS_COMPATIBLE_WITH_INT 1
| #define PY_HAVE_PERF_TRAMPOLINE 1
| #define HAVE_LIBDL 1
| #define HAVE_UUID_UUID_H 1
| #define HAVE_UUID_UUID_H 1
| #define HAVE_FFI_PREP_CIF_VAR 1
| #define HAVE_FFI_PREP_CLOSURE_LOC 1
| #define HAVE_FFI_CLOSURE_ALLOC 1
| #define WITH_DECIMAL_CONTEXTVAR 1
| #define _REENTRANT 1
| #define PTHREAD_SYSTEM_SCHED_SUPPORTED 1
| #define HAVE_PTHREAD_SIGMASK 1
| #define HAVE_PTHREAD_GETCPUCLOCKID 1
| #define ENABLE_IPV6 1
| #define HAVE_LINUX_CAN_RAW_FD_FRAMES 1
| #define HAVE_LINUX_CAN_RAW_JOIN_FILTERS 1
| #define WITH_DOC_STRINGS 1
| #define HAVE_STD_ATOMIC 1
| #define HAVE_BUILTIN_ATOMIC 1
| #define WITH_MIMALLOC 1
| #define WITH_PYMALLOC 1
| #define WITH_FREELISTS 1
| #define PY_COERCE_C_LOCALE 1
| #define HAVE_DLOPEN 1
| #define HAVE_DYNAMIC_LOADING 1
| #define HAVE_ACCEPT4 1
| #define HAVE_ALARM 1
| #define HAVE_BIND_TEXTDOMAIN_CODESET 1
| #define HAVE_CHMOD 1
| #define HAVE_CHOWN 1
| #define HAVE_CLOCK 1
| #define HAVE_CLOSEFROM 1
| #define HAVE_CLOSE_RANGE 1
| #define HAVE_CONFSTR 1
| #define HAVE_COPY_FILE_RANGE 1
| #define HAVE_CTERMID 1
| #define HAVE_DUP 1
| #define HAVE_DUP3 1
| #define HAVE_EXECV 1
| #define HAVE_EXPLICIT_BZERO 1
| #define HAVE_FACCESSAT 1
| #define HAVE_FCHMOD 1
| #define HAVE_FCHMODAT 1
| #define HAVE_FCHOWN 1
| #define HAVE_FCHOWNAT 1
| #define HAVE_FDOPENDIR 1
| #define HAVE_FEXECVE 1
| #define HAVE_FORK 1
| #define HAVE_FPATHCONF 1
| #define HAVE_FSTATAT 1
| #define HAVE_FTIME 1
| #define HAVE_FTRUNCATE 1
| #define HAVE_FUTIMENS 1
| #define HAVE_FUTIMES 1
| #define HAVE_FUTIMESAT 1
| #define HAVE_GAI_STRERROR 1
| #define HAVE_GETEGID 1
| #define HAVE_GETEUID 1
| #define HAVE_GETGID 1
| #define HAVE_GETGRENT 1
| #define HAVE_GETGRGID 1
| #define HAVE_GETGRGID_R 1
| #define HAVE_GETGRNAM_R 1
| #define HAVE_GETGROUPLIST 1
| #define HAVE_GETHOSTNAME 1
| #define HAVE_GETITIMER 1
| #define HAVE_GETLOADAVG 1
| #define HAVE_GETLOGIN 1
| #define HAVE_GETPEERNAME 1
| #define HAVE_GETPGID 1
| #define HAVE_GETPID 1
| #define HAVE_GETPPID 1
| #define HAVE_GETPRIORITY 1
| #define HAVE_GETPWENT 1
| #define HAVE_GETPWNAM_R 1
| #define HAVE_GETPWUID 1
| #define HAVE_GETPWUID_R 1
| #define HAVE_GETRESGID 1
| #define HAVE_GETRESUID 1
| #define HAVE_GETRUSAGE 1
| #define HAVE_GETSID 1
| #define HAVE_GETSPENT 1
| #define HAVE_GETSPNAM 1
| #define HAVE_GETUID 1
| #define HAVE_GETWD 1
| #define HAVE_GRANTPT 1
| #define HAVE_IF_NAMEINDEX 1
| #define HAVE_INITGROUPS 1
| #define HAVE_KILL 1
| #define HAVE_KILLPG 1
| #define HAVE_LCHOWN 1
| #define HAVE_LINKAT 1
| #define HAVE_LOCKF 1
| #define HAVE_LSTAT 1
| #define HAVE_LUTIMES 1
| #define HAVE_MADVISE 1
| #define HAVE_MBRTOWC 1
| #define HAVE_MEMRCHR 1
| #define HAVE_MKDIRAT 1
| #define HAVE_MKFIFO 1
| #define HAVE_MKFIFOAT 1
| #define HAVE_MKNOD 1
| #define HAVE_MKNODAT 1
| #define HAVE_MKTIME 1
| #define HAVE_MMAP 1
| #define HAVE_MREMAP 1
| #define HAVE_NICE 1
| #define HAVE_OPENAT 1
| #define HAVE_OPENDIR 1
| #define HAVE_PATHCONF 1
| #define HAVE_PAUSE 1
| #define HAVE_PIPE 1
| #define HAVE_PIPE2 1
| #define HAVE_POLL 1
| #define HAVE_POSIX_FADVISE 1
| #define HAVE_POSIX_FALLOCATE 1
| #define HAVE_POSIX_OPENPT 1
| #define HAVE_POSIX_SPAWN 1
| #define HAVE_POSIX_SPAWNP 1
| #define HAVE_POSIX_SPAWN_FILE_ACTIONS_ADDCLOSEFROM_NP 1
| #define HAVE_PREAD 1
| #define HAVE_PREADV 1
| #define HAVE_PREADV2 1
| #define HAVE_PROCESS_VM_READV 1
| #define HAVE_PTHREAD_CONDATTR_SETCLOCK 1
| #define HAVE_PTHREAD_KILL 1
| #define HAVE_PTSNAME 1
| #define HAVE_PTSNAME_R 1
| #define HAVE_PWRITE 1
| #define HAVE_PWRITEV 1
| #define HAVE_PWRITEV2 1
| #define HAVE_READLINK 1
| #define HAVE_READLINKAT 1
| #define HAVE_READV 1
| #define HAVE_REALPATH 1
| #define HAVE_RENAMEAT 1
| #define HAVE_SCHED_GET_PRIORITY_MAX 1
| #define HAVE_SCHED_RR_GET_INTERVAL 1
| #define HAVE_SCHED_SETAFFINITY 1
| #define HAVE_SCHED_SETPARAM 1
| #define HAVE_SCHED_SETSCHEDULER 1
| #define HAVE_SEM_CLOCKWAIT 1
| #define HAVE_SEM_GETVALUE 1
| #define HAVE_SEM_OPEN 1
| #define HAVE_SEM_TIMEDWAIT 1
| #define HAVE_SEM_UNLINK 1
| #define HAVE_SENDFILE 1
| #define HAVE_SETEGID 1
| #define HAVE_SETEUID 1
| #define HAVE_SETGID 1
| #define HAVE_SETHOSTNAME 1
| #define HAVE_SETITIMER 1
| #define HAVE_SETLOCALE 1
| #define HAVE_SETPGID 1
| #define HAVE_SETPGRP 1
| #define HAVE_SETPRIORITY 1
| #define HAVE_SETREGID 1
| #define HAVE_SETRESGID 1
| #define HAVE_SETRESUID 1
| #define HAVE_SETREUID 1
| #define HAVE_SETSID 1
| #define HAVE_SETUID 1
| #define HAVE_SETVBUF 1
| #define HAVE_SHUTDOWN 1
| #define HAVE_SIGACTION 1
| #define HAVE_SIGALTSTACK 1
| #define HAVE_SIGFILLSET 1
| #define HAVE_SIGINTERRUPT 1
| #define HAVE_SIGPENDING 1
| #define HAVE_SIGRELSE 1
| #define HAVE_SIGTIMEDWAIT 1
| #define HAVE_SIGWAIT 1
| #define HAVE_SIGWAITINFO 1
| #define HAVE_SNPRINTF 1
| #define HAVE_SPLICE 1
| #define HAVE_STRFTIME 1
| #define HAVE_STRLCPY 1
| #define HAVE_STRSIGNAL 1
| #define HAVE_SYMLINKAT 1
| #define HAVE_SYNC 1
| #define HAVE_SYSCONF 1
| #define HAVE_TCGETPGRP 1
| #define HAVE_TCSETPGRP 1
| #define HAVE_TEMPNAM 1
| #define HAVE_TIMEGM 1
| #define HAVE_TIMES 1
| #define HAVE_TMPFILE 1
| #define HAVE_TMPNAM 1
| #define HAVE_TMPNAM_R 1
| #define HAVE_TRUNCATE 1
| #define HAVE_TTYNAME 1
| #define HAVE_UMASK 1
| #define HAVE_UNAME 1
| #define HAVE_UNLINKAT 1
| #define HAVE_UNLOCKPT 1
| #define HAVE_UTIMENSAT 1
| #define HAVE_UTIMES 1
| #define HAVE_VFORK 1
| #define HAVE_WAIT 1
| #define HAVE_WAIT3 1
| #define HAVE_WAIT4 1
| #define HAVE_WAITID 1
| #define HAVE_WAITPID 1
| #define HAVE_WCSCOLL 1
| #define HAVE_WCSFTIME 1
| #define HAVE_WCSXFRM 1
| #define HAVE_WMEMCMP 1
| #define HAVE_WRITEV 1
| #define HAVE_GETENTROPY 1
| #define HAVE_GETGROUPS 1
| #define HAVE_SYSTEM 1
| #define HAVE_DIRFD 1
| #define HAVE_CHROOT 1
| #define HAVE_LINK 1
| #define HAVE_SYMLINK 1
| #define HAVE_FCHDIR 1
| #define HAVE_FSYNC 1
| #define HAVE_FDATASYNC 1
| #define HAVE_EPOLL 1
| #define HAVE_EPOLL_CREATE1 1
| #define HAVE_PRLIMIT 1
| #define HAVE_MEMFD_CREATE 1
| #define HAVE_EVENTFD 1
| #define HAVE_TIMERFD_CREATE 1
| #define HAVE_FLOCK 1
| #define HAVE_GETPAGESIZE 1
| #define HAVE_ZLIB_H 1
| #define HAVE_BZLIB_H 1
| #define HAVE_LZMA_H 1
| /* end confdefs.h.  */
| 
| /* Override any GCC internal prototype to avoid an error.
|    Use char because int might match the return type of a GCC
|    builtin and then its argument prototype would still apply.  */
| char lzma_easy_encoder ();
| int
| main (void)
| {
| return lzma_easy_encoder ();
|   ;
|   return 0;
| }
configure:20974: result: no
configure:21016: checking for hstrerror
configure:21033: gcc -c   conftest.c >&5
configure:21033: $? = 0
configure:21042: result: yes
configure:21055: checking for getservbyname
configure:21072: gcc -c   conftest.c >&5
configure:21072: $? = 0
configure:21081: result: yes
configure:21094: checking for getservbyport
configure:21111: gcc -c   conftest.c >&5
configure:21111: $? = 0
configure:21120: result: yes
configure:21133: checking for gethostbyname
configure:21150: gcc -c   conftest.c >&5
configure:21150: $? = 0
configure:21159: result: yes
configure:21172: checking for gethostbyaddr
configure:21189: gcc -c   conftest.c >&5
configure:21189: $? = 0
configure:21198: result: yes
configure:21211: checking for getprotobyname
configure:21228: gcc -c   conftest.c >&5
configure:21228: $? = 0
configure:21237: result: yes
configure:21253: checking for inet_aton
configure:21275: gcc -c   conftest.c >&5
configure:21275: $? = 0
configure:21284: result: yes
configure:21297: checking for inet_ntoa
configure:21319: gcc -c   conftest.c >&5
configure:21319: $? = 0
configure:21328: result: yes
configure:21341: checking for inet_pton
configure:21363: gcc -c   conftest.c >&5
configure:21363: $? = 0
configure:21372: result: yes
configure:21385: checking for getpeername
configure:21416: result: yes
configure:21429: checking for getsockname
configure:21451: gcc -c   conftest.c >&5
configure:21451: $? = 0
configure:21460: result: yes
configure:21473: checking for accept
configure:21495: gcc -c   conftest.c >&5
configure:21495: $? = 0
configure:21504: result: yes
configure:21517: checking for bind
configure:21539: gcc -c   conftest.c >&5
configure:21539: $? = 0
configure:21548: result: yes
configure:21561: checking for connect
configure:21583: gcc -c   conftest.c >&5
configure:21583: $? = 0
configure:21592: result: yes
configure:21605: checking for listen
configure:21627: gcc -c   conftest.c >&5
configure:21627: $? = 0
configure:21636: result: yes
configure:21649: checking for recvfrom
configure:21671: gcc -c   conftest.c >&5
configure:21671: $? = 0
configure:21680: result: yes
configure:21693: checking for sendto
configure:21715: gcc -c   conftest.c >&5
configure:21715: $? = 0
configure:21724: result: yes
configure:21737: checking for setsockopt
configure:21759: gcc -c   conftest.c >&5
configure:21759: $? = 0
configure:21768: result: yes
configure:21781: checking for socket
configure:21803: gcc -c   conftest.c >&5
configure:21803: $? = 0
configure:21812: result: yes
configure:21827: checking for setgroups
configure:21849: gcc -c   conftest.c >&5
configure:21849: $? = 0
configure:21858: result: yes
configure:21875: checking for openpty
configure:21875: gcc -o conftest    conftest.c -ldl  >&5
configure:21875: $? = 0
configure:21875: result: yes
configure:21967: checking for library containing login_tty
configure:21997: gcc -o conftest    conftest.c -ldl  >&5
configure:21997: $? = 0
configure:22017: result: none required
configure:22032: checking for forkpty
configure:22032: gcc -o conftest    conftest.c -ldl  >&5
configure:22032: $? = 0
configure:22032: result: yes
configure:22126: checking for fseek64
configure:22126: gcc -o conftest    conftest.c -ldl  >&5
/usr/bin/ld: /tmp/ccMU1LYO.o: in function `main':
conftest.c:(.text+0x5): undefined reference to `fseek64'
collect2: error: ld returned 1 exit status
configure:22126: $? = 1
configure: failed program was:
| /* confdefs.h */
| #define _NETBSD_SOURCE 1
| #define __BSD_VISIBLE 1
| #define _DARWIN_C_SOURCE 1
| #define _PYTHONFRAMEWORK ""
| #define _XOPEN_SOURCE 700
| #define _XOPEN_SOURCE_EXTENDED 1
| #define _POSIX_C_SOURCE 200809L
| #define HAVE_STDIO_H 1
| #define HAVE_STDLIB_H 1
| #define HAVE_STRING_H 1
| #define HAVE_INTTYPES_H 1
| #define HAVE_STDINT_H 1
| #define HAVE_STRINGS_H 1
| #define HAVE_SYS_STAT_H 1
| #define HAVE_SYS_TYPES_H 1
| #define HAVE_UNISTD_H 1
| #define HAVE_WCHAR_H 1
| #define STDC_HEADERS 1
| #define _ALL_SOURCE 1
| #define _DARWIN_C_SOURCE 1
| #define _GNU_SOURCE 1
| #define _HPUX_ALT_XOPEN_SOCKET_API 1
| #define _NETBSD_SOURCE 1
| #define _OPENBSD_SOURCE 1
| #define _POSIX_PTHREAD_SEMANTICS 1
| #define __STDC_WANT_IEC_60559_ATTRIBS_EXT__ 1
| #define __STDC_WANT_IEC_60559_BFP_EXT__ 1
| #define __STDC_WANT_IEC_60559_DFP_EXT__ 1
| #define __STDC_WANT_IEC_60559_FUNCS_EXT__ 1
| #define __STDC_WANT_IEC_60559_TYPES_EXT__ 1
| #define __STDC_WANT_LIB_EXT2__ 1
| #define __STDC_WANT_MATH_SPEC_FUNCS__ 1
| #define _TANDEM_SOURCE 1
| #define __EXTENSIONS__ 1
| #define PY_SUPPORT_TIER 1
| #define Py_ENABLE_SHARED 1
| #define STDC_HEADERS 1
| #define HAVE_ALLOCA_H 1
| #define HAVE_ASM_TYPES_H 1
| #define HAVE_DLFCN_H 1
| #define HAVE_ENDIAN_H 1
| #define HAVE_ERRNO_H 1
| #define HAVE_FCNTL_H 1
| #define HAVE_GRP_H 1
| #define HAVE_LANGINFO_H 1
| #define HAVE_LIBINTL_H 1
| #define HAVE_LINUX_AUXVEC_H 1
| #define HAVE_SYS_AUXV_H 1
| #define HAVE_LINUX_FS_H 1
| #define HAVE_LINUX_LIMITS_H 1
| #define HAVE_LINUX_MEMFD_H 1
| #define HAVE_LINUX_RANDOM_H 1
| #define HAVE_LINUX_SOUNDCARD_H 1
| #define HAVE_LINUX_TIPC_H 1
| #define HAVE_LINUX_WAIT_H 1
| #define HAVE_NETDB_H 1
| #define HAVE_NET_ETHERNET_H 1
| #define HAVE_NETINET_IN_H 1
| #define HAVE_NETPACKET_PACKET_H 1
| #define HAVE_POLL_H 1
| #define HAVE_PTHREAD_H 1
| #define HAVE_PTY_H 1
| #define HAVE_SCHED_H 1
| #define HAVE_SETJMP_H 1
| #define HAVE_SHADOW_H 1
| #define HAVE_SIGNAL_H 1
| #define HAVE_SPAWN_H 1
| #define HAVE_SYS_EPOLL_H 1
| #define HAVE_SYS_EVENTFD_H 1
| #define HAVE_SYS_FILE_H 1
| #define HAVE_SYS_IOCTL_H 1
| #define HAVE_SYS_MMAN_H 1
| #define HAVE_SYS_PARAM_H 1
| #define HAVE_SYS_POLL_H 1
| #define HAVE_SYS_RANDOM_H 1
| #define HAVE_SYS_RESOURCE_H 1
| #define HAVE_SYS_SELECT_H 1
| #define HAVE_SYS_SENDFILE_H 1
| #define HAVE_SYS_SOCKET_H 1
| #define HAVE_SYS_SOUNDCARD_H 1
| #define HAVE_SYS_STAT_H 1
| #define HAVE_SYS_STATVFS_H 1
| #define HAVE_SYS_SYSCALL_H 1
| #define HAVE_SYS_SYSMACROS_H 1
| #define HAVE_SYS_TIME_H 1
| #define HAVE_SYS_TIMES_H 1
| #define HAVE_SYS_TIMERFD_H 1
| #define HAVE_SYS_TYPES_H 1
| #define HAVE_SYS_UIO_H 1
| #define HAVE_SYS_UN_H 1
| #define HAVE_SYS_UTSNAME_H 1
| #define HAVE_SYS_WAIT_H 1
| #define HAVE_SYS_XATTR_H 1
| #define HAVE_SYSEXITS_H 1
| #define HAVE_SYSLOG_H 1
| #define HAVE_TERMIOS_H 1
| #define HAVE_UTIME_H 1
| #define HAVE_UTMP_H 1
| #define HAVE_DIRENT_H 1
| #define MAJOR_IN_SYSMACROS 1
| #define HAVE_NET_IF_H 1
| #define HAVE_LINUX_NETLINK_H 1
| #define HAVE_LINUX_QRTR_H 1
| #define HAVE_LINUX_VM_SOCKETS_H 1
| #define HAVE_LINUX_CAN_H 1
| #define HAVE_LINUX_CAN_BCM_H 1
| #define HAVE_LINUX_CAN_J1939_H 1
| #define HAVE_LINUX_CAN_RAW_H 1
| #define HAVE_CLOCK_T 1
| #define HAVE_MAKEDEV 1
| #define HAVE_HTOLE64 1
| #define _LARGEFILE_SOURCE 1
| #define _FILE_OFFSET_BITS 64
| #if defined(SCO_DS)
| #undef _OFF_T
| #endif
| #define RETSIGTYPE void
| #define HAVE_SSIZE_T 1
| #define HAVE___UINT128_T 1
| #define HAVE_GCC_UINT128_T 1
| #define SIZEOF_INT 4
| #define SIZEOF_LONG 8
| #define ALIGNOF_LONG 8
| #define SIZEOF_LONG_LONG 8
| #define SIZEOF_VOID_P 8
| #define SIZEOF_SHORT 2
| #define SIZEOF_FLOAT 4
| #define SIZEOF_DOUBLE 8
| #define SIZEOF_FPOS_T 16
| #define SIZEOF_SIZE_T 8
| #define ALIGNOF_SIZE_T 8
| #define SIZEOF_PID_T 4
| #define SIZEOF_UINTPTR_T 8
| #define ALIGNOF_MAX_ALIGN_T 16
| #define HAVE_LONG_DOUBLE 1
| #define SIZEOF_LONG_DOUBLE 16
| #define SIZEOF__BOOL 1
| #define SIZEOF_OFF_T 8
| #define SIZEOF_TIME_T 8
| #define SIZEOF_PTHREAD_T 8
| #define SIZEOF_PTHREAD_KEY_T 4
| #define PTHREAD_KEY_T_IS_COMPATIBLE_WITH_INT 1
| #define PY_HAVE_PERF_TRAMPOLINE 1
| #define HAVE_LIBDL 1
| #define HAVE_UUID_UUID_H 1
| #define HAVE_UUID_UUID_H 1
| #define HAVE_FFI_PREP_CIF_VAR 1
| #define HAVE_FFI_PREP_CLOSURE_LOC 1
| #define HAVE_FFI_CLOSURE_ALLOC 1
| #define WITH_DECIMAL_CONTEXTVAR 1
| #define _REENTRANT 1
| #define PTHREAD_SYSTEM_SCHED_SUPPORTED 1
| #define HAVE_PTHREAD_SIGMASK 1
| #define HAVE_PTHREAD_GETCPUCLOCKID 1
| #define ENABLE_IPV6 1
| #define HAVE_LINUX_CAN_RAW_FD_FRAMES 1
| #define HAVE_LINUX_CAN_RAW_JOIN_FILTERS 1
| #define WITH_DOC_STRINGS 1
| #define HAVE_STD_ATOMIC 1
| #define HAVE_BUILTIN_ATOMIC 1
| #define WITH_MIMALLOC 1
| #define WITH_PYMALLOC 1
| #define WITH_FREELISTS 1
| #define PY_COERCE_C_LOCALE 1
| #define HAVE_DLOPEN 1
| #define HAVE_DYNAMIC_LOADING 1
| #define HAVE_ACCEPT4 1
| #define HAVE_ALARM 1
| #define HAVE_BIND_TEXTDOMAIN_CODESET 1
| #define HAVE_CHMOD 1
| #define HAVE_CHOWN 1
| #define HAVE_CLOCK 1
| #define HAVE_CLOSEFROM 1
| #define HAVE_CLOSE_RANGE 1
| #define HAVE_CONFSTR 1
| #define HAVE_COPY_FILE_RANGE 1
| #define HAVE_CTERMID 1
| #define HAVE_DUP 1
| #define HAVE_DUP3 1
| #define HAVE_EXECV 1
| #define HAVE_EXPLICIT_BZERO 1
| #define HAVE_FACCESSAT 1
| #define HAVE_FCHMOD 1
| #define HAVE_FCHMODAT 1
| #define HAVE_FCHOWN 1
| #define HAVE_FCHOWNAT 1
| #define HAVE_FDOPENDIR 1
| #define HAVE_FEXECVE 1
| #define HAVE_FORK 1
| #define HAVE_FPATHCONF 1
| #define HAVE_FSTATAT 1
| #define HAVE_FTIME 1
| #define HAVE_FTRUNCATE 1
| #define HAVE_FUTIMENS 1
| #define HAVE_FUTIMES 1
| #define HAVE_FUTIMESAT 1
| #define HAVE_GAI_STRERROR 1
| #define HAVE_GETEGID 1
| #define HAVE_GETEUID 1
| #define HAVE_GETGID 1
| #define HAVE_GETGRENT 1
| #define HAVE_GETGRGID 1
| #define HAVE_GETGRGID_R 1
| #define HAVE_GETGRNAM_R 1
| #define HAVE_GETGROUPLIST 1
| #define HAVE_GETHOSTNAME 1
| #define HAVE_GETITIMER 1
| #define HAVE_GETLOADAVG 1
| #define HAVE_GETLOGIN 1
| #define HAVE_GETPEERNAME 1
| #define HAVE_GETPGID 1
| #define HAVE_GETPID 1
| #define HAVE_GETPPID 1
| #define HAVE_GETPRIORITY 1
| #define HAVE_GETPWENT 1
| #define HAVE_GETPWNAM_R 1
| #define HAVE_GETPWUID 1
| #define HAVE_GETPWUID_R 1
| #define HAVE_GETRESGID 1
| #define HAVE_GETRESUID 1
| #define HAVE_GETRUSAGE 1
| #define HAVE_GETSID 1
| #define HAVE_GETSPENT 1
| #define HAVE_GETSPNAM 1
| #define HAVE_GETUID 1
| #define HAVE_GETWD 1
| #define HAVE_GRANTPT 1
| #define HAVE_IF_NAMEINDEX 1
| #define HAVE_INITGROUPS 1
| #define HAVE_KILL 1
| #define HAVE_KILLPG 1
| #define HAVE_LCHOWN 1
| #define HAVE_LINKAT 1
| #define HAVE_LOCKF 1
| #define HAVE_LSTAT 1
| #define HAVE_LUTIMES 1
| #define HAVE_MADVISE 1
| #define HAVE_MBRTOWC 1
| #define HAVE_MEMRCHR 1
| #define HAVE_MKDIRAT 1
| #define HAVE_MKFIFO 1
| #define HAVE_MKFIFOAT 1
| #define HAVE_MKNOD 1
| #define HAVE_MKNODAT 1
| #define HAVE_MKTIME 1
| #define HAVE_MMAP 1
| #define HAVE_MREMAP 1
| #define HAVE_NICE 1
| #define HAVE_OPENAT 1
| #define HAVE_OPENDIR 1
| #define HAVE_PATHCONF 1
| #define HAVE_PAUSE 1
| #define HAVE_PIPE 1
| #define HAVE_PIPE2 1
| #define HAVE_POLL 1
| #define HAVE_POSIX_FADVISE 1
| #define HAVE_POSIX_FALLOCATE 1
| #define HAVE_POSIX_OPENPT 1
| #define HAVE_POSIX_SPAWN 1
| #define HAVE_POSIX_SPAWNP 1
| #define HAVE_POSIX_SPAWN_FILE_ACTIONS_ADDCLOSEFROM_NP 1
| #define HAVE_PREAD 1
| #define HAVE_PREADV 1
| #define HAVE_PREADV2 1
| #define HAVE_PROCESS_VM_READV 1
| #define HAVE_PTHREAD_CONDATTR_SETCLOCK 1
| #define HAVE_PTHREAD_KILL 1
| #define HAVE_PTSNAME 1
| #define HAVE_PTSNAME_R 1
| #define HAVE_PWRITE 1
| #define HAVE_PWRITEV 1
| #define HAVE_PWRITEV2 1
| #define HAVE_READLINK 1
| #define HAVE_READLINKAT 1
| #define HAVE_READV 1
| #define HAVE_REALPATH 1
| #define HAVE_RENAMEAT 1
| #define HAVE_SCHED_GET_PRIORITY_MAX 1
| #define HAVE_SCHED_RR_GET_INTERVAL 1
| #define HAVE_SCHED_SETAFFINITY 1
| #define HAVE_SCHED_SETPARAM 1
| #define HAVE_SCHED_SETSCHEDULER 1
| #define HAVE_SEM_CLOCKWAIT 1
| #define HAVE_SEM_GETVALUE 1
| #define HAVE_SEM_OPEN 1
| #define HAVE_SEM_TIMEDWAIT 1
| #define HAVE_SEM_UNLINK 1
| #define HAVE_SENDFILE 1
| #define HAVE_SETEGID 1
| #define HAVE_SETEUID 1
| #define HAVE_SETGID 1
| #define HAVE_SETHOSTNAME 1
| #define HAVE_SETITIMER 1
| #define HAVE_SETLOCALE 1
| #define HAVE_SETPGID 1
| #define HAVE_SETPGRP 1
| #define HAVE_SETPRIORITY 1
| #define HAVE_SETREGID 1
| #define HAVE_SETRESGID 1
| #define HAVE_SETRESUID 1
| #define HAVE_SETREUID 1
| #define HAVE_SETSID 1
| #define HAVE_SETUID 1
| #define HAVE_SETVBUF 1
| #define HAVE_SHUTDOWN 1
| #define HAVE_SIGACTION 1
| #define HAVE_SIGALTSTACK 1
| #define HAVE_SIGFILLSET 1
| #define HAVE_SIGINTERRUPT 1
| #define HAVE_SIGPENDING 1
| #define HAVE_SIGRELSE 1
| #define HAVE_SIGTIMEDWAIT 1
| #define HAVE_SIGWAIT 1
| #define HAVE_SIGWAITINFO 1
| #define HAVE_SNPRINTF 1
| #define HAVE_SPLICE 1
| #define HAVE_STRFTIME 1
| #define HAVE_STRLCPY 1
| #define HAVE_STRSIGNAL 1
| #define HAVE_SYMLINKAT 1
| #define HAVE_SYNC 1
| #define HAVE_SYSCONF 1
| #define HAVE_TCGETPGRP 1
| #define HAVE_TCSETPGRP 1
| #define HAVE_TEMPNAM 1
| #define HAVE_TIMEGM 1
| #define HAVE_TIMES 1
| #define HAVE_TMPFILE 1
| #define HAVE_TMPNAM 1
| #define HAVE_TMPNAM_R 1
| #define HAVE_TRUNCATE 1
| #define HAVE_TTYNAME 1
| #define HAVE_UMASK 1
| #define HAVE_UNAME 1
| #define HAVE_UNLINKAT 1
| #define HAVE_UNLOCKPT 1
| #define HAVE_UTIMENSAT 1
| #define HAVE_UTIMES 1
| #define HAVE_VFORK 1
| #define HAVE_WAIT 1
| #define HAVE_WAIT3 1
| #define HAVE_WAIT4 1
| #define HAVE_WAITID 1
| #define HAVE_WAITPID 1
| #define HAVE_WCSCOLL 1
| #define HAVE_WCSFTIME 1
| #define HAVE_WCSXFRM 1
| #define HAVE_WMEMCMP 1
| #define HAVE_WRITEV 1
| #define HAVE_GETENTROPY 1
| #define HAVE_GETGROUPS 1
| #define HAVE_SYSTEM 1
| #define HAVE_DIRFD 1
| #define HAVE_CHROOT 1
| #define HAVE_LINK 1
| #define HAVE_SYMLINK 1
| #define HAVE_FCHDIR 1
| #define HAVE_FSYNC 1
| #define HAVE_FDATASYNC 1
| #define HAVE_EPOLL 1
| #define HAVE_EPOLL_CREATE1 1
| #define HAVE_PRLIMIT 1
| #define HAVE_MEMFD_CREATE 1
| #define HAVE_EVENTFD 1
| #define HAVE_TIMERFD_CREATE 1
| #define HAVE_FLOCK 1
| #define HAVE_GETPAGESIZE 1
| #define HAVE_ZLIB_H 1
| #define HAVE_BZLIB_H 1
| #define HAVE_LZMA_H 1
| #define HAVE_HSTRERROR 1
| #define HAVE_GETSERVBYNAME 1
| #define HAVE_GETSERVBYPORT 1
| #define HAVE_GETHOSTBYNAME 1
| #define HAVE_GETHOSTBYADDR 1
| #define HAVE_GETPROTOBYNAME 1
| #define HAVE_INET_ATON 1
| #define HAVE_INET_NTOA 1
| #define HAVE_INET_PTON 1
| #define HAVE_GETPEERNAME 1
| #define HAVE_GETSOCKNAME 1
| #define HAVE_ACCEPT 1
| #define HAVE_BIND 1
| #define HAVE_CONNECT 1
| #define HAVE_LISTEN 1
| #define HAVE_RECVFROM 1
| #define HAVE_SENDTO 1
| #define HAVE_SETSOCKOPT 1
| #define HAVE_SOCKET 1
| #define HAVE_SETGROUPS 1
| #define HAVE_OPENPTY 1
| #define HAVE_LOGIN_TTY 1
| #define HAVE_FORKPTY 1
| /* end confdefs.h.  */
| /* Define fseek64 to an innocuous variant, in case <limits.h> declares fseek64.
|    For example, HP-UX 11i <limits.h> declares gettimeofday.  */
| #define fseek64 innocuous_fseek64
| 
| /* System header to define __stub macros and hopefully few prototypes,
|    which can conflict with char fseek64 (); below.  */
| 
| #include <limits.h>
| #undef fseek64
| 
| /* Override any GCC internal prototype to avoid an error.
|    Use char because int might match the return type of a GCC
|    builtin and then its argument prototype would still apply.  */
| #ifdef __cplusplus
| extern "C"
| #endif
| char fseek64 ();
| /* The GNU C library defines this for functions which it implements
|     to always fail with ENOSYS.  Some functions are actually named
|     something starting with __ and the normal name is an alias.  */
| #if defined __stub_fseek64 || defined __stub___fseek64
| choke me
| #endif
| 
| int
| main (void)
| {
| return fseek64 ();
|   ;
|   return 0;
| }
configure:22126: result: no
configure:22132: checking for fseeko
configure:22132: gcc -o conftest    conftest.c -ldl  >&5
configure:22132: $? = 0
configure:22132: result: yes
configure:22138: checking for fstatvfs
configure:22138: gcc -o conftest    conftest.c -ldl  >&5
configure:22138: $? = 0
configure:22138: result: yes
configure:22144: checking for ftell64
configure:22144: gcc -o conftest    conftest.c -ldl  >&5
/usr/bin/ld: /tmp/ccp8p8rO.o: in function `main':
conftest.c:(.text+0x5): undefined reference to `ftell64'
collect2: error: ld returned 1 exit status
configure:22144: $? = 1
configure: failed program was:
| /* confdefs.h */
| #define _NETBSD_SOURCE 1
| #define __BSD_VISIBLE 1
| #define _DARWIN_C_SOURCE 1
| #define _PYTHONFRAMEWORK ""
| #define _XOPEN_SOURCE 700
| #define _XOPEN_SOURCE_EXTENDED 1
| #define _POSIX_C_SOURCE 200809L
| #define HAVE_STDIO_H 1
| #define HAVE_STDLIB_H 1
| #define HAVE_STRING_H 1
| #define HAVE_INTTYPES_H 1
| #define HAVE_STDINT_H 1
| #define HAVE_STRINGS_H 1
| #define HAVE_SYS_STAT_H 1
| #define HAVE_SYS_TYPES_H 1
| #define HAVE_UNISTD_H 1
| #define HAVE_WCHAR_H 1
| #define STDC_HEADERS 1
| #define _ALL_SOURCE 1
| #define _DARWIN_C_SOURCE 1
| #define _GNU_SOURCE 1
| #define _HPUX_ALT_XOPEN_SOCKET_API 1
| #define _NETBSD_SOURCE 1
| #define _OPENBSD_SOURCE 1
| #define _POSIX_PTHREAD_SEMANTICS 1
| #define __STDC_WANT_IEC_60559_ATTRIBS_EXT__ 1
| #define __STDC_WANT_IEC_60559_BFP_EXT__ 1
| #define __STDC_WANT_IEC_60559_DFP_EXT__ 1
| #define __STDC_WANT_IEC_60559_FUNCS_EXT__ 1
| #define __STDC_WANT_IEC_60559_TYPES_EXT__ 1
| #define __STDC_WANT_LIB_EXT2__ 1
| #define __STDC_WANT_MATH_SPEC_FUNCS__ 1
| #define _TANDEM_SOURCE 1
| #define __EXTENSIONS__ 1
| #define PY_SUPPORT_TIER 1
| #define Py_ENABLE_SHARED 1
| #define STDC_HEADERS 1
| #define HAVE_ALLOCA_H 1
| #define HAVE_ASM_TYPES_H 1
| #define HAVE_DLFCN_H 1
| #define HAVE_ENDIAN_H 1
| #define HAVE_ERRNO_H 1
| #define HAVE_FCNTL_H 1
| #define HAVE_GRP_H 1
| #define HAVE_LANGINFO_H 1
| #define HAVE_LIBINTL_H 1
| #define HAVE_LINUX_AUXVEC_H 1
| #define HAVE_SYS_AUXV_H 1
| #define HAVE_LINUX_FS_H 1
| #define HAVE_LINUX_LIMITS_H 1
| #define HAVE_LINUX_MEMFD_H 1
| #define HAVE_LINUX_RANDOM_H 1
| #define HAVE_LINUX_SOUNDCARD_H 1
| #define HAVE_LINUX_TIPC_H 1
| #define HAVE_LINUX_WAIT_H 1
| #define HAVE_NETDB_H 1
| #define HAVE_NET_ETHERNET_H 1
| #define HAVE_NETINET_IN_H 1
| #define HAVE_NETPACKET_PACKET_H 1
| #define HAVE_POLL_H 1
| #define HAVE_PTHREAD_H 1
| #define HAVE_PTY_H 1
| #define HAVE_SCHED_H 1
| #define HAVE_SETJMP_H 1
| #define HAVE_SHADOW_H 1
| #define HAVE_SIGNAL_H 1
| #define HAVE_SPAWN_H 1
| #define HAVE_SYS_EPOLL_H 1
| #define HAVE_SYS_EVENTFD_H 1
| #define HAVE_SYS_FILE_H 1
| #define HAVE_SYS_IOCTL_H 1
| #define HAVE_SYS_MMAN_H 1
| #define HAVE_SYS_PARAM_H 1
| #define HAVE_SYS_POLL_H 1
| #define HAVE_SYS_RANDOM_H 1
| #define HAVE_SYS_RESOURCE_H 1
| #define HAVE_SYS_SELECT_H 1
| #define HAVE_SYS_SENDFILE_H 1
| #define HAVE_SYS_SOCKET_H 1
| #define HAVE_SYS_SOUNDCARD_H 1
| #define HAVE_SYS_STAT_H 1
| #define HAVE_SYS_STATVFS_H 1
| #define HAVE_SYS_SYSCALL_H 1
| #define HAVE_SYS_SYSMACROS_H 1
| #define HAVE_SYS_TIME_H 1
| #define HAVE_SYS_TIMES_H 1
| #define HAVE_SYS_TIMERFD_H 1
| #define HAVE_SYS_TYPES_H 1
| #define HAVE_SYS_UIO_H 1
| #define HAVE_SYS_UN_H 1
| #define HAVE_SYS_UTSNAME_H 1
| #define HAVE_SYS_WAIT_H 1
| #define HAVE_SYS_XATTR_H 1
| #define HAVE_SYSEXITS_H 1
| #define HAVE_SYSLOG_H 1
| #define HAVE_TERMIOS_H 1
| #define HAVE_UTIME_H 1
| #define HAVE_UTMP_H 1
| #define HAVE_DIRENT_H 1
| #define MAJOR_IN_SYSMACROS 1
| #define HAVE_NET_IF_H 1
| #define HAVE_LINUX_NETLINK_H 1
| #define HAVE_LINUX_QRTR_H 1
| #define HAVE_LINUX_VM_SOCKETS_H 1
| #define HAVE_LINUX_CAN_H 1
| #define HAVE_LINUX_CAN_BCM_H 1
| #define HAVE_LINUX_CAN_J1939_H 1
| #define HAVE_LINUX_CAN_RAW_H 1
| #define HAVE_CLOCK_T 1
| #define HAVE_MAKEDEV 1
| #define HAVE_HTOLE64 1
| #define _LARGEFILE_SOURCE 1
| #define _FILE_OFFSET_BITS 64
| #if defined(SCO_DS)
| #undef _OFF_T
| #endif
| #define RETSIGTYPE void
| #define HAVE_SSIZE_T 1
| #define HAVE___UINT128_T 1
| #define HAVE_GCC_UINT128_T 1
| #define SIZEOF_INT 4
| #define SIZEOF_LONG 8
| #define ALIGNOF_LONG 8
| #define SIZEOF_LONG_LONG 8
| #define SIZEOF_VOID_P 8
| #define SIZEOF_SHORT 2
| #define SIZEOF_FLOAT 4
| #define SIZEOF_DOUBLE 8
| #define SIZEOF_FPOS_T 16
| #define SIZEOF_SIZE_T 8
| #define ALIGNOF_SIZE_T 8
| #define SIZEOF_PID_T 4
| #define SIZEOF_UINTPTR_T 8
| #define ALIGNOF_MAX_ALIGN_T 16
| #define HAVE_LONG_DOUBLE 1
| #define SIZEOF_LONG_DOUBLE 16
| #define SIZEOF__BOOL 1
| #define SIZEOF_OFF_T 8
| #define SIZEOF_TIME_T 8
| #define SIZEOF_PTHREAD_T 8
| #define SIZEOF_PTHREAD_KEY_T 4
| #define PTHREAD_KEY_T_IS_COMPATIBLE_WITH_INT 1
| #define PY_HAVE_PERF_TRAMPOLINE 1
| #define HAVE_LIBDL 1
| #define HAVE_UUID_UUID_H 1
| #define HAVE_UUID_UUID_H 1
| #define HAVE_FFI_PREP_CIF_VAR 1
| #define HAVE_FFI_PREP_CLOSURE_LOC 1
| #define HAVE_FFI_CLOSURE_ALLOC 1
| #define WITH_DECIMAL_CONTEXTVAR 1
| #define _REENTRANT 1
| #define PTHREAD_SYSTEM_SCHED_SUPPORTED 1
| #define HAVE_PTHREAD_SIGMASK 1
| #define HAVE_PTHREAD_GETCPUCLOCKID 1
| #define ENABLE_IPV6 1
| #define HAVE_LINUX_CAN_RAW_FD_FRAMES 1
| #define HAVE_LINUX_CAN_RAW_JOIN_FILTERS 1
| #define WITH_DOC_STRINGS 1
| #define HAVE_STD_ATOMIC 1
| #define HAVE_BUILTIN_ATOMIC 1
| #define WITH_MIMALLOC 1
| #define WITH_PYMALLOC 1
| #define WITH_FREELISTS 1
| #define PY_COERCE_C_LOCALE 1
| #define HAVE_DLOPEN 1
| #define HAVE_DYNAMIC_LOADING 1
| #define HAVE_ACCEPT4 1
| #define HAVE_ALARM 1
| #define HAVE_BIND_TEXTDOMAIN_CODESET 1
| #define HAVE_CHMOD 1
| #define HAVE_CHOWN 1
| #define HAVE_CLOCK 1
| #define HAVE_CLOSEFROM 1
| #define HAVE_CLOSE_RANGE 1
| #define HAVE_CONFSTR 1
| #define HAVE_COPY_FILE_RANGE 1
| #define HAVE_CTERMID 1
| #define HAVE_DUP 1
| #define HAVE_DUP3 1
| #define HAVE_EXECV 1
| #define HAVE_EXPLICIT_BZERO 1
| #define HAVE_FACCESSAT 1
| #define HAVE_FCHMOD 1
| #define HAVE_FCHMODAT 1
| #define HAVE_FCHOWN 1
| #define HAVE_FCHOWNAT 1
| #define HAVE_FDOPENDIR 1
| #define HAVE_FEXECVE 1
| #define HAVE_FORK 1
| #define HAVE_FPATHCONF 1
| #define HAVE_FSTATAT 1
| #define HAVE_FTIME 1
| #define HAVE_FTRUNCATE 1
| #define HAVE_FUTIMENS 1
| #define HAVE_FUTIMES 1
| #define HAVE_FUTIMESAT 1
| #define HAVE_GAI_STRERROR 1
| #define HAVE_GETEGID 1
| #define HAVE_GETEUID 1
| #define HAVE_GETGID 1
| #define HAVE_GETGRENT 1
| #define HAVE_GETGRGID 1
| #define HAVE_GETGRGID_R 1
| #define HAVE_GETGRNAM_R 1
| #define HAVE_GETGROUPLIST 1
| #define HAVE_GETHOSTNAME 1
| #define HAVE_GETITIMER 1
| #define HAVE_GETLOADAVG 1
| #define HAVE_GETLOGIN 1
| #define HAVE_GETPEERNAME 1
| #define HAVE_GETPGID 1
| #define HAVE_GETPID 1
| #define HAVE_GETPPID 1
| #define HAVE_GETPRIORITY 1
| #define HAVE_GETPWENT 1
| #define HAVE_GETPWNAM_R 1
| #define HAVE_GETPWUID 1
| #define HAVE_GETPWUID_R 1
| #define HAVE_GETRESGID 1
| #define HAVE_GETRESUID 1
| #define HAVE_GETRUSAGE 1
| #define HAVE_GETSID 1
| #define HAVE_GETSPENT 1
| #define HAVE_GETSPNAM 1
| #define HAVE_GETUID 1
| #define HAVE_GETWD 1
| #define HAVE_GRANTPT 1
| #define HAVE_IF_NAMEINDEX 1
| #define HAVE_INITGROUPS 1
| #define HAVE_KILL 1
| #define HAVE_KILLPG 1
| #define HAVE_LCHOWN 1
| #define HAVE_LINKAT 1
| #define HAVE_LOCKF 1
| #define HAVE_LSTAT 1
| #define HAVE_LUTIMES 1
| #define HAVE_MADVISE 1
| #define HAVE_MBRTOWC 1
| #define HAVE_MEMRCHR 1
| #define HAVE_MKDIRAT 1
| #define HAVE_MKFIFO 1
| #define HAVE_MKFIFOAT 1
| #define HAVE_MKNOD 1
| #define HAVE_MKNODAT 1
| #define HAVE_MKTIME 1
| #define HAVE_MMAP 1
| #define HAVE_MREMAP 1
| #define HAVE_NICE 1
| #define HAVE_OPENAT 1
| #define HAVE_OPENDIR 1
| #define HAVE_PATHCONF 1
| #define HAVE_PAUSE 1
| #define HAVE_PIPE 1
| #define HAVE_PIPE2 1
| #define HAVE_POLL 1
| #define HAVE_POSIX_FADVISE 1
| #define HAVE_POSIX_FALLOCATE 1
| #define HAVE_POSIX_OPENPT 1
| #define HAVE_POSIX_SPAWN 1
| #define HAVE_POSIX_SPAWNP 1
| #define HAVE_POSIX_SPAWN_FILE_ACTIONS_ADDCLOSEFROM_NP 1
| #define HAVE_PREAD 1
| #define HAVE_PREADV 1
| #define HAVE_PREADV2 1
| #define HAVE_PROCESS_VM_READV 1
| #define HAVE_PTHREAD_CONDATTR_SETCLOCK 1
| #define HAVE_PTHREAD_KILL 1
| #define HAVE_PTSNAME 1
| #define HAVE_PTSNAME_R 1
| #define HAVE_PWRITE 1
| #define HAVE_PWRITEV 1
| #define HAVE_PWRITEV2 1
| #define HAVE_READLINK 1
| #define HAVE_READLINKAT 1
| #define HAVE_READV 1
| #define HAVE_REALPATH 1
| #define HAVE_RENAMEAT 1
| #define HAVE_SCHED_GET_PRIORITY_MAX 1
| #define HAVE_SCHED_RR_GET_INTERVAL 1
| #define HAVE_SCHED_SETAFFINITY 1
| #define HAVE_SCHED_SETPARAM 1
| #define HAVE_SCHED_SETSCHEDULER 1
| #define HAVE_SEM_CLOCKWAIT 1
| #define HAVE_SEM_GETVALUE 1
| #define HAVE_SEM_OPEN 1
| #define HAVE_SEM_TIMEDWAIT 1
| #define HAVE_SEM_UNLINK 1
| #define HAVE_SENDFILE 1
| #define HAVE_SETEGID 1
| #define HAVE_SETEUID 1
| #define HAVE_SETGID 1
| #define HAVE_SETHOSTNAME 1
| #define HAVE_SETITIMER 1
| #define HAVE_SETLOCALE 1
| #define HAVE_SETPGID 1
| #define HAVE_SETPGRP 1
| #define HAVE_SETPRIORITY 1
| #define HAVE_SETREGID 1
| #define HAVE_SETRESGID 1
| #define HAVE_SETRESUID 1
| #define HAVE_SETREUID 1
| #define HAVE_SETSID 1
| #define HAVE_SETUID 1
| #define HAVE_SETVBUF 1
| #define HAVE_SHUTDOWN 1
| #define HAVE_SIGACTION 1
| #define HAVE_SIGALTSTACK 1
| #define HAVE_SIGFILLSET 1
| #define HAVE_SIGINTERRUPT 1
| #define HAVE_SIGPENDING 1
| #define HAVE_SIGRELSE 1
| #define HAVE_SIGTIMEDWAIT 1
| #define HAVE_SIGWAIT 1
| #define HAVE_SIGWAITINFO 1
| #define HAVE_SNPRINTF 1
| #define HAVE_SPLICE 1
| #define HAVE_STRFTIME 1
| #define HAVE_STRLCPY 1
| #define HAVE_STRSIGNAL 1
| #define HAVE_SYMLINKAT 1
| #define HAVE_SYNC 1
| #define HAVE_SYSCONF 1
| #define HAVE_TCGETPGRP 1
| #define HAVE_TCSETPGRP 1
| #define HAVE_TEMPNAM 1
| #define HAVE_TIMEGM 1
| #define HAVE_TIMES 1
| #define HAVE_TMPFILE 1
| #define HAVE_TMPNAM 1
| #define HAVE_TMPNAM_R 1
| #define HAVE_TRUNCATE 1
| #define HAVE_TTYNAME 1
| #define HAVE_UMASK 1
| #define HAVE_UNAME 1
| #define HAVE_UNLINKAT 1
| #define HAVE_UNLOCKPT 1
| #define HAVE_UTIMENSAT 1
| #define HAVE_UTIMES 1
| #define HAVE_VFORK 1
| #define HAVE_WAIT 1
| #define HAVE_WAIT3 1
| #define HAVE_WAIT4 1
| #define HAVE_WAITID 1
| #define HAVE_WAITPID 1
| #define HAVE_WCSCOLL 1
| #define HAVE_WCSFTIME 1
| #define HAVE_WCSXFRM 1
| #define HAVE_WMEMCMP 1
| #define HAVE_WRITEV 1
| #define HAVE_GETENTROPY 1
| #define HAVE_GETGROUPS 1
| #define HAVE_SYSTEM 1
| #define HAVE_DIRFD 1
| #define HAVE_CHROOT 1
| #define HAVE_LINK 1
| #define HAVE_SYMLINK 1
| #define HAVE_FCHDIR 1
| #define HAVE_FSYNC 1
| #define HAVE_FDATASYNC 1
| #define HAVE_EPOLL 1
| #define HAVE_EPOLL_CREATE1 1
| #define HAVE_PRLIMIT 1
| #define HAVE_MEMFD_CREATE 1
| #define HAVE_EVENTFD 1
| #define HAVE_TIMERFD_CREATE 1
| #define HAVE_FLOCK 1
| #define HAVE_GETPAGESIZE 1
| #define HAVE_ZLIB_H 1
| #define HAVE_BZLIB_H 1
| #define HAVE_LZMA_H 1
| #define HAVE_HSTRERROR 1
| #define HAVE_GETSERVBYNAME 1
| #define HAVE_GETSERVBYPORT 1
| #define HAVE_GETHOSTBYNAME 1
| #define HAVE_GETHOSTBYADDR 1
| #define HAVE_GETPROTOBYNAME 1
| #define HAVE_INET_ATON 1
| #define HAVE_INET_NTOA 1
| #define HAVE_INET_PTON 1
| #define HAVE_GETPEERNAME 1
| #define HAVE_GETSOCKNAME 1
| #define HAVE_ACCEPT 1
| #define HAVE_BIND 1
| #define HAVE_CONNECT 1
| #define HAVE_LISTEN 1
| #define HAVE_RECVFROM 1
| #define HAVE_SENDTO 1
| #define HAVE_SETSOCKOPT 1
| #define HAVE_SOCKET 1
| #define HAVE_SETGROUPS 1
| #define HAVE_OPENPTY 1
| #define HAVE_LOGIN_TTY 1
| #define HAVE_FORKPTY 1
| #define HAVE_FSEEKO 1
| #define HAVE_FSTATVFS 1
| /* end confdefs.h.  */
| /* Define ftell64 to an innocuous variant, in case <limits.h> declares ftell64.
|    For example, HP-UX 11i <limits.h> declares gettimeofday.  */
| #define ftell64 innocuous_ftell64
| 
| /* System header to define __stub macros and hopefully few prototypes,
|    which can conflict with char ftell64 (); below.  */
| 
| #include <limits.h>
| #undef ftell64
| 
| /* Override any GCC internal prototype to avoid an error.
|    Use char because int might match the return type of a GCC
|    builtin and then its argument prototype would still apply.  */
| #ifdef __cplusplus
| extern "C"
| #endif
| char ftell64 ();
| /* The GNU C library defines this for functions which it implements
|     to always fail with ENOSYS.  Some functions are actually named
|     something starting with __ and the normal name is an alias.  */
| #if defined __stub_ftell64 || defined __stub___ftell64
| choke me
| #endif
| 
| int
| main (void)
| {
| return ftell64 ();
|   ;
|   return 0;
| }
configure:22144: result: no
configure:22150: checking for ftello
configure:22150: gcc -o conftest    conftest.c -ldl  >&5
configure:22150: $? = 0
configure:22150: result: yes
configure:22156: checking for statvfs
configure:22156: gcc -o conftest    conftest.c -ldl  >&5
configure:22156: $? = 0
configure:22156: result: yes
configure:22164: checking for dup2
configure:22164: gcc -o conftest    conftest.c -ldl  >&5
configure:22164: $? = 0
configure:22164: result: yes
configure:22181: checking for getpgrp
configure:22181: gcc -o conftest    conftest.c -ldl  >&5
configure:22181: $? = 0
configure:22181: result: yes
configure:22196: gcc -c   conftest.c >&5
conftest.c: In function 'main':
conftest.c:406:1: error: too many arguments to function 'getpgrp'; expected 0, have 1
  406 | getpgrp(0);
      | ^~~~~~~ ~
In file included from conftest.c:402:
/usr/include/unistd.h:656:16: note: declared here
  656 | extern __pid_t getpgrp (void) __THROW;
      |                ^~~~~~~
configure:22196: $? = 1
configure: failed program was:
| /* confdefs.h */
| #define _NETBSD_SOURCE 1
| #define __BSD_VISIBLE 1
| #define _DARWIN_C_SOURCE 1
| #define _PYTHONFRAMEWORK ""
| #define _XOPEN_SOURCE 700
| #define _XOPEN_SOURCE_EXTENDED 1
| #define _POSIX_C_SOURCE 200809L
| #define HAVE_STDIO_H 1
| #define HAVE_STDLIB_H 1
| #define HAVE_STRING_H 1
| #define HAVE_INTTYPES_H 1
| #define HAVE_STDINT_H 1
| #define HAVE_STRINGS_H 1
| #define HAVE_SYS_STAT_H 1
| #define HAVE_SYS_TYPES_H 1
| #define HAVE_UNISTD_H 1
| #define HAVE_WCHAR_H 1
| #define STDC_HEADERS 1
| #define _ALL_SOURCE 1
| #define _DARWIN_C_SOURCE 1
| #define _GNU_SOURCE 1
| #define _HPUX_ALT_XOPEN_SOCKET_API 1
| #define _NETBSD_SOURCE 1
| #define _OPENBSD_SOURCE 1
| #define _POSIX_PTHREAD_SEMANTICS 1
| #define __STDC_WANT_IEC_60559_ATTRIBS_EXT__ 1
| #define __STDC_WANT_IEC_60559_BFP_EXT__ 1
| #define __STDC_WANT_IEC_60559_DFP_EXT__ 1
| #define __STDC_WANT_IEC_60559_FUNCS_EXT__ 1
| #define __STDC_WANT_IEC_60559_TYPES_EXT__ 1
| #define __STDC_WANT_LIB_EXT2__ 1
| #define __STDC_WANT_MATH_SPEC_FUNCS__ 1
| #define _TANDEM_SOURCE 1
| #define __EXTENSIONS__ 1
| #define PY_SUPPORT_TIER 1
| #define Py_ENABLE_SHARED 1
| #define STDC_HEADERS 1
| #define HAVE_ALLOCA_H 1
| #define HAVE_ASM_TYPES_H 1
| #define HAVE_DLFCN_H 1
| #define HAVE_ENDIAN_H 1
| #define HAVE_ERRNO_H 1
| #define HAVE_FCNTL_H 1
| #define HAVE_GRP_H 1
| #define HAVE_LANGINFO_H 1
| #define HAVE_LIBINTL_H 1
| #define HAVE_LINUX_AUXVEC_H 1
| #define HAVE_SYS_AUXV_H 1
| #define HAVE_LINUX_FS_H 1
| #define HAVE_LINUX_LIMITS_H 1
| #define HAVE_LINUX_MEMFD_H 1
| #define HAVE_LINUX_RANDOM_H 1
| #define HAVE_LINUX_SOUNDCARD_H 1
| #define HAVE_LINUX_TIPC_H 1
| #define HAVE_LINUX_WAIT_H 1
| #define HAVE_NETDB_H 1
| #define HAVE_NET_ETHERNET_H 1
| #define HAVE_NETINET_IN_H 1
| #define HAVE_NETPACKET_PACKET_H 1
| #define HAVE_POLL_H 1
| #define HAVE_PTHREAD_H 1
| #define HAVE_PTY_H 1
| #define HAVE_SCHED_H 1
| #define HAVE_SETJMP_H 1
| #define HAVE_SHADOW_H 1
| #define HAVE_SIGNAL_H 1
| #define HAVE_SPAWN_H 1
| #define HAVE_SYS_EPOLL_H 1
| #define HAVE_SYS_EVENTFD_H 1
| #define HAVE_SYS_FILE_H 1
| #define HAVE_SYS_IOCTL_H 1
| #define HAVE_SYS_MMAN_H 1
| #define HAVE_SYS_PARAM_H 1
| #define HAVE_SYS_POLL_H 1
| #define HAVE_SYS_RANDOM_H 1
| #define HAVE_SYS_RESOURCE_H 1
| #define HAVE_SYS_SELECT_H 1
| #define HAVE_SYS_SENDFILE_H 1
| #define HAVE_SYS_SOCKET_H 1
| #define HAVE_SYS_SOUNDCARD_H 1
| #define HAVE_SYS_STAT_H 1
| #define HAVE_SYS_STATVFS_H 1
| #define HAVE_SYS_SYSCALL_H 1
| #define HAVE_SYS_SYSMACROS_H 1
| #define HAVE_SYS_TIME_H 1
| #define HAVE_SYS_TIMES_H 1
| #define HAVE_SYS_TIMERFD_H 1
| #define HAVE_SYS_TYPES_H 1
| #define HAVE_SYS_UIO_H 1
| #define HAVE_SYS_UN_H 1
| #define HAVE_SYS_UTSNAME_H 1
| #define HAVE_SYS_WAIT_H 1
| #define HAVE_SYS_XATTR_H 1
| #define HAVE_SYSEXITS_H 1
| #define HAVE_SYSLOG_H 1
| #define HAVE_TERMIOS_H 1
| #define HAVE_UTIME_H 1
| #define HAVE_UTMP_H 1
| #define HAVE_DIRENT_H 1
| #define MAJOR_IN_SYSMACROS 1
| #define HAVE_NET_IF_H 1
| #define HAVE_LINUX_NETLINK_H 1
| #define HAVE_LINUX_QRTR_H 1
| #define HAVE_LINUX_VM_SOCKETS_H 1
| #define HAVE_LINUX_CAN_H 1
| #define HAVE_LINUX_CAN_BCM_H 1
| #define HAVE_LINUX_CAN_J1939_H 1
| #define HAVE_LINUX_CAN_RAW_H 1
| #define HAVE_CLOCK_T 1
| #define HAVE_MAKEDEV 1
| #define HAVE_HTOLE64 1
| #define _LARGEFILE_SOURCE 1
| #define _FILE_OFFSET_BITS 64
| #if defined(SCO_DS)
| #undef _OFF_T
| #endif
| #define RETSIGTYPE void
| #define HAVE_SSIZE_T 1
| #define HAVE___UINT128_T 1
| #define HAVE_GCC_UINT128_T 1
| #define SIZEOF_INT 4
| #define SIZEOF_LONG 8
| #define ALIGNOF_LONG 8
| #define SIZEOF_LONG_LONG 8
| #define SIZEOF_VOID_P 8
| #define SIZEOF_SHORT 2
| #define SIZEOF_FLOAT 4
| #define SIZEOF_DOUBLE 8
| #define SIZEOF_FPOS_T 16
| #define SIZEOF_SIZE_T 8
| #define ALIGNOF_SIZE_T 8
| #define SIZEOF_PID_T 4
| #define SIZEOF_UINTPTR_T 8
| #define ALIGNOF_MAX_ALIGN_T 16
| #define HAVE_LONG_DOUBLE 1
| #define SIZEOF_LONG_DOUBLE 16
| #define SIZEOF__BOOL 1
| #define SIZEOF_OFF_T 8
| #define SIZEOF_TIME_T 8
| #define SIZEOF_PTHREAD_T 8
| #define SIZEOF_PTHREAD_KEY_T 4
| #define PTHREAD_KEY_T_IS_COMPATIBLE_WITH_INT 1
| #define PY_HAVE_PERF_TRAMPOLINE 1
| #define HAVE_LIBDL 1
| #define HAVE_UUID_UUID_H 1
| #define HAVE_UUID_UUID_H 1
| #define HAVE_FFI_PREP_CIF_VAR 1
| #define HAVE_FFI_PREP_CLOSURE_LOC 1
| #define HAVE_FFI_CLOSURE_ALLOC 1
| #define WITH_DECIMAL_CONTEXTVAR 1
| #define _REENTRANT 1
| #define PTHREAD_SYSTEM_SCHED_SUPPORTED 1
| #define HAVE_PTHREAD_SIGMASK 1
| #define HAVE_PTHREAD_GETCPUCLOCKID 1
| #define ENABLE_IPV6 1
| #define HAVE_LINUX_CAN_RAW_FD_FRAMES 1
| #define HAVE_LINUX_CAN_RAW_JOIN_FILTERS 1
| #define WITH_DOC_STRINGS 1
| #define HAVE_STD_ATOMIC 1
| #define HAVE_BUILTIN_ATOMIC 1
| #define WITH_MIMALLOC 1
| #define WITH_PYMALLOC 1
| #define WITH_FREELISTS 1
| #define PY_COERCE_C_LOCALE 1
| #define HAVE_DLOPEN 1
| #define HAVE_DYNAMIC_LOADING 1
| #define HAVE_ACCEPT4 1
| #define HAVE_ALARM 1
| #define HAVE_BIND_TEXTDOMAIN_CODESET 1
| #define HAVE_CHMOD 1
| #define HAVE_CHOWN 1
| #define HAVE_CLOCK 1
| #define HAVE_CLOSEFROM 1
| #define HAVE_CLOSE_RANGE 1
| #define HAVE_CONFSTR 1
| #define HAVE_COPY_FILE_RANGE 1
| #define HAVE_CTERMID 1
| #define HAVE_DUP 1
| #define HAVE_DUP3 1
| #define HAVE_EXECV 1
| #define HAVE_EXPLICIT_BZERO 1
| #define HAVE_FACCESSAT 1
| #define HAVE_FCHMOD 1
| #define HAVE_FCHMODAT 1
| #define HAVE_FCHOWN 1
| #define HAVE_FCHOWNAT 1
| #define HAVE_FDOPENDIR 1
| #define HAVE_FEXECVE 1
| #define HAVE_FORK 1
| #define HAVE_FPATHCONF 1
| #define HAVE_FSTATAT 1
| #define HAVE_FTIME 1
| #define HAVE_FTRUNCATE 1
| #define HAVE_FUTIMENS 1
| #define HAVE_FUTIMES 1
| #define HAVE_FUTIMESAT 1
| #define HAVE_GAI_STRERROR 1
| #define HAVE_GETEGID 1
| #define HAVE_GETEUID 1
| #define HAVE_GETGID 1
| #define HAVE_GETGRENT 1
| #define HAVE_GETGRGID 1
| #define HAVE_GETGRGID_R 1
| #define HAVE_GETGRNAM_R 1
| #define HAVE_GETGROUPLIST 1
| #define HAVE_GETHOSTNAME 1
| #define HAVE_GETITIMER 1
| #define HAVE_GETLOADAVG 1
| #define HAVE_GETLOGIN 1
| #define HAVE_GETPEERNAME 1
| #define HAVE_GETPGID 1
| #define HAVE_GETPID 1
| #define HAVE_GETPPID 1
| #define HAVE_GETPRIORITY 1
| #define HAVE_GETPWENT 1
| #define HAVE_GETPWNAM_R 1
| #define HAVE_GETPWUID 1
| #define HAVE_GETPWUID_R 1
| #define HAVE_GETRESGID 1
| #define HAVE_GETRESUID 1
| #define HAVE_GETRUSAGE 1
| #define HAVE_GETSID 1
| #define HAVE_GETSPENT 1
| #define HAVE_GETSPNAM 1
| #define HAVE_GETUID 1
| #define HAVE_GETWD 1
| #define HAVE_GRANTPT 1
| #define HAVE_IF_NAMEINDEX 1
| #define HAVE_INITGROUPS 1
| #define HAVE_KILL 1
| #define HAVE_KILLPG 1
| #define HAVE_LCHOWN 1
| #define HAVE_LINKAT 1
| #define HAVE_LOCKF 1
| #define HAVE_LSTAT 1
| #define HAVE_LUTIMES 1
| #define HAVE_MADVISE 1
| #define HAVE_MBRTOWC 1
| #define HAVE_MEMRCHR 1
| #define HAVE_MKDIRAT 1
| #define HAVE_MKFIFO 1
| #define HAVE_MKFIFOAT 1
| #define HAVE_MKNOD 1
| #define HAVE_MKNODAT 1
| #define HAVE_MKTIME 1
| #define HAVE_MMAP 1
| #define HAVE_MREMAP 1
| #define HAVE_NICE 1
| #define HAVE_OPENAT 1
| #define HAVE_OPENDIR 1
| #define HAVE_PATHCONF 1
| #define HAVE_PAUSE 1
| #define HAVE_PIPE 1
| #define HAVE_PIPE2 1
| #define HAVE_POLL 1
| #define HAVE_POSIX_FADVISE 1
| #define HAVE_POSIX_FALLOCATE 1
| #define HAVE_POSIX_OPENPT 1
| #define HAVE_POSIX_SPAWN 1
| #define HAVE_POSIX_SPAWNP 1
| #define HAVE_POSIX_SPAWN_FILE_ACTIONS_ADDCLOSEFROM_NP 1
| #define HAVE_PREAD 1
| #define HAVE_PREADV 1
| #define HAVE_PREADV2 1
| #define HAVE_PROCESS_VM_READV 1
| #define HAVE_PTHREAD_CONDATTR_SETCLOCK 1
| #define HAVE_PTHREAD_KILL 1
| #define HAVE_PTSNAME 1
| #define HAVE_PTSNAME_R 1
| #define HAVE_PWRITE 1
| #define HAVE_PWRITEV 1
| #define HAVE_PWRITEV2 1
| #define HAVE_READLINK 1
| #define HAVE_READLINKAT 1
| #define HAVE_READV 1
| #define HAVE_REALPATH 1
| #define HAVE_RENAMEAT 1
| #define HAVE_SCHED_GET_PRIORITY_MAX 1
| #define HAVE_SCHED_RR_GET_INTERVAL 1
| #define HAVE_SCHED_SETAFFINITY 1
| #define HAVE_SCHED_SETPARAM 1
| #define HAVE_SCHED_SETSCHEDULER 1
| #define HAVE_SEM_CLOCKWAIT 1
| #define HAVE_SEM_GETVALUE 1
| #define HAVE_SEM_OPEN 1
| #define HAVE_SEM_TIMEDWAIT 1
| #define HAVE_SEM_UNLINK 1
| #define HAVE_SENDFILE 1
| #define HAVE_SETEGID 1
| #define HAVE_SETEUID 1
| #define HAVE_SETGID 1
| #define HAVE_SETHOSTNAME 1
| #define HAVE_SETITIMER 1
| #define HAVE_SETLOCALE 1
| #define HAVE_SETPGID 1
| #define HAVE_SETPGRP 1
| #define HAVE_SETPRIORITY 1
| #define HAVE_SETREGID 1
| #define HAVE_SETRESGID 1
| #define HAVE_SETRESUID 1
| #define HAVE_SETREUID 1
| #define HAVE_SETSID 1
| #define HAVE_SETUID 1
| #define HAVE_SETVBUF 1
| #define HAVE_SHUTDOWN 1
| #define HAVE_SIGACTION 1
| #define HAVE_SIGALTSTACK 1
| #define HAVE_SIGFILLSET 1
| #define HAVE_SIGINTERRUPT 1
| #define HAVE_SIGPENDING 1
| #define HAVE_SIGRELSE 1
| #define HAVE_SIGTIMEDWAIT 1
| #define HAVE_SIGWAIT 1
| #define HAVE_SIGWAITINFO 1
| #define HAVE_SNPRINTF 1
| #define HAVE_SPLICE 1
| #define HAVE_STRFTIME 1
| #define HAVE_STRLCPY 1
| #define HAVE_STRSIGNAL 1
| #define HAVE_SYMLINKAT 1
| #define HAVE_SYNC 1
| #define HAVE_SYSCONF 1
| #define HAVE_TCGETPGRP 1
| #define HAVE_TCSETPGRP 1
| #define HAVE_TEMPNAM 1
| #define HAVE_TIMEGM 1
| #define HAVE_TIMES 1
| #define HAVE_TMPFILE 1
| #define HAVE_TMPNAM 1
| #define HAVE_TMPNAM_R 1
| #define HAVE_TRUNCATE 1
| #define HAVE_TTYNAME 1
| #define HAVE_UMASK 1
| #define HAVE_UNAME 1
| #define HAVE_UNLINKAT 1
| #define HAVE_UNLOCKPT 1
| #define HAVE_UTIMENSAT 1
| #define HAVE_UTIMES 1
| #define HAVE_VFORK 1
| #define HAVE_WAIT 1
| #define HAVE_WAIT3 1
| #define HAVE_WAIT4 1
| #define HAVE_WAITID 1
| #define HAVE_WAITPID 1
| #define HAVE_WCSCOLL 1
| #define HAVE_WCSFTIME 1
| #define HAVE_WCSXFRM 1
| #define HAVE_WMEMCMP 1
| #define HAVE_WRITEV 1
| #define HAVE_GETENTROPY 1
| #define HAVE_GETGROUPS 1
| #define HAVE_SYSTEM 1
| #define HAVE_DIRFD 1
| #define HAVE_CHROOT 1
| #define HAVE_LINK 1
| #define HAVE_SYMLINK 1
| #define HAVE_FCHDIR 1
| #define HAVE_FSYNC 1
| #define HAVE_FDATASYNC 1
| #define HAVE_EPOLL 1
| #define HAVE_EPOLL_CREATE1 1
| #define HAVE_PRLIMIT 1
| #define HAVE_MEMFD_CREATE 1
| #define HAVE_EVENTFD 1
| #define HAVE_TIMERFD_CREATE 1
| #define HAVE_FLOCK 1
| #define HAVE_GETPAGESIZE 1
| #define HAVE_ZLIB_H 1
| #define HAVE_BZLIB_H 1
| #define HAVE_LZMA_H 1
| #define HAVE_HSTRERROR 1
| #define HAVE_GETSERVBYNAME 1
| #define HAVE_GETSERVBYPORT 1
| #define HAVE_GETHOSTBYNAME 1
| #define HAVE_GETHOSTBYADDR 1
| #define HAVE_GETPROTOBYNAME 1
| #define HAVE_INET_ATON 1
| #define HAVE_INET_NTOA 1
| #define HAVE_INET_PTON 1
| #define HAVE_GETPEERNAME 1
| #define HAVE_GETSOCKNAME 1
| #define HAVE_ACCEPT 1
| #define HAVE_BIND 1
| #define HAVE_CONNECT 1
| #define HAVE_LISTEN 1
| #define HAVE_RECVFROM 1
| #define HAVE_SENDTO 1
| #define HAVE_SETSOCKOPT 1
| #define HAVE_SOCKET 1
| #define HAVE_SETGROUPS 1
| #define HAVE_OPENPTY 1
| #define HAVE_LOGIN_TTY 1
| #define HAVE_FORKPTY 1
| #define HAVE_FSEEKO 1
| #define HAVE_FSTATVFS 1
| #define HAVE_FTELLO 1
| #define HAVE_STATVFS 1
| #define HAVE_DUP2 1
| #define HAVE_GETPGRP 1
| /* end confdefs.h.  */
| #include <unistd.h>
| int
| main (void)
| {
| getpgrp(0);
|   ;
|   return 0;
| }
configure:22209: checking for setpgrp
configure:22209: result: yes
configure:22224: gcc -c   conftest.c >&5
conftest.c: In function 'main':
conftest.c:407:1: error: too many arguments to function 'setpgrp'; expected 0, have 2
  407 | setpgrp(0,0);
      | ^~~~~~~ ~
In file included from conftest.c:403:
/usr/include/unistd.h:682:12: note: declared here
  682 | extern int setpgrp (void) __THROW;
      |            ^~~~~~~
configure:22224: $? = 1
configure: failed program was:
| /* confdefs.h */
| #define _NETBSD_SOURCE 1
| #define __BSD_VISIBLE 1
| #define _DARWIN_C_SOURCE 1
| #define _PYTHONFRAMEWORK ""
| #define _XOPEN_SOURCE 700
| #define _XOPEN_SOURCE_EXTENDED 1
| #define _POSIX_C_SOURCE 200809L
| #define HAVE_STDIO_H 1
| #define HAVE_STDLIB_H 1
| #define HAVE_STRING_H 1
| #define HAVE_INTTYPES_H 1
| #define HAVE_STDINT_H 1
| #define HAVE_STRINGS_H 1
| #define HAVE_SYS_STAT_H 1
| #define HAVE_SYS_TYPES_H 1
| #define HAVE_UNISTD_H 1
| #define HAVE_WCHAR_H 1
| #define STDC_HEADERS 1
| #define _ALL_SOURCE 1
| #define _DARWIN_C_SOURCE 1
| #define _GNU_SOURCE 1
| #define _HPUX_ALT_XOPEN_SOCKET_API 1
| #define _NETBSD_SOURCE 1
| #define _OPENBSD_SOURCE 1
| #define _POSIX_PTHREAD_SEMANTICS 1
| #define __STDC_WANT_IEC_60559_ATTRIBS_EXT__ 1
| #define __STDC_WANT_IEC_60559_BFP_EXT__ 1
| #define __STDC_WANT_IEC_60559_DFP_EXT__ 1
| #define __STDC_WANT_IEC_60559_FUNCS_EXT__ 1
| #define __STDC_WANT_IEC_60559_TYPES_EXT__ 1
| #define __STDC_WANT_LIB_EXT2__ 1
| #define __STDC_WANT_MATH_SPEC_FUNCS__ 1
| #define _TANDEM_SOURCE 1
| #define __EXTENSIONS__ 1
| #define PY_SUPPORT_TIER 1
| #define Py_ENABLE_SHARED 1
| #define STDC_HEADERS 1
| #define HAVE_ALLOCA_H 1
| #define HAVE_ASM_TYPES_H 1
| #define HAVE_DLFCN_H 1
| #define HAVE_ENDIAN_H 1
| #define HAVE_ERRNO_H 1
| #define HAVE_FCNTL_H 1
| #define HAVE_GRP_H 1
| #define HAVE_LANGINFO_H 1
| #define HAVE_LIBINTL_H 1
| #define HAVE_LINUX_AUXVEC_H 1
| #define HAVE_SYS_AUXV_H 1
| #define HAVE_LINUX_FS_H 1
| #define HAVE_LINUX_LIMITS_H 1
| #define HAVE_LINUX_MEMFD_H 1
| #define HAVE_LINUX_RANDOM_H 1
| #define HAVE_LINUX_SOUNDCARD_H 1
| #define HAVE_LINUX_TIPC_H 1
| #define HAVE_LINUX_WAIT_H 1
| #define HAVE_NETDB_H 1
| #define HAVE_NET_ETHERNET_H 1
| #define HAVE_NETINET_IN_H 1
| #define HAVE_NETPACKET_PACKET_H 1
| #define HAVE_POLL_H 1
| #define HAVE_PTHREAD_H 1
| #define HAVE_PTY_H 1
| #define HAVE_SCHED_H 1
| #define HAVE_SETJMP_H 1
| #define HAVE_SHADOW_H 1
| #define HAVE_SIGNAL_H 1
| #define HAVE_SPAWN_H 1
| #define HAVE_SYS_EPOLL_H 1
| #define HAVE_SYS_EVENTFD_H 1
| #define HAVE_SYS_FILE_H 1
| #define HAVE_SYS_IOCTL_H 1
| #define HAVE_SYS_MMAN_H 1
| #define HAVE_SYS_PARAM_H 1
| #define HAVE_SYS_POLL_H 1
| #define HAVE_SYS_RANDOM_H 1
| #define HAVE_SYS_RESOURCE_H 1
| #define HAVE_SYS_SELECT_H 1
| #define HAVE_SYS_SENDFILE_H 1
| #define HAVE_SYS_SOCKET_H 1
| #define HAVE_SYS_SOUNDCARD_H 1
| #define HAVE_SYS_STAT_H 1
| #define HAVE_SYS_STATVFS_H 1
| #define HAVE_SYS_SYSCALL_H 1
| #define HAVE_SYS_SYSMACROS_H 1
| #define HAVE_SYS_TIME_H 1
| #define HAVE_SYS_TIMES_H 1
| #define HAVE_SYS_TIMERFD_H 1
| #define HAVE_SYS_TYPES_H 1
| #define HAVE_SYS_UIO_H 1
| #define HAVE_SYS_UN_H 1
| #define HAVE_SYS_UTSNAME_H 1
| #define HAVE_SYS_WAIT_H 1
| #define HAVE_SYS_XATTR_H 1
| #define HAVE_SYSEXITS_H 1
| #define HAVE_SYSLOG_H 1
| #define HAVE_TERMIOS_H 1
| #define HAVE_UTIME_H 1
| #define HAVE_UTMP_H 1
| #define HAVE_DIRENT_H 1
| #define MAJOR_IN_SYSMACROS 1
| #define HAVE_NET_IF_H 1
| #define HAVE_LINUX_NETLINK_H 1
| #define HAVE_LINUX_QRTR_H 1
| #define HAVE_LINUX_VM_SOCKETS_H 1
| #define HAVE_LINUX_CAN_H 1
| #define HAVE_LINUX_CAN_BCM_H 1
| #define HAVE_LINUX_CAN_J1939_H 1
| #define HAVE_LINUX_CAN_RAW_H 1
| #define HAVE_CLOCK_T 1
| #define HAVE_MAKEDEV 1
| #define HAVE_HTOLE64 1
| #define _LARGEFILE_SOURCE 1
| #define _FILE_OFFSET_BITS 64
| #if defined(SCO_DS)
| #undef _OFF_T
| #endif
| #define RETSIGTYPE void
| #define HAVE_SSIZE_T 1
| #define HAVE___UINT128_T 1
| #define HAVE_GCC_UINT128_T 1
| #define SIZEOF_INT 4
| #define SIZEOF_LONG 8
| #define ALIGNOF_LONG 8
| #define SIZEOF_LONG_LONG 8
| #define SIZEOF_VOID_P 8
| #define SIZEOF_SHORT 2
| #define SIZEOF_FLOAT 4
| #define SIZEOF_DOUBLE 8
| #define SIZEOF_FPOS_T 16
| #define SIZEOF_SIZE_T 8
| #define ALIGNOF_SIZE_T 8
| #define SIZEOF_PID_T 4
| #define SIZEOF_UINTPTR_T 8
| #define ALIGNOF_MAX_ALIGN_T 16
| #define HAVE_LONG_DOUBLE 1
| #define SIZEOF_LONG_DOUBLE 16
| #define SIZEOF__BOOL 1
| #define SIZEOF_OFF_T 8
| #define SIZEOF_TIME_T 8
| #define SIZEOF_PTHREAD_T 8
| #define SIZEOF_PTHREAD_KEY_T 4
| #define PTHREAD_KEY_T_IS_COMPATIBLE_WITH_INT 1
| #define PY_HAVE_PERF_TRAMPOLINE 1
| #define HAVE_LIBDL 1
| #define HAVE_UUID_UUID_H 1
| #define HAVE_UUID_UUID_H 1
| #define HAVE_FFI_PREP_CIF_VAR 1
| #define HAVE_FFI_PREP_CLOSURE_LOC 1
| #define HAVE_FFI_CLOSURE_ALLOC 1
| #define WITH_DECIMAL_CONTEXTVAR 1
| #define _REENTRANT 1
| #define PTHREAD_SYSTEM_SCHED_SUPPORTED 1
| #define HAVE_PTHREAD_SIGMASK 1
| #define HAVE_PTHREAD_GETCPUCLOCKID 1
| #define ENABLE_IPV6 1
| #define HAVE_LINUX_CAN_RAW_FD_FRAMES 1
| #define HAVE_LINUX_CAN_RAW_JOIN_FILTERS 1
| #define WITH_DOC_STRINGS 1
| #define HAVE_STD_ATOMIC 1
| #define HAVE_BUILTIN_ATOMIC 1
| #define WITH_MIMALLOC 1
| #define WITH_PYMALLOC 1
| #define WITH_FREELISTS 1
| #define PY_COERCE_C_LOCALE 1
| #define HAVE_DLOPEN 1
| #define HAVE_DYNAMIC_LOADING 1
| #define HAVE_ACCEPT4 1
| #define HAVE_ALARM 1
| #define HAVE_BIND_TEXTDOMAIN_CODESET 1
| #define HAVE_CHMOD 1
| #define HAVE_CHOWN 1
| #define HAVE_CLOCK 1
| #define HAVE_CLOSEFROM 1
| #define HAVE_CLOSE_RANGE 1
| #define HAVE_CONFSTR 1
| #define HAVE_COPY_FILE_RANGE 1
| #define HAVE_CTERMID 1
| #define HAVE_DUP 1
| #define HAVE_DUP3 1
| #define HAVE_EXECV 1
| #define HAVE_EXPLICIT_BZERO 1
| #define HAVE_FACCESSAT 1
| #define HAVE_FCHMOD 1
| #define HAVE_FCHMODAT 1
| #define HAVE_FCHOWN 1
| #define HAVE_FCHOWNAT 1
| #define HAVE_FDOPENDIR 1
| #define HAVE_FEXECVE 1
| #define HAVE_FORK 1
| #define HAVE_FPATHCONF 1
| #define HAVE_FSTATAT 1
| #define HAVE_FTIME 1
| #define HAVE_FTRUNCATE 1
| #define HAVE_FUTIMENS 1
| #define HAVE_FUTIMES 1
| #define HAVE_FUTIMESAT 1
| #define HAVE_GAI_STRERROR 1
| #define HAVE_GETEGID 1
| #define HAVE_GETEUID 1
| #define HAVE_GETGID 1
| #define HAVE_GETGRENT 1
| #define HAVE_GETGRGID 1
| #define HAVE_GETGRGID_R 1
| #define HAVE_GETGRNAM_R 1
| #define HAVE_GETGROUPLIST 1
| #define HAVE_GETHOSTNAME 1
| #define HAVE_GETITIMER 1
| #define HAVE_GETLOADAVG 1
| #define HAVE_GETLOGIN 1
| #define HAVE_GETPEERNAME 1
| #define HAVE_GETPGID 1
| #define HAVE_GETPID 1
| #define HAVE_GETPPID 1
| #define HAVE_GETPRIORITY 1
| #define HAVE_GETPWENT 1
| #define HAVE_GETPWNAM_R 1
| #define HAVE_GETPWUID 1
| #define HAVE_GETPWUID_R 1
| #define HAVE_GETRESGID 1
| #define HAVE_GETRESUID 1
| #define HAVE_GETRUSAGE 1
| #define HAVE_GETSID 1
| #define HAVE_GETSPENT 1
| #define HAVE_GETSPNAM 1
| #define HAVE_GETUID 1
| #define HAVE_GETWD 1
| #define HAVE_GRANTPT 1
| #define HAVE_IF_NAMEINDEX 1
| #define HAVE_INITGROUPS 1
| #define HAVE_KILL 1
| #define HAVE_KILLPG 1
| #define HAVE_LCHOWN 1
| #define HAVE_LINKAT 1
| #define HAVE_LOCKF 1
| #define HAVE_LSTAT 1
| #define HAVE_LUTIMES 1
| #define HAVE_MADVISE 1
| #define HAVE_MBRTOWC 1
| #define HAVE_MEMRCHR 1
| #define HAVE_MKDIRAT 1
| #define HAVE_MKFIFO 1
| #define HAVE_MKFIFOAT 1
| #define HAVE_MKNOD 1
| #define HAVE_MKNODAT 1
| #define HAVE_MKTIME 1
| #define HAVE_MMAP 1
| #define HAVE_MREMAP 1
| #define HAVE_NICE 1
| #define HAVE_OPENAT 1
| #define HAVE_OPENDIR 1
| #define HAVE_PATHCONF 1
| #define HAVE_PAUSE 1
| #define HAVE_PIPE 1
| #define HAVE_PIPE2 1
| #define HAVE_POLL 1
| #define HAVE_POSIX_FADVISE 1
| #define HAVE_POSIX_FALLOCATE 1
| #define HAVE_POSIX_OPENPT 1
| #define HAVE_POSIX_SPAWN 1
| #define HAVE_POSIX_SPAWNP 1
| #define HAVE_POSIX_SPAWN_FILE_ACTIONS_ADDCLOSEFROM_NP 1
| #define HAVE_PREAD 1
| #define HAVE_PREADV 1
| #define HAVE_PREADV2 1
| #define HAVE_PROCESS_VM_READV 1
| #define HAVE_PTHREAD_CONDATTR_SETCLOCK 1
| #define HAVE_PTHREAD_KILL 1
| #define HAVE_PTSNAME 1
| #define HAVE_PTSNAME_R 1
| #define HAVE_PWRITE 1
| #define HAVE_PWRITEV 1
| #define HAVE_PWRITEV2 1
| #define HAVE_READLINK 1
| #define HAVE_READLINKAT 1
| #define HAVE_READV 1
| #define HAVE_REALPATH 1
| #define HAVE_RENAMEAT 1
| #define HAVE_SCHED_GET_PRIORITY_MAX 1
| #define HAVE_SCHED_RR_GET_INTERVAL 1
| #define HAVE_SCHED_SETAFFINITY 1
| #define HAVE_SCHED_SETPARAM 1
| #define HAVE_SCHED_SETSCHEDULER 1
| #define HAVE_SEM_CLOCKWAIT 1
| #define HAVE_SEM_GETVALUE 1
| #define HAVE_SEM_OPEN 1
| #define HAVE_SEM_TIMEDWAIT 1
| #define HAVE_SEM_UNLINK 1
| #define HAVE_SENDFILE 1
| #define HAVE_SETEGID 1
| #define HAVE_SETEUID 1
| #define HAVE_SETGID 1
| #define HAVE_SETHOSTNAME 1
| #define HAVE_SETITIMER 1
| #define HAVE_SETLOCALE 1
| #define HAVE_SETPGID 1
| #define HAVE_SETPGRP 1
| #define HAVE_SETPRIORITY 1
| #define HAVE_SETREGID 1
| #define HAVE_SETRESGID 1
| #define HAVE_SETRESUID 1
| #define HAVE_SETREUID 1
| #define HAVE_SETSID 1
| #define HAVE_SETUID 1
| #define HAVE_SETVBUF 1
| #define HAVE_SHUTDOWN 1
| #define HAVE_SIGACTION 1
| #define HAVE_SIGALTSTACK 1
| #define HAVE_SIGFILLSET 1
| #define HAVE_SIGINTERRUPT 1
| #define HAVE_SIGPENDING 1
| #define HAVE_SIGRELSE 1
| #define HAVE_SIGTIMEDWAIT 1
| #define HAVE_SIGWAIT 1
| #define HAVE_SIGWAITINFO 1
| #define HAVE_SNPRINTF 1
| #define HAVE_SPLICE 1
| #define HAVE_STRFTIME 1
| #define HAVE_STRLCPY 1
| #define HAVE_STRSIGNAL 1
| #define HAVE_SYMLINKAT 1
| #define HAVE_SYNC 1
| #define HAVE_SYSCONF 1
| #define HAVE_TCGETPGRP 1
| #define HAVE_TCSETPGRP 1
| #define HAVE_TEMPNAM 1
| #define HAVE_TIMEGM 1
| #define HAVE_TIMES 1
| #define HAVE_TMPFILE 1
| #define HAVE_TMPNAM 1
| #define HAVE_TMPNAM_R 1
| #define HAVE_TRUNCATE 1
| #define HAVE_TTYNAME 1
| #define HAVE_UMASK 1
| #define HAVE_UNAME 1
| #define HAVE_UNLINKAT 1
| #define HAVE_UNLOCKPT 1
| #define HAVE_UTIMENSAT 1
| #define HAVE_UTIMES 1
| #define HAVE_VFORK 1
| #define HAVE_WAIT 1
| #define HAVE_WAIT3 1
| #define HAVE_WAIT4 1
| #define HAVE_WAITID 1
| #define HAVE_WAITPID 1
| #define HAVE_WCSCOLL 1
| #define HAVE_WCSFTIME 1
| #define HAVE_WCSXFRM 1
| #define HAVE_WMEMCMP 1
| #define HAVE_WRITEV 1
| #define HAVE_GETENTROPY 1
| #define HAVE_GETGROUPS 1
| #define HAVE_SYSTEM 1
| #define HAVE_DIRFD 1
| #define HAVE_CHROOT 1
| #define HAVE_LINK 1
| #define HAVE_SYMLINK 1
| #define HAVE_FCHDIR 1
| #define HAVE_FSYNC 1
| #define HAVE_FDATASYNC 1
| #define HAVE_EPOLL 1
| #define HAVE_EPOLL_CREATE1 1
| #define HAVE_PRLIMIT 1
| #define HAVE_MEMFD_CREATE 1
| #define HAVE_EVENTFD 1
| #define HAVE_TIMERFD_CREATE 1
| #define HAVE_FLOCK 1
| #define HAVE_GETPAGESIZE 1
| #define HAVE_ZLIB_H 1
| #define HAVE_BZLIB_H 1
| #define HAVE_LZMA_H 1
| #define HAVE_HSTRERROR 1
| #define HAVE_GETSERVBYNAME 1
| #define HAVE_GETSERVBYPORT 1
| #define HAVE_GETHOSTBYNAME 1
| #define HAVE_GETHOSTBYADDR 1
| #define HAVE_GETPROTOBYNAME 1
| #define HAVE_INET_ATON 1
| #define HAVE_INET_NTOA 1
| #define HAVE_INET_PTON 1
| #define HAVE_GETPEERNAME 1
| #define HAVE_GETSOCKNAME 1
| #define HAVE_ACCEPT 1
| #define HAVE_BIND 1
| #define HAVE_CONNECT 1
| #define HAVE_LISTEN 1
| #define HAVE_RECVFROM 1
| #define HAVE_SENDTO 1
| #define HAVE_SETSOCKOPT 1
| #define HAVE_SOCKET 1
| #define HAVE_SETGROUPS 1
| #define HAVE_OPENPTY 1
| #define HAVE_LOGIN_TTY 1
| #define HAVE_FORKPTY 1
| #define HAVE_FSEEKO 1
| #define HAVE_FSTATVFS 1
| #define HAVE_FTELLO 1
| #define HAVE_STATVFS 1
| #define HAVE_DUP2 1
| #define HAVE_GETPGRP 1
| #define HAVE_SETPGRP 1
| /* end confdefs.h.  */
| #include <unistd.h>
| int
| main (void)
| {
| setpgrp(0,0);
|   ;
|   return 0;
| }
configure:22236: checking for setns
configure:22236: gcc -o conftest    conftest.c -ldl  >&5
configure:22236: $? = 0
configure:22236: result: yes
configure:22242: checking for unshare
configure:22242: gcc -o conftest    conftest.c -ldl  >&5
configure:22242: $? = 0
configure:22242: result: yes
configure:22253: checking for clock_gettime
configure:22253: gcc -o conftest    conftest.c -ldl  >&5
configure:22253: $? = 0
configure:22253: result: yes
configure:22315: checking for clock_getres
configure:22315: gcc -o conftest    conftest.c -ldl  >&5
configure:22315: $? = 0
configure:22315: result: yes
configure:22378: checking for clock_settime
configure:22378: gcc -o conftest    conftest.c -ldl  >&5
configure:22378: $? = 0
configure:22378: result: yes
configure:22441: checking for clock_nanosleep
configure:22441: gcc -o conftest    conftest.c -ldl  >&5
configure:22441: $? = 0
configure:22441: result: yes
configure:22500: checking for nanosleep
configure:22500: gcc -o conftest    conftest.c -ldl  >&5
configure:22500: $? = 0
configure:22500: result: yes
configure:22555: checking for major, minor, and makedev
configure:22584: gcc -o conftest    conftest.c -ldl  >&5
configure:22584: $? = 0
configure:22594: result: yes
configure:22611: checking for getaddrinfo
configure:22634: gcc -o conftest    conftest.c -ldl  >&5
configure:22634: $? = 0
configure:22644: result: yes
configure:22650: checking getaddrinfo bug
configure:22760: gcc -o conftest    conftest.c -ldl  >&5
configure:22760: $? = 0
configure:22760: ./conftest
configure:22760: $? = 0
configure:22771: result: no
configure:22791: checking for getnameinfo
configure:22791: gcc -o conftest    conftest.c -ldl  >&5
configure:22791: $? = 0
configure:22791: result: yes
configure:22800: checking whether struct tm is in sys/time.h or time.h
configure:22821: gcc -c   conftest.c >&5
configure:22821: $? = 0
configure:22829: result: time.h
configure:22837: checking for struct tm.tm_zone
configure:22837: gcc -c   conftest.c >&5
configure:22837: $? = 0
configure:22837: result: yes
configure:22903: checking for struct stat.st_rdev
configure:22903: gcc -c   conftest.c >&5
configure:22903: $? = 0
configure:22903: result: yes
configure:22912: checking for struct stat.st_blksize
configure:22912: gcc -c   conftest.c >&5
configure:22912: $? = 0
configure:22912: result: yes
configure:22921: checking for struct stat.st_flags
configure:22921: gcc -c   conftest.c >&5
conftest.c: In function 'main':
conftest.c:450:12: error: 'struct stat' has no member named 'st_flags'
  450 | if (ac_aggr.st_flags)
      |            ^
configure:22921: $? = 1
configure: failed program was:
| /* confdefs.h */
| #define _NETBSD_SOURCE 1
| #define __BSD_VISIBLE 1
| #define _DARWIN_C_SOURCE 1
| #define _PYTHONFRAMEWORK ""
| #define _XOPEN_SOURCE 700
| #define _XOPEN_SOURCE_EXTENDED 1
| #define _POSIX_C_SOURCE 200809L
| #define HAVE_STDIO_H 1
| #define HAVE_STDLIB_H 1
| #define HAVE_STRING_H 1
| #define HAVE_INTTYPES_H 1
| #define HAVE_STDINT_H 1
| #define HAVE_STRINGS_H 1
| #define HAVE_SYS_STAT_H 1
| #define HAVE_SYS_TYPES_H 1
| #define HAVE_UNISTD_H 1
| #define HAVE_WCHAR_H 1
| #define STDC_HEADERS 1
| #define _ALL_SOURCE 1
| #define _DARWIN_C_SOURCE 1
| #define _GNU_SOURCE 1
| #define _HPUX_ALT_XOPEN_SOCKET_API 1
| #define _NETBSD_SOURCE 1
| #define _OPENBSD_SOURCE 1
| #define _POSIX_PTHREAD_SEMANTICS 1
| #define __STDC_WANT_IEC_60559_ATTRIBS_EXT__ 1
| #define __STDC_WANT_IEC_60559_BFP_EXT__ 1
| #define __STDC_WANT_IEC_60559_DFP_EXT__ 1
| #define __STDC_WANT_IEC_60559_FUNCS_EXT__ 1
| #define __STDC_WANT_IEC_60559_TYPES_EXT__ 1
| #define __STDC_WANT_LIB_EXT2__ 1
| #define __STDC_WANT_MATH_SPEC_FUNCS__ 1
| #define _TANDEM_SOURCE 1
| #define __EXTENSIONS__ 1
| #define PY_SUPPORT_TIER 1
| #define Py_ENABLE_SHARED 1
| #define STDC_HEADERS 1
| #define HAVE_ALLOCA_H 1
| #define HAVE_ASM_TYPES_H 1
| #define HAVE_DLFCN_H 1
| #define HAVE_ENDIAN_H 1
| #define HAVE_ERRNO_H 1
| #define HAVE_FCNTL_H 1
| #define HAVE_GRP_H 1
| #define HAVE_LANGINFO_H 1
| #define HAVE_LIBINTL_H 1
| #define HAVE_LINUX_AUXVEC_H 1
| #define HAVE_SYS_AUXV_H 1
| #define HAVE_LINUX_FS_H 1
| #define HAVE_LINUX_LIMITS_H 1
| #define HAVE_LINUX_MEMFD_H 1
| #define HAVE_LINUX_RANDOM_H 1
| #define HAVE_LINUX_SOUNDCARD_H 1
| #define HAVE_LINUX_TIPC_H 1
| #define HAVE_LINUX_WAIT_H 1
| #define HAVE_NETDB_H 1
| #define HAVE_NET_ETHERNET_H 1
| #define HAVE_NETINET_IN_H 1
| #define HAVE_NETPACKET_PACKET_H 1
| #define HAVE_POLL_H 1
| #define HAVE_PTHREAD_H 1
| #define HAVE_PTY_H 1
| #define HAVE_SCHED_H 1
| #define HAVE_SETJMP_H 1
| #define HAVE_SHADOW_H 1
| #define HAVE_SIGNAL_H 1
| #define HAVE_SPAWN_H 1
| #define HAVE_SYS_EPOLL_H 1
| #define HAVE_SYS_EVENTFD_H 1
| #define HAVE_SYS_FILE_H 1
| #define HAVE_SYS_IOCTL_H 1
| #define HAVE_SYS_MMAN_H 1
| #define HAVE_SYS_PARAM_H 1
| #define HAVE_SYS_POLL_H 1
| #define HAVE_SYS_RANDOM_H 1
| #define HAVE_SYS_RESOURCE_H 1
| #define HAVE_SYS_SELECT_H 1
| #define HAVE_SYS_SENDFILE_H 1
| #define HAVE_SYS_SOCKET_H 1
| #define HAVE_SYS_SOUNDCARD_H 1
| #define HAVE_SYS_STAT_H 1
| #define HAVE_SYS_STATVFS_H 1
| #define HAVE_SYS_SYSCALL_H 1
| #define HAVE_SYS_SYSMACROS_H 1
| #define HAVE_SYS_TIME_H 1
| #define HAVE_SYS_TIMES_H 1
| #define HAVE_SYS_TIMERFD_H 1
| #define HAVE_SYS_TYPES_H 1
| #define HAVE_SYS_UIO_H 1
| #define HAVE_SYS_UN_H 1
| #define HAVE_SYS_UTSNAME_H 1
| #define HAVE_SYS_WAIT_H 1
| #define HAVE_SYS_XATTR_H 1
| #define HAVE_SYSEXITS_H 1
| #define HAVE_SYSLOG_H 1
| #define HAVE_TERMIOS_H 1
| #define HAVE_UTIME_H 1
| #define HAVE_UTMP_H 1
| #define HAVE_DIRENT_H 1
| #define MAJOR_IN_SYSMACROS 1
| #define HAVE_NET_IF_H 1
| #define HAVE_LINUX_NETLINK_H 1
| #define HAVE_LINUX_QRTR_H 1
| #define HAVE_LINUX_VM_SOCKETS_H 1
| #define HAVE_LINUX_CAN_H 1
| #define HAVE_LINUX_CAN_BCM_H 1
| #define HAVE_LINUX_CAN_J1939_H 1
| #define HAVE_LINUX_CAN_RAW_H 1
| #define HAVE_CLOCK_T 1
| #define HAVE_MAKEDEV 1
| #define HAVE_HTOLE64 1
| #define _LARGEFILE_SOURCE 1
| #define _FILE_OFFSET_BITS 64
| #if defined(SCO_DS)
| #undef _OFF_T
| #endif
| #define RETSIGTYPE void
| #define HAVE_SSIZE_T 1
| #define HAVE___UINT128_T 1
| #define HAVE_GCC_UINT128_T 1
| #define SIZEOF_INT 4
| #define SIZEOF_LONG 8
| #define ALIGNOF_LONG 8
| #define SIZEOF_LONG_LONG 8
| #define SIZEOF_VOID_P 8
| #define SIZEOF_SHORT 2
| #define SIZEOF_FLOAT 4
| #define SIZEOF_DOUBLE 8
| #define SIZEOF_FPOS_T 16
| #define SIZEOF_SIZE_T 8
| #define ALIGNOF_SIZE_T 8
| #define SIZEOF_PID_T 4
| #define SIZEOF_UINTPTR_T 8
| #define ALIGNOF_MAX_ALIGN_T 16
| #define HAVE_LONG_DOUBLE 1
| #define SIZEOF_LONG_DOUBLE 16
| #define SIZEOF__BOOL 1
| #define SIZEOF_OFF_T 8
| #define SIZEOF_TIME_T 8
| #define SIZEOF_PTHREAD_T 8
| #define SIZEOF_PTHREAD_KEY_T 4
| #define PTHREAD_KEY_T_IS_COMPATIBLE_WITH_INT 1
| #define PY_HAVE_PERF_TRAMPOLINE 1
| #define HAVE_LIBDL 1
| #define HAVE_UUID_UUID_H 1
| #define HAVE_UUID_UUID_H 1
| #define HAVE_FFI_PREP_CIF_VAR 1
| #define HAVE_FFI_PREP_CLOSURE_LOC 1
| #define HAVE_FFI_CLOSURE_ALLOC 1
| #define WITH_DECIMAL_CONTEXTVAR 1
| #define _REENTRANT 1
| #define PTHREAD_SYSTEM_SCHED_SUPPORTED 1
| #define HAVE_PTHREAD_SIGMASK 1
| #define HAVE_PTHREAD_GETCPUCLOCKID 1
| #define ENABLE_IPV6 1
| #define HAVE_LINUX_CAN_RAW_FD_FRAMES 1
| #define HAVE_LINUX_CAN_RAW_JOIN_FILTERS 1
| #define WITH_DOC_STRINGS 1
| #define HAVE_STD_ATOMIC 1
| #define HAVE_BUILTIN_ATOMIC 1
| #define WITH_MIMALLOC 1
| #define WITH_PYMALLOC 1
| #define WITH_FREELISTS 1
| #define PY_COERCE_C_LOCALE 1
| #define HAVE_DLOPEN 1
| #define HAVE_DYNAMIC_LOADING 1
| #define HAVE_ACCEPT4 1
| #define HAVE_ALARM 1
| #define HAVE_BIND_TEXTDOMAIN_CODESET 1
| #define HAVE_CHMOD 1
| #define HAVE_CHOWN 1
| #define HAVE_CLOCK 1
| #define HAVE_CLOSEFROM 1
| #define HAVE_CLOSE_RANGE 1
| #define HAVE_CONFSTR 1
| #define HAVE_COPY_FILE_RANGE 1
| #define HAVE_CTERMID 1
| #define HAVE_DUP 1
| #define HAVE_DUP3 1
| #define HAVE_EXECV 1
| #define HAVE_EXPLICIT_BZERO 1
| #define HAVE_FACCESSAT 1
| #define HAVE_FCHMOD 1
| #define HAVE_FCHMODAT 1
| #define HAVE_FCHOWN 1
| #define HAVE_FCHOWNAT 1
| #define HAVE_FDOPENDIR 1
| #define HAVE_FEXECVE 1
| #define HAVE_FORK 1
| #define HAVE_FPATHCONF 1
| #define HAVE_FSTATAT 1
| #define HAVE_FTIME 1
| #define HAVE_FTRUNCATE 1
| #define HAVE_FUTIMENS 1
| #define HAVE_FUTIMES 1
| #define HAVE_FUTIMESAT 1
| #define HAVE_GAI_STRERROR 1
| #define HAVE_GETEGID 1
| #define HAVE_GETEUID 1
| #define HAVE_GETGID 1
| #define HAVE_GETGRENT 1
| #define HAVE_GETGRGID 1
| #define HAVE_GETGRGID_R 1
| #define HAVE_GETGRNAM_R 1
| #define HAVE_GETGROUPLIST 1
| #define HAVE_GETHOSTNAME 1
| #define HAVE_GETITIMER 1
| #define HAVE_GETLOADAVG 1
| #define HAVE_GETLOGIN 1
| #define HAVE_GETPEERNAME 1
| #define HAVE_GETPGID 1
| #define HAVE_GETPID 1
| #define HAVE_GETPPID 1
| #define HAVE_GETPRIORITY 1
| #define HAVE_GETPWENT 1
| #define HAVE_GETPWNAM_R 1
| #define HAVE_GETPWUID 1
| #define HAVE_GETPWUID_R 1
| #define HAVE_GETRESGID 1
| #define HAVE_GETRESUID 1
| #define HAVE_GETRUSAGE 1
| #define HAVE_GETSID 1
| #define HAVE_GETSPENT 1
| #define HAVE_GETSPNAM 1
| #define HAVE_GETUID 1
| #define HAVE_GETWD 1
| #define HAVE_GRANTPT 1
| #define HAVE_IF_NAMEINDEX 1
| #define HAVE_INITGROUPS 1
| #define HAVE_KILL 1
| #define HAVE_KILLPG 1
| #define HAVE_LCHOWN 1
| #define HAVE_LINKAT 1
| #define HAVE_LOCKF 1
| #define HAVE_LSTAT 1
| #define HAVE_LUTIMES 1
| #define HAVE_MADVISE 1
| #define HAVE_MBRTOWC 1
| #define HAVE_MEMRCHR 1
| #define HAVE_MKDIRAT 1
| #define HAVE_MKFIFO 1
| #define HAVE_MKFIFOAT 1
| #define HAVE_MKNOD 1
| #define HAVE_MKNODAT 1
| #define HAVE_MKTIME 1
| #define HAVE_MMAP 1
| #define HAVE_MREMAP 1
| #define HAVE_NICE 1
| #define HAVE_OPENAT 1
| #define HAVE_OPENDIR 1
| #define HAVE_PATHCONF 1
| #define HAVE_PAUSE 1
| #define HAVE_PIPE 1
| #define HAVE_PIPE2 1
| #define HAVE_POLL 1
| #define HAVE_POSIX_FADVISE 1
| #define HAVE_POSIX_FALLOCATE 1
| #define HAVE_POSIX_OPENPT 1
| #define HAVE_POSIX_SPAWN 1
| #define HAVE_POSIX_SPAWNP 1
| #define HAVE_POSIX_SPAWN_FILE_ACTIONS_ADDCLOSEFROM_NP 1
| #define HAVE_PREAD 1
| #define HAVE_PREADV 1
| #define HAVE_PREADV2 1
| #define HAVE_PROCESS_VM_READV 1
| #define HAVE_PTHREAD_CONDATTR_SETCLOCK 1
| #define HAVE_PTHREAD_KILL 1
| #define HAVE_PTSNAME 1
| #define HAVE_PTSNAME_R 1
| #define HAVE_PWRITE 1
| #define HAVE_PWRITEV 1
| #define HAVE_PWRITEV2 1
| #define HAVE_READLINK 1
| #define HAVE_READLINKAT 1
| #define HAVE_READV 1
| #define HAVE_REALPATH 1
| #define HAVE_RENAMEAT 1
| #define HAVE_SCHED_GET_PRIORITY_MAX 1
| #define HAVE_SCHED_RR_GET_INTERVAL 1
| #define HAVE_SCHED_SETAFFINITY 1
| #define HAVE_SCHED_SETPARAM 1
| #define HAVE_SCHED_SETSCHEDULER 1
| #define HAVE_SEM_CLOCKWAIT 1
| #define HAVE_SEM_GETVALUE 1
| #define HAVE_SEM_OPEN 1
| #define HAVE_SEM_TIMEDWAIT 1
| #define HAVE_SEM_UNLINK 1
| #define HAVE_SENDFILE 1
| #define HAVE_SETEGID 1
| #define HAVE_SETEUID 1
| #define HAVE_SETGID 1
| #define HAVE_SETHOSTNAME 1
| #define HAVE_SETITIMER 1
| #define HAVE_SETLOCALE 1
| #define HAVE_SETPGID 1
| #define HAVE_SETPGRP 1
| #define HAVE_SETPRIORITY 1
| #define HAVE_SETREGID 1
| #define HAVE_SETRESGID 1
| #define HAVE_SETRESUID 1
| #define HAVE_SETREUID 1
| #define HAVE_SETSID 1
| #define HAVE_SETUID 1
| #define HAVE_SETVBUF 1
| #define HAVE_SHUTDOWN 1
| #define HAVE_SIGACTION 1
| #define HAVE_SIGALTSTACK 1
| #define HAVE_SIGFILLSET 1
| #define HAVE_SIGINTERRUPT 1
| #define HAVE_SIGPENDING 1
| #define HAVE_SIGRELSE 1
| #define HAVE_SIGTIMEDWAIT 1
| #define HAVE_SIGWAIT 1
| #define HAVE_SIGWAITINFO 1
| #define HAVE_SNPRINTF 1
| #define HAVE_SPLICE 1
| #define HAVE_STRFTIME 1
| #define HAVE_STRLCPY 1
| #define HAVE_STRSIGNAL 1
| #define HAVE_SYMLINKAT 1
| #define HAVE_SYNC 1
| #define HAVE_SYSCONF 1
| #define HAVE_TCGETPGRP 1
| #define HAVE_TCSETPGRP 1
| #define HAVE_TEMPNAM 1
| #define HAVE_TIMEGM 1
| #define HAVE_TIMES 1
| #define HAVE_TMPFILE 1
| #define HAVE_TMPNAM 1
| #define HAVE_TMPNAM_R 1
| #define HAVE_TRUNCATE 1
| #define HAVE_TTYNAME 1
| #define HAVE_UMASK 1
| #define HAVE_UNAME 1
| #define HAVE_UNLINKAT 1
| #define HAVE_UNLOCKPT 1
| #define HAVE_UTIMENSAT 1
| #define HAVE_UTIMES 1
| #define HAVE_VFORK 1
| #define HAVE_WAIT 1
| #define HAVE_WAIT3 1
| #define HAVE_WAIT4 1
| #define HAVE_WAITID 1
| #define HAVE_WAITPID 1
| #define HAVE_WCSCOLL 1
| #define HAVE_WCSFTIME 1
| #define HAVE_WCSXFRM 1
| #define HAVE_WMEMCMP 1
| #define HAVE_WRITEV 1
| #define HAVE_GETENTROPY 1
| #define HAVE_GETGROUPS 1
| #define HAVE_SYSTEM 1
| #define HAVE_DIRFD 1
| #define HAVE_CHROOT 1
| #define HAVE_LINK 1
| #define HAVE_SYMLINK 1
| #define HAVE_FCHDIR 1
| #define HAVE_FSYNC 1
| #define HAVE_FDATASYNC 1
| #define HAVE_EPOLL 1
| #define HAVE_EPOLL_CREATE1 1
| #define HAVE_PRLIMIT 1
| #define HAVE_MEMFD_CREATE 1
| #define HAVE_EVENTFD 1
| #define HAVE_TIMERFD_CREATE 1
| #define HAVE_FLOCK 1
| #define HAVE_GETPAGESIZE 1
| #define HAVE_ZLIB_H 1
| #define HAVE_BZLIB_H 1
| #define HAVE_LZMA_H 1
| #define HAVE_HSTRERROR 1
| #define HAVE_GETSERVBYNAME 1
| #define HAVE_GETSERVBYPORT 1
| #define HAVE_GETHOSTBYNAME 1
| #define HAVE_GETHOSTBYADDR 1
| #define HAVE_GETPROTOBYNAME 1
| #define HAVE_INET_ATON 1
| #define HAVE_INET_NTOA 1
| #define HAVE_INET_PTON 1
| #define HAVE_GETPEERNAME 1
| #define HAVE_GETSOCKNAME 1
| #define HAVE_ACCEPT 1
| #define HAVE_BIND 1
| #define HAVE_CONNECT 1
| #define HAVE_LISTEN 1
| #define HAVE_RECVFROM 1
| #define HAVE_SENDTO 1
| #define HAVE_SETSOCKOPT 1
| #define HAVE_SOCKET 1
| #define HAVE_SETGROUPS 1
| #define HAVE_OPENPTY 1
| #define HAVE_LOGIN_TTY 1
| #define HAVE_FORKPTY 1
| #define HAVE_FSEEKO 1
| #define HAVE_FSTATVFS 1
| #define HAVE_FTELLO 1
| #define HAVE_STATVFS 1
| #define HAVE_DUP2 1
| #define HAVE_GETPGRP 1
| #define HAVE_SETPGRP 1
| #define HAVE_SETNS 1
| #define HAVE_UNSHARE 1
| #define HAVE_CLOCK_GETTIME 1
| #define HAVE_CLOCK_GETRES 1
| #define HAVE_CLOCK_SETTIME 1
| #define HAVE_CLOCK_NANOSLEEP 1
| #define HAVE_NANOSLEEP 1
| #define HAVE_DEVICE_MACROS 1
| #define SYS_SELECT_WITH_SYS_TIME 1
| #define HAVE_GETADDRINFO 1
| #define HAVE_GETNAMEINFO 1
| #define HAVE_STRUCT_TM_TM_ZONE 1
| #define HAVE_TM_ZONE 1
| #define HAVE_STRUCT_STAT_ST_RDEV 1
| #define HAVE_STRUCT_STAT_ST_BLKSIZE 1
| /* end confdefs.h.  */
| #include <stddef.h>
| #ifdef HAVE_STDIO_H
| # include <stdio.h>
| #endif
| #ifdef HAVE_STDLIB_H
| # include <stdlib.h>
| #endif
| #ifdef HAVE_STRING_H
| # include <string.h>
| #endif
| #ifdef HAVE_INTTYPES_H
| # include <inttypes.h>
| #endif
| #ifdef HAVE_STDINT_H
| # include <stdint.h>
| #endif
| #ifdef HAVE_STRINGS_H
| # include <strings.h>
| #endif
| #ifdef HAVE_SYS_TYPES_H
| # include <sys/types.h>
| #endif
| #ifdef HAVE_SYS_STAT_H
| # include <sys/stat.h>
| #endif
| #ifdef HAVE_UNISTD_H
| # include <unistd.h>
| #endif
| int
| main (void)
| {
| static struct stat ac_aggr;
| if (ac_aggr.st_flags)
| return 0;
|   ;
|   return 0;
| }
configure:22921: gcc -c   conftest.c >&5
conftest.c: In function 'main':
conftest.c:450:19: error: 'struct stat' has no member named 'st_flags'
  450 | if (sizeof ac_aggr.st_flags)
      |                   ^
configure:22921: $? = 1
configure: failed program was:
| /* confdefs.h */
| #define _NETBSD_SOURCE 1
| #define __BSD_VISIBLE 1
| #define _DARWIN_C_SOURCE 1
| #define _PYTHONFRAMEWORK ""
| #define _XOPEN_SOURCE 700
| #define _XOPEN_SOURCE_EXTENDED 1
| #define _POSIX_C_SOURCE 200809L
| #define HAVE_STDIO_H 1
| #define HAVE_STDLIB_H 1
| #define HAVE_STRING_H 1
| #define HAVE_INTTYPES_H 1
| #define HAVE_STDINT_H 1
| #define HAVE_STRINGS_H 1
| #define HAVE_SYS_STAT_H 1
| #define HAVE_SYS_TYPES_H 1
| #define HAVE_UNISTD_H 1
| #define HAVE_WCHAR_H 1
| #define STDC_HEADERS 1
| #define _ALL_SOURCE 1
| #define _DARWIN_C_SOURCE 1
| #define _GNU_SOURCE 1
| #define _HPUX_ALT_XOPEN_SOCKET_API 1
| #define _NETBSD_SOURCE 1
| #define _OPENBSD_SOURCE 1
| #define _POSIX_PTHREAD_SEMANTICS 1
| #define __STDC_WANT_IEC_60559_ATTRIBS_EXT__ 1
| #define __STDC_WANT_IEC_60559_BFP_EXT__ 1
| #define __STDC_WANT_IEC_60559_DFP_EXT__ 1
| #define __STDC_WANT_IEC_60559_FUNCS_EXT__ 1
| #define __STDC_WANT_IEC_60559_TYPES_EXT__ 1
| #define __STDC_WANT_LIB_EXT2__ 1
| #define __STDC_WANT_MATH_SPEC_FUNCS__ 1
| #define _TANDEM_SOURCE 1
| #define __EXTENSIONS__ 1
| #define PY_SUPPORT_TIER 1
| #define Py_ENABLE_SHARED 1
| #define STDC_HEADERS 1
| #define HAVE_ALLOCA_H 1
| #define HAVE_ASM_TYPES_H 1
| #define HAVE_DLFCN_H 1
| #define HAVE_ENDIAN_H 1
| #define HAVE_ERRNO_H 1
| #define HAVE_FCNTL_H 1
| #define HAVE_GRP_H 1
| #define HAVE_LANGINFO_H 1
| #define HAVE_LIBINTL_H 1
| #define HAVE_LINUX_AUXVEC_H 1
| #define HAVE_SYS_AUXV_H 1
| #define HAVE_LINUX_FS_H 1
| #define HAVE_LINUX_LIMITS_H 1
| #define HAVE_LINUX_MEMFD_H 1
| #define HAVE_LINUX_RANDOM_H 1
| #define HAVE_LINUX_SOUNDCARD_H 1
| #define HAVE_LINUX_TIPC_H 1
| #define HAVE_LINUX_WAIT_H 1
| #define HAVE_NETDB_H 1
| #define HAVE_NET_ETHERNET_H 1
| #define HAVE_NETINET_IN_H 1
| #define HAVE_NETPACKET_PACKET_H 1
| #define HAVE_POLL_H 1
| #define HAVE_PTHREAD_H 1
| #define HAVE_PTY_H 1
| #define HAVE_SCHED_H 1
| #define HAVE_SETJMP_H 1
| #define HAVE_SHADOW_H 1
| #define HAVE_SIGNAL_H 1
| #define HAVE_SPAWN_H 1
| #define HAVE_SYS_EPOLL_H 1
| #define HAVE_SYS_EVENTFD_H 1
| #define HAVE_SYS_FILE_H 1
| #define HAVE_SYS_IOCTL_H 1
| #define HAVE_SYS_MMAN_H 1
| #define HAVE_SYS_PARAM_H 1
| #define HAVE_SYS_POLL_H 1
| #define HAVE_SYS_RANDOM_H 1
| #define HAVE_SYS_RESOURCE_H 1
| #define HAVE_SYS_SELECT_H 1
| #define HAVE_SYS_SENDFILE_H 1
| #define HAVE_SYS_SOCKET_H 1
| #define HAVE_SYS_SOUNDCARD_H 1
| #define HAVE_SYS_STAT_H 1
| #define HAVE_SYS_STATVFS_H 1
| #define HAVE_SYS_SYSCALL_H 1
| #define HAVE_SYS_SYSMACROS_H 1
| #define HAVE_SYS_TIME_H 1
| #define HAVE_SYS_TIMES_H 1
| #define HAVE_SYS_TIMERFD_H 1
| #define HAVE_SYS_TYPES_H 1
| #define HAVE_SYS_UIO_H 1
| #define HAVE_SYS_UN_H 1
| #define HAVE_SYS_UTSNAME_H 1
| #define HAVE_SYS_WAIT_H 1
| #define HAVE_SYS_XATTR_H 1
| #define HAVE_SYSEXITS_H 1
| #define HAVE_SYSLOG_H 1
| #define HAVE_TERMIOS_H 1
| #define HAVE_UTIME_H 1
| #define HAVE_UTMP_H 1
| #define HAVE_DIRENT_H 1
| #define MAJOR_IN_SYSMACROS 1
| #define HAVE_NET_IF_H 1
| #define HAVE_LINUX_NETLINK_H 1
| #define HAVE_LINUX_QRTR_H 1
| #define HAVE_LINUX_VM_SOCKETS_H 1
| #define HAVE_LINUX_CAN_H 1
| #define HAVE_LINUX_CAN_BCM_H 1
| #define HAVE_LINUX_CAN_J1939_H 1
| #define HAVE_LINUX_CAN_RAW_H 1
| #define HAVE_CLOCK_T 1
| #define HAVE_MAKEDEV 1
| #define HAVE_HTOLE64 1
| #define _LARGEFILE_SOURCE 1
| #define _FILE_OFFSET_BITS 64
| #if defined(SCO_DS)
| #undef _OFF_T
| #endif
| #define RETSIGTYPE void
| #define HAVE_SSIZE_T 1
| #define HAVE___UINT128_T 1
| #define HAVE_GCC_UINT128_T 1
| #define SIZEOF_INT 4
| #define SIZEOF_LONG 8
| #define ALIGNOF_LONG 8
| #define SIZEOF_LONG_LONG 8
| #define SIZEOF_VOID_P 8
| #define SIZEOF_SHORT 2
| #define SIZEOF_FLOAT 4
| #define SIZEOF_DOUBLE 8
| #define SIZEOF_FPOS_T 16
| #define SIZEOF_SIZE_T 8
| #define ALIGNOF_SIZE_T 8
| #define SIZEOF_PID_T 4
| #define SIZEOF_UINTPTR_T 8
| #define ALIGNOF_MAX_ALIGN_T 16
| #define HAVE_LONG_DOUBLE 1
| #define SIZEOF_LONG_DOUBLE 16
| #define SIZEOF__BOOL 1
| #define SIZEOF_OFF_T 8
| #define SIZEOF_TIME_T 8
| #define SIZEOF_PTHREAD_T 8
| #define SIZEOF_PTHREAD_KEY_T 4
| #define PTHREAD_KEY_T_IS_COMPATIBLE_WITH_INT 1
| #define PY_HAVE_PERF_TRAMPOLINE 1
| #define HAVE_LIBDL 1
| #define HAVE_UUID_UUID_H 1
| #define HAVE_UUID_UUID_H 1
| #define HAVE_FFI_PREP_CIF_VAR 1
| #define HAVE_FFI_PREP_CLOSURE_LOC 1
| #define HAVE_FFI_CLOSURE_ALLOC 1
| #define WITH_DECIMAL_CONTEXTVAR 1
| #define _REENTRANT 1
| #define PTHREAD_SYSTEM_SCHED_SUPPORTED 1
| #define HAVE_PTHREAD_SIGMASK 1
| #define HAVE_PTHREAD_GETCPUCLOCKID 1
| #define ENABLE_IPV6 1
| #define HAVE_LINUX_CAN_RAW_FD_FRAMES 1
| #define HAVE_LINUX_CAN_RAW_JOIN_FILTERS 1
| #define WITH_DOC_STRINGS 1
| #define HAVE_STD_ATOMIC 1
| #define HAVE_BUILTIN_ATOMIC 1
| #define WITH_MIMALLOC 1
| #define WITH_PYMALLOC 1
| #define WITH_FREELISTS 1
| #define PY_COERCE_C_LOCALE 1
| #define HAVE_DLOPEN 1
| #define HAVE_DYNAMIC_LOADING 1
| #define HAVE_ACCEPT4 1
| #define HAVE_ALARM 1
| #define HAVE_BIND_TEXTDOMAIN_CODESET 1
| #define HAVE_CHMOD 1
| #define HAVE_CHOWN 1
| #define HAVE_CLOCK 1
| #define HAVE_CLOSEFROM 1
| #define HAVE_CLOSE_RANGE 1
| #define HAVE_CONFSTR 1
| #define HAVE_COPY_FILE_RANGE 1
| #define HAVE_CTERMID 1
| #define HAVE_DUP 1
| #define HAVE_DUP3 1
| #define HAVE_EXECV 1
| #define HAVE_EXPLICIT_BZERO 1
| #define HAVE_FACCESSAT 1
| #define HAVE_FCHMOD 1
| #define HAVE_FCHMODAT 1
| #define HAVE_FCHOWN 1
| #define HAVE_FCHOWNAT 1
| #define HAVE_FDOPENDIR 1
| #define HAVE_FEXECVE 1
| #define HAVE_FORK 1
| #define HAVE_FPATHCONF 1
| #define HAVE_FSTATAT 1
| #define HAVE_FTIME 1
| #define HAVE_FTRUNCATE 1
| #define HAVE_FUTIMENS 1
| #define HAVE_FUTIMES 1
| #define HAVE_FUTIMESAT 1
| #define HAVE_GAI_STRERROR 1
| #define HAVE_GETEGID 1
| #define HAVE_GETEUID 1
| #define HAVE_GETGID 1
| #define HAVE_GETGRENT 1
| #define HAVE_GETGRGID 1
| #define HAVE_GETGRGID_R 1
| #define HAVE_GETGRNAM_R 1
| #define HAVE_GETGROUPLIST 1
| #define HAVE_GETHOSTNAME 1
| #define HAVE_GETITIMER 1
| #define HAVE_GETLOADAVG 1
| #define HAVE_GETLOGIN 1
| #define HAVE_GETPEERNAME 1
| #define HAVE_GETPGID 1
| #define HAVE_GETPID 1
| #define HAVE_GETPPID 1
| #define HAVE_GETPRIORITY 1
| #define HAVE_GETPWENT 1
| #define HAVE_GETPWNAM_R 1
| #define HAVE_GETPWUID 1
| #define HAVE_GETPWUID_R 1
| #define HAVE_GETRESGID 1
| #define HAVE_GETRESUID 1
| #define HAVE_GETRUSAGE 1
| #define HAVE_GETSID 1
| #define HAVE_GETSPENT 1
| #define HAVE_GETSPNAM 1
| #define HAVE_GETUID 1
| #define HAVE_GETWD 1
| #define HAVE_GRANTPT 1
| #define HAVE_IF_NAMEINDEX 1
| #define HAVE_INITGROUPS 1
| #define HAVE_KILL 1
| #define HAVE_KILLPG 1
| #define HAVE_LCHOWN 1
| #define HAVE_LINKAT 1
| #define HAVE_LOCKF 1
| #define HAVE_LSTAT 1
| #define HAVE_LUTIMES 1
| #define HAVE_MADVISE 1
| #define HAVE_MBRTOWC 1
| #define HAVE_MEMRCHR 1
| #define HAVE_MKDIRAT 1
| #define HAVE_MKFIFO 1
| #define HAVE_MKFIFOAT 1
| #define HAVE_MKNOD 1
| #define HAVE_MKNODAT 1
| #define HAVE_MKTIME 1
| #define HAVE_MMAP 1
| #define HAVE_MREMAP 1
| #define HAVE_NICE 1
| #define HAVE_OPENAT 1
| #define HAVE_OPENDIR 1
| #define HAVE_PATHCONF 1
| #define HAVE_PAUSE 1
| #define HAVE_PIPE 1
| #define HAVE_PIPE2 1
| #define HAVE_POLL 1
| #define HAVE_POSIX_FADVISE 1
| #define HAVE_POSIX_FALLOCATE 1
| #define HAVE_POSIX_OPENPT 1
| #define HAVE_POSIX_SPAWN 1
| #define HAVE_POSIX_SPAWNP 1
| #define HAVE_POSIX_SPAWN_FILE_ACTIONS_ADDCLOSEFROM_NP 1
| #define HAVE_PREAD 1
| #define HAVE_PREADV 1
| #define HAVE_PREADV2 1
| #define HAVE_PROCESS_VM_READV 1
| #define HAVE_PTHREAD_CONDATTR_SETCLOCK 1
| #define HAVE_PTHREAD_KILL 1
| #define HAVE_PTSNAME 1
| #define HAVE_PTSNAME_R 1
| #define HAVE_PWRITE 1
| #define HAVE_PWRITEV 1
| #define HAVE_PWRITEV2 1
| #define HAVE_READLINK 1
| #define HAVE_READLINKAT 1
| #define HAVE_READV 1
| #define HAVE_REALPATH 1
| #define HAVE_RENAMEAT 1
| #define HAVE_SCHED_GET_PRIORITY_MAX 1
| #define HAVE_SCHED_RR_GET_INTERVAL 1
| #define HAVE_SCHED_SETAFFINITY 1
| #define HAVE_SCHED_SETPARAM 1
| #define HAVE_SCHED_SETSCHEDULER 1
| #define HAVE_SEM_CLOCKWAIT 1
| #define HAVE_SEM_GETVALUE 1
| #define HAVE_SEM_OPEN 1
| #define HAVE_SEM_TIMEDWAIT 1
| #define HAVE_SEM_UNLINK 1
| #define HAVE_SENDFILE 1
| #define HAVE_SETEGID 1
| #define HAVE_SETEUID 1
| #define HAVE_SETGID 1
| #define HAVE_SETHOSTNAME 1
| #define HAVE_SETITIMER 1
| #define HAVE_SETLOCALE 1
| #define HAVE_SETPGID 1
| #define HAVE_SETPGRP 1
| #define HAVE_SETPRIORITY 1
| #define HAVE_SETREGID 1
| #define HAVE_SETRESGID 1
| #define HAVE_SETRESUID 1
| #define HAVE_SETREUID 1
| #define HAVE_SETSID 1
| #define HAVE_SETUID 1
| #define HAVE_SETVBUF 1
| #define HAVE_SHUTDOWN 1
| #define HAVE_SIGACTION 1
| #define HAVE_SIGALTSTACK 1
| #define HAVE_SIGFILLSET 1
| #define HAVE_SIGINTERRUPT 1
| #define HAVE_SIGPENDING 1
| #define HAVE_SIGRELSE 1
| #define HAVE_SIGTIMEDWAIT 1
| #define HAVE_SIGWAIT 1
| #define HAVE_SIGWAITINFO 1
| #define HAVE_SNPRINTF 1
| #define HAVE_SPLICE 1
| #define HAVE_STRFTIME 1
| #define HAVE_STRLCPY 1
| #define HAVE_STRSIGNAL 1
| #define HAVE_SYMLINKAT 1
| #define HAVE_SYNC 1
| #define HAVE_SYSCONF 1
| #define HAVE_TCGETPGRP 1
| #define HAVE_TCSETPGRP 1
| #define HAVE_TEMPNAM 1
| #define HAVE_TIMEGM 1
| #define HAVE_TIMES 1
| #define HAVE_TMPFILE 1
| #define HAVE_TMPNAM 1
| #define HAVE_TMPNAM_R 1
| #define HAVE_TRUNCATE 1
| #define HAVE_TTYNAME 1
| #define HAVE_UMASK 1
| #define HAVE_UNAME 1
| #define HAVE_UNLINKAT 1
| #define HAVE_UNLOCKPT 1
| #define HAVE_UTIMENSAT 1
| #define HAVE_UTIMES 1
| #define HAVE_VFORK 1
| #define HAVE_WAIT 1
| #define HAVE_WAIT3 1
| #define HAVE_WAIT4 1
| #define HAVE_WAITID 1
| #define HAVE_WAITPID 1
| #define HAVE_WCSCOLL 1
| #define HAVE_WCSFTIME 1
| #define HAVE_WCSXFRM 1
| #define HAVE_WMEMCMP 1
| #define HAVE_WRITEV 1
| #define HAVE_GETENTROPY 1
| #define HAVE_GETGROUPS 1
| #define HAVE_SYSTEM 1
| #define HAVE_DIRFD 1
| #define HAVE_CHROOT 1
| #define HAVE_LINK 1
| #define HAVE_SYMLINK 1
| #define HAVE_FCHDIR 1
| #define HAVE_FSYNC 1
| #define HAVE_FDATASYNC 1
| #define HAVE_EPOLL 1
| #define HAVE_EPOLL_CREATE1 1
| #define HAVE_PRLIMIT 1
| #define HAVE_MEMFD_CREATE 1
| #define HAVE_EVENTFD 1
| #define HAVE_TIMERFD_CREATE 1
| #define HAVE_FLOCK 1
| #define HAVE_GETPAGESIZE 1
| #define HAVE_ZLIB_H 1
| #define HAVE_BZLIB_H 1
| #define HAVE_LZMA_H 1
| #define HAVE_HSTRERROR 1
| #define HAVE_GETSERVBYNAME 1
| #define HAVE_GETSERVBYPORT 1
| #define HAVE_GETHOSTBYNAME 1
| #define HAVE_GETHOSTBYADDR 1
| #define HAVE_GETPROTOBYNAME 1
| #define HAVE_INET_ATON 1
| #define HAVE_INET_NTOA 1
| #define HAVE_INET_PTON 1
| #define HAVE_GETPEERNAME 1
| #define HAVE_GETSOCKNAME 1
| #define HAVE_ACCEPT 1
| #define HAVE_BIND 1
| #define HAVE_CONNECT 1
| #define HAVE_LISTEN 1
| #define HAVE_RECVFROM 1
| #define HAVE_SENDTO 1
| #define HAVE_SETSOCKOPT 1
| #define HAVE_SOCKET 1
| #define HAVE_SETGROUPS 1
| #define HAVE_OPENPTY 1
| #define HAVE_LOGIN_TTY 1
| #define HAVE_FORKPTY 1
| #define HAVE_FSEEKO 1
| #define HAVE_FSTATVFS 1
| #define HAVE_FTELLO 1
| #define HAVE_STATVFS 1
| #define HAVE_DUP2 1
| #define HAVE_GETPGRP 1
| #define HAVE_SETPGRP 1
| #define HAVE_SETNS 1
| #define HAVE_UNSHARE 1
| #define HAVE_CLOCK_GETTIME 1
| #define HAVE_CLOCK_GETRES 1
| #define HAVE_CLOCK_SETTIME 1
| #define HAVE_CLOCK_NANOSLEEP 1
| #define HAVE_NANOSLEEP 1
| #define HAVE_DEVICE_MACROS 1
| #define SYS_SELECT_WITH_SYS_TIME 1
| #define HAVE_GETADDRINFO 1
| #define HAVE_GETNAMEINFO 1
| #define HAVE_STRUCT_TM_TM_ZONE 1
| #define HAVE_TM_ZONE 1
| #define HAVE_STRUCT_STAT_ST_RDEV 1
| #define HAVE_STRUCT_STAT_ST_BLKSIZE 1
| /* end confdefs.h.  */
| #include <stddef.h>
| #ifdef HAVE_STDIO_H
| # include <stdio.h>
| #endif
| #ifdef HAVE_STDLIB_H
| # include <stdlib.h>
| #endif
| #ifdef HAVE_STRING_H
| # include <string.h>
| #endif
| #ifdef HAVE_INTTYPES_H
| # include <inttypes.h>
| #endif
| #ifdef HAVE_STDINT_H
| # include <stdint.h>
| #endif
| #ifdef HAVE_STRINGS_H
| # include <strings.h>
| #endif
| #ifdef HAVE_SYS_TYPES_H
| # include <sys/types.h>
| #endif
| #ifdef HAVE_SYS_STAT_H
| # include <sys/stat.h>
| #endif
| #ifdef HAVE_UNISTD_H
| # include <unistd.h>
| #endif
| int
| main (void)
| {
| static struct stat ac_aggr;
| if (sizeof ac_aggr.st_flags)
| return 0;
|   ;
|   return 0;
| }
configure:22921: result: no
configure:22930: checking for struct stat.st_gen
configure:22930: gcc -c   conftest.c >&5
conftest.c: In function 'main':
conftest.c:450:13: error: 'struct stat' has no member named 'st_gen'; did you mean 'st_dev'?
  450 | if (ac_aggr.st_gen)
      |             ^~~~~~
      |             st_dev
configure:22930: $? = 1
configure: failed program was:
| /* confdefs.h */
| #define _NETBSD_SOURCE 1
| #define __BSD_VISIBLE 1
| #define _DARWIN_C_SOURCE 1
| #define _PYTHONFRAMEWORK ""
| #define _XOPEN_SOURCE 700
| #define _XOPEN_SOURCE_EXTENDED 1
| #define _POSIX_C_SOURCE 200809L
| #define HAVE_STDIO_H 1
| #define HAVE_STDLIB_H 1
| #define HAVE_STRING_H 1
| #define HAVE_INTTYPES_H 1
| #define HAVE_STDINT_H 1
| #define HAVE_STRINGS_H 1
| #define HAVE_SYS_STAT_H 1
| #define HAVE_SYS_TYPES_H 1
| #define HAVE_UNISTD_H 1
| #define HAVE_WCHAR_H 1
| #define STDC_HEADERS 1
| #define _ALL_SOURCE 1
| #define _DARWIN_C_SOURCE 1
| #define _GNU_SOURCE 1
| #define _HPUX_ALT_XOPEN_SOCKET_API 1
| #define _NETBSD_SOURCE 1
| #define _OPENBSD_SOURCE 1
| #define _POSIX_PTHREAD_SEMANTICS 1
| #define __STDC_WANT_IEC_60559_ATTRIBS_EXT__ 1
| #define __STDC_WANT_IEC_60559_BFP_EXT__ 1
| #define __STDC_WANT_IEC_60559_DFP_EXT__ 1
| #define __STDC_WANT_IEC_60559_FUNCS_EXT__ 1
| #define __STDC_WANT_IEC_60559_TYPES_EXT__ 1
| #define __STDC_WANT_LIB_EXT2__ 1
| #define __STDC_WANT_MATH_SPEC_FUNCS__ 1
| #define _TANDEM_SOURCE 1
| #define __EXTENSIONS__ 1
| #define PY_SUPPORT_TIER 1
| #define Py_ENABLE_SHARED 1
| #define STDC_HEADERS 1
| #define HAVE_ALLOCA_H 1
| #define HAVE_ASM_TYPES_H 1
| #define HAVE_DLFCN_H 1
| #define HAVE_ENDIAN_H 1
| #define HAVE_ERRNO_H 1
| #define HAVE_FCNTL_H 1
| #define HAVE_GRP_H 1
| #define HAVE_LANGINFO_H 1
| #define HAVE_LIBINTL_H 1
| #define HAVE_LINUX_AUXVEC_H 1
| #define HAVE_SYS_AUXV_H 1
| #define HAVE_LINUX_FS_H 1
| #define HAVE_LINUX_LIMITS_H 1
| #define HAVE_LINUX_MEMFD_H 1
| #define HAVE_LINUX_RANDOM_H 1
| #define HAVE_LINUX_SOUNDCARD_H 1
| #define HAVE_LINUX_TIPC_H 1
| #define HAVE_LINUX_WAIT_H 1
| #define HAVE_NETDB_H 1
| #define HAVE_NET_ETHERNET_H 1
| #define HAVE_NETINET_IN_H 1
| #define HAVE_NETPACKET_PACKET_H 1
| #define HAVE_POLL_H 1
| #define HAVE_PTHREAD_H 1
| #define HAVE_PTY_H 1
| #define HAVE_SCHED_H 1
| #define HAVE_SETJMP_H 1
| #define HAVE_SHADOW_H 1
| #define HAVE_SIGNAL_H 1
| #define HAVE_SPAWN_H 1
| #define HAVE_SYS_EPOLL_H 1
| #define HAVE_SYS_EVENTFD_H 1
| #define HAVE_SYS_FILE_H 1
| #define HAVE_SYS_IOCTL_H 1
| #define HAVE_SYS_MMAN_H 1
| #define HAVE_SYS_PARAM_H 1
| #define HAVE_SYS_POLL_H 1
| #define HAVE_SYS_RANDOM_H 1
| #define HAVE_SYS_RESOURCE_H 1
| #define HAVE_SYS_SELECT_H 1
| #define HAVE_SYS_SENDFILE_H 1
| #define HAVE_SYS_SOCKET_H 1
| #define HAVE_SYS_SOUNDCARD_H 1
| #define HAVE_SYS_STAT_H 1
| #define HAVE_SYS_STATVFS_H 1
| #define HAVE_SYS_SYSCALL_H 1
| #define HAVE_SYS_SYSMACROS_H 1
| #define HAVE_SYS_TIME_H 1
| #define HAVE_SYS_TIMES_H 1
| #define HAVE_SYS_TIMERFD_H 1
| #define HAVE_SYS_TYPES_H 1
| #define HAVE_SYS_UIO_H 1
| #define HAVE_SYS_UN_H 1
| #define HAVE_SYS_UTSNAME_H 1
| #define HAVE_SYS_WAIT_H 1
| #define HAVE_SYS_XATTR_H 1
| #define HAVE_SYSEXITS_H 1
| #define HAVE_SYSLOG_H 1
| #define HAVE_TERMIOS_H 1
| #define HAVE_UTIME_H 1
| #define HAVE_UTMP_H 1
| #define HAVE_DIRENT_H 1
| #define MAJOR_IN_SYSMACROS 1
| #define HAVE_NET_IF_H 1
| #define HAVE_LINUX_NETLINK_H 1
| #define HAVE_LINUX_QRTR_H 1
| #define HAVE_LINUX_VM_SOCKETS_H 1
| #define HAVE_LINUX_CAN_H 1
| #define HAVE_LINUX_CAN_BCM_H 1
| #define HAVE_LINUX_CAN_J1939_H 1
| #define HAVE_LINUX_CAN_RAW_H 1
| #define HAVE_CLOCK_T 1
| #define HAVE_MAKEDEV 1
| #define HAVE_HTOLE64 1
| #define _LARGEFILE_SOURCE 1
| #define _FILE_OFFSET_BITS 64
| #if defined(SCO_DS)
| #undef _OFF_T
| #endif
| #define RETSIGTYPE void
| #define HAVE_SSIZE_T 1
| #define HAVE___UINT128_T 1
| #define HAVE_GCC_UINT128_T 1
| #define SIZEOF_INT 4
| #define SIZEOF_LONG 8
| #define ALIGNOF_LONG 8
| #define SIZEOF_LONG_LONG 8
| #define SIZEOF_VOID_P 8
| #define SIZEOF_SHORT 2
| #define SIZEOF_FLOAT 4
| #define SIZEOF_DOUBLE 8
| #define SIZEOF_FPOS_T 16
| #define SIZEOF_SIZE_T 8
| #define ALIGNOF_SIZE_T 8
| #define SIZEOF_PID_T 4
| #define SIZEOF_UINTPTR_T 8
| #define ALIGNOF_MAX_ALIGN_T 16
| #define HAVE_LONG_DOUBLE 1
| #define SIZEOF_LONG_DOUBLE 16
| #define SIZEOF__BOOL 1
| #define SIZEOF_OFF_T 8
| #define SIZEOF_TIME_T 8
| #define SIZEOF_PTHREAD_T 8
| #define SIZEOF_PTHREAD_KEY_T 4
| #define PTHREAD_KEY_T_IS_COMPATIBLE_WITH_INT 1
| #define PY_HAVE_PERF_TRAMPOLINE 1
| #define HAVE_LIBDL 1
| #define HAVE_UUID_UUID_H 1
| #define HAVE_UUID_UUID_H 1
| #define HAVE_FFI_PREP_CIF_VAR 1
| #define HAVE_FFI_PREP_CLOSURE_LOC 1
| #define HAVE_FFI_CLOSURE_ALLOC 1
| #define WITH_DECIMAL_CONTEXTVAR 1
| #define _REENTRANT 1
| #define PTHREAD_SYSTEM_SCHED_SUPPORTED 1
| #define HAVE_PTHREAD_SIGMASK 1
| #define HAVE_PTHREAD_GETCPUCLOCKID 1
| #define ENABLE_IPV6 1
| #define HAVE_LINUX_CAN_RAW_FD_FRAMES 1
| #define HAVE_LINUX_CAN_RAW_JOIN_FILTERS 1
| #define WITH_DOC_STRINGS 1
| #define HAVE_STD_ATOMIC 1
| #define HAVE_BUILTIN_ATOMIC 1
| #define WITH_MIMALLOC 1
| #define WITH_PYMALLOC 1
| #define WITH_FREELISTS 1
| #define PY_COERCE_C_LOCALE 1
| #define HAVE_DLOPEN 1
| #define HAVE_DYNAMIC_LOADING 1
| #define HAVE_ACCEPT4 1
| #define HAVE_ALARM 1
| #define HAVE_BIND_TEXTDOMAIN_CODESET 1
| #define HAVE_CHMOD 1
| #define HAVE_CHOWN 1
| #define HAVE_CLOCK 1
| #define HAVE_CLOSEFROM 1
| #define HAVE_CLOSE_RANGE 1
| #define HAVE_CONFSTR 1
| #define HAVE_COPY_FILE_RANGE 1
| #define HAVE_CTERMID 1
| #define HAVE_DUP 1
| #define HAVE_DUP3 1
| #define HAVE_EXECV 1
| #define HAVE_EXPLICIT_BZERO 1
| #define HAVE_FACCESSAT 1
| #define HAVE_FCHMOD 1
| #define HAVE_FCHMODAT 1
| #define HAVE_FCHOWN 1
| #define HAVE_FCHOWNAT 1
| #define HAVE_FDOPENDIR 1
| #define HAVE_FEXECVE 1
| #define HAVE_FORK 1
| #define HAVE_FPATHCONF 1
| #define HAVE_FSTATAT 1
| #define HAVE_FTIME 1
| #define HAVE_FTRUNCATE 1
| #define HAVE_FUTIMENS 1
| #define HAVE_FUTIMES 1
| #define HAVE_FUTIMESAT 1
| #define HAVE_GAI_STRERROR 1
| #define HAVE_GETEGID 1
| #define HAVE_GETEUID 1
| #define HAVE_GETGID 1
| #define HAVE_GETGRENT 1
| #define HAVE_GETGRGID 1
| #define HAVE_GETGRGID_R 1
| #define HAVE_GETGRNAM_R 1
| #define HAVE_GETGROUPLIST 1
| #define HAVE_GETHOSTNAME 1
| #define HAVE_GETITIMER 1
| #define HAVE_GETLOADAVG 1
| #define HAVE_GETLOGIN 1
| #define HAVE_GETPEERNAME 1
| #define HAVE_GETPGID 1
| #define HAVE_GETPID 1
| #define HAVE_GETPPID 1
| #define HAVE_GETPRIORITY 1
| #define HAVE_GETPWENT 1
| #define HAVE_GETPWNAM_R 1
| #define HAVE_GETPWUID 1
| #define HAVE_GETPWUID_R 1
| #define HAVE_GETRESGID 1
| #define HAVE_GETRESUID 1
| #define HAVE_GETRUSAGE 1
| #define HAVE_GETSID 1
| #define HAVE_GETSPENT 1
| #define HAVE_GETSPNAM 1
| #define HAVE_GETUID 1
| #define HAVE_GETWD 1
| #define HAVE_GRANTPT 1
| #define HAVE_IF_NAMEINDEX 1
| #define HAVE_INITGROUPS 1
| #define HAVE_KILL 1
| #define HAVE_KILLPG 1
| #define HAVE_LCHOWN 1
| #define HAVE_LINKAT 1
| #define HAVE_LOCKF 1
| #define HAVE_LSTAT 1
| #define HAVE_LUTIMES 1
| #define HAVE_MADVISE 1
| #define HAVE_MBRTOWC 1
| #define HAVE_MEMRCHR 1
| #define HAVE_MKDIRAT 1
| #define HAVE_MKFIFO 1
| #define HAVE_MKFIFOAT 1
| #define HAVE_MKNOD 1
| #define HAVE_MKNODAT 1
| #define HAVE_MKTIME 1
| #define HAVE_MMAP 1
| #define HAVE_MREMAP 1
| #define HAVE_NICE 1
| #define HAVE_OPENAT 1
| #define HAVE_OPENDIR 1
| #define HAVE_PATHCONF 1
| #define HAVE_PAUSE 1
| #define HAVE_PIPE 1
| #define HAVE_PIPE2 1
| #define HAVE_POLL 1
| #define HAVE_POSIX_FADVISE 1
| #define HAVE_POSIX_FALLOCATE 1
| #define HAVE_POSIX_OPENPT 1
| #define HAVE_POSIX_SPAWN 1
| #define HAVE_POSIX_SPAWNP 1
| #define HAVE_POSIX_SPAWN_FILE_ACTIONS_ADDCLOSEFROM_NP 1
| #define HAVE_PREAD 1
| #define HAVE_PREADV 1
| #define HAVE_PREADV2 1
| #define HAVE_PROCESS_VM_READV 1
| #define HAVE_PTHREAD_CONDATTR_SETCLOCK 1
| #define HAVE_PTHREAD_KILL 1
| #define HAVE_PTSNAME 1
| #define HAVE_PTSNAME_R 1
| #define HAVE_PWRITE 1
| #define HAVE_PWRITEV 1
| #define HAVE_PWRITEV2 1
| #define HAVE_READLINK 1
| #define HAVE_READLINKAT 1
| #define HAVE_READV 1
| #define HAVE_REALPATH 1
| #define HAVE_RENAMEAT 1
| #define HAVE_SCHED_GET_PRIORITY_MAX 1
| #define HAVE_SCHED_RR_GET_INTERVAL 1
| #define HAVE_SCHED_SETAFFINITY 1
| #define HAVE_SCHED_SETPARAM 1
| #define HAVE_SCHED_SETSCHEDULER 1
| #define HAVE_SEM_CLOCKWAIT 1
| #define HAVE_SEM_GETVALUE 1
| #define HAVE_SEM_OPEN 1
| #define HAVE_SEM_TIMEDWAIT 1
| #define HAVE_SEM_UNLINK 1
| #define HAVE_SENDFILE 1
| #define HAVE_SETEGID 1
| #define HAVE_SETEUID 1
| #define HAVE_SETGID 1
| #define HAVE_SETHOSTNAME 1
| #define HAVE_SETITIMER 1
| #define HAVE_SETLOCALE 1
| #define HAVE_SETPGID 1
| #define HAVE_SETPGRP 1
| #define HAVE_SETPRIORITY 1
| #define HAVE_SETREGID 1
| #define HAVE_SETRESGID 1
| #define HAVE_SETRESUID 1
| #define HAVE_SETREUID 1
| #define HAVE_SETSID 1
| #define HAVE_SETUID 1
| #define HAVE_SETVBUF 1
| #define HAVE_SHUTDOWN 1
| #define HAVE_SIGACTION 1
| #define HAVE_SIGALTSTACK 1
| #define HAVE_SIGFILLSET 1
| #define HAVE_SIGINTERRUPT 1
| #define HAVE_SIGPENDING 1
| #define HAVE_SIGRELSE 1
| #define HAVE_SIGTIMEDWAIT 1
| #define HAVE_SIGWAIT 1
| #define HAVE_SIGWAITINFO 1
| #define HAVE_SNPRINTF 1
| #define HAVE_SPLICE 1
| #define HAVE_STRFTIME 1
| #define HAVE_STRLCPY 1
| #define HAVE_STRSIGNAL 1
| #define HAVE_SYMLINKAT 1
| #define HAVE_SYNC 1
| #define HAVE_SYSCONF 1
| #define HAVE_TCGETPGRP 1
| #define HAVE_TCSETPGRP 1
| #define HAVE_TEMPNAM 1
| #define HAVE_TIMEGM 1
| #define HAVE_TIMES 1
| #define HAVE_TMPFILE 1
| #define HAVE_TMPNAM 1
| #define HAVE_TMPNAM_R 1
| #define HAVE_TRUNCATE 1
| #define HAVE_TTYNAME 1
| #define HAVE_UMASK 1
| #define HAVE_UNAME 1
| #define HAVE_UNLINKAT 1
| #define HAVE_UNLOCKPT 1
| #define HAVE_UTIMENSAT 1
| #define HAVE_UTIMES 1
| #define HAVE_VFORK 1
| #define HAVE_WAIT 1
| #define HAVE_WAIT3 1
| #define HAVE_WAIT4 1
| #define HAVE_WAITID 1
| #define HAVE_WAITPID 1
| #define HAVE_WCSCOLL 1
| #define HAVE_WCSFTIME 1
| #define HAVE_WCSXFRM 1
| #define HAVE_WMEMCMP 1
| #define HAVE_WRITEV 1
| #define HAVE_GETENTROPY 1
| #define HAVE_GETGROUPS 1
| #define HAVE_SYSTEM 1
| #define HAVE_DIRFD 1
| #define HAVE_CHROOT 1
| #define HAVE_LINK 1
| #define HAVE_SYMLINK 1
| #define HAVE_FCHDIR 1
| #define HAVE_FSYNC 1
| #define HAVE_FDATASYNC 1
| #define HAVE_EPOLL 1
| #define HAVE_EPOLL_CREATE1 1
| #define HAVE_PRLIMIT 1
| #define HAVE_MEMFD_CREATE 1
| #define HAVE_EVENTFD 1
| #define HAVE_TIMERFD_CREATE 1
| #define HAVE_FLOCK 1
| #define HAVE_GETPAGESIZE 1
| #define HAVE_ZLIB_H 1
| #define HAVE_BZLIB_H 1
| #define HAVE_LZMA_H 1
| #define HAVE_HSTRERROR 1
| #define HAVE_GETSERVBYNAME 1
| #define HAVE_GETSERVBYPORT 1
| #define HAVE_GETHOSTBYNAME 1
| #define HAVE_GETHOSTBYADDR 1
| #define HAVE_GETPROTOBYNAME 1
| #define HAVE_INET_ATON 1
| #define HAVE_INET_NTOA 1
| #define HAVE_INET_PTON 1
| #define HAVE_GETPEERNAME 1
| #define HAVE_GETSOCKNAME 1
| #define HAVE_ACCEPT 1
| #define HAVE_BIND 1
| #define HAVE_CONNECT 1
| #define HAVE_LISTEN 1
| #define HAVE_RECVFROM 1
| #define HAVE_SENDTO 1
| #define HAVE_SETSOCKOPT 1
| #define HAVE_SOCKET 1
| #define HAVE_SETGROUPS 1
| #define HAVE_OPENPTY 1
| #define HAVE_LOGIN_TTY 1
| #define HAVE_FORKPTY 1
| #define HAVE_FSEEKO 1
| #define HAVE_FSTATVFS 1
| #define HAVE_FTELLO 1
| #define HAVE_STATVFS 1
| #define HAVE_DUP2 1
| #define HAVE_GETPGRP 1
| #define HAVE_SETPGRP 1
| #define HAVE_SETNS 1
| #define HAVE_UNSHARE 1
| #define HAVE_CLOCK_GETTIME 1
| #define HAVE_CLOCK_GETRES 1
| #define HAVE_CLOCK_SETTIME 1
| #define HAVE_CLOCK_NANOSLEEP 1
| #define HAVE_NANOSLEEP 1
| #define HAVE_DEVICE_MACROS 1
| #define SYS_SELECT_WITH_SYS_TIME 1
| #define HAVE_GETADDRINFO 1
| #define HAVE_GETNAMEINFO 1
| #define HAVE_STRUCT_TM_TM_ZONE 1
| #define HAVE_TM_ZONE 1
| #define HAVE_STRUCT_STAT_ST_RDEV 1
| #define HAVE_STRUCT_STAT_ST_BLKSIZE 1
| /* end confdefs.h.  */
| #include <stddef.h>
| #ifdef HAVE_STDIO_H
| # include <stdio.h>
| #endif
| #ifdef HAVE_STDLIB_H
| # include <stdlib.h>
| #endif
| #ifdef HAVE_STRING_H
| # include <string.h>
| #endif
| #ifdef HAVE_INTTYPES_H
| # include <inttypes.h>
| #endif
| #ifdef HAVE_STDINT_H
| # include <stdint.h>
| #endif
| #ifdef HAVE_STRINGS_H
| # include <strings.h>
| #endif
| #ifdef HAVE_SYS_TYPES_H
| # include <sys/types.h>
| #endif
| #ifdef HAVE_SYS_STAT_H
| # include <sys/stat.h>
| #endif
| #ifdef HAVE_UNISTD_H
| # include <unistd.h>
| #endif
| int
| main (void)
| {
| static struct stat ac_aggr;
| if (ac_aggr.st_gen)
| return 0;
|   ;
|   return 0;
| }
configure:22930: gcc -c   conftest.c >&5
conftest.c: In function 'main':
conftest.c:450:20: error: 'struct stat' has no member named 'st_gen'; did you mean 'st_dev'?
  450 | if (sizeof ac_aggr.st_gen)
      |                    ^~~~~~
      |                    st_dev
configure:22930: $? = 1
configure: failed program was:
| /* confdefs.h */
| #define _NETBSD_SOURCE 1
| #define __BSD_VISIBLE 1
| #define _DARWIN_C_SOURCE 1
| #define _PYTHONFRAMEWORK ""
| #define _XOPEN_SOURCE 700
| #define _XOPEN_SOURCE_EXTENDED 1
| #define _POSIX_C_SOURCE 200809L
| #define HAVE_STDIO_H 1
| #define HAVE_STDLIB_H 1
| #define HAVE_STRING_H 1
| #define HAVE_INTTYPES_H 1
| #define HAVE_STDINT_H 1
| #define HAVE_STRINGS_H 1
| #define HAVE_SYS_STAT_H 1
| #define HAVE_SYS_TYPES_H 1
| #define HAVE_UNISTD_H 1
| #define HAVE_WCHAR_H 1
| #define STDC_HEADERS 1
| #define _ALL_SOURCE 1
| #define _DARWIN_C_SOURCE 1
| #define _GNU_SOURCE 1
| #define _HPUX_ALT_XOPEN_SOCKET_API 1
| #define _NETBSD_SOURCE 1
| #define _OPENBSD_SOURCE 1
| #define _POSIX_PTHREAD_SEMANTICS 1
| #define __STDC_WANT_IEC_60559_ATTRIBS_EXT__ 1
| #define __STDC_WANT_IEC_60559_BFP_EXT__ 1
| #define __STDC_WANT_IEC_60559_DFP_EXT__ 1
| #define __STDC_WANT_IEC_60559_FUNCS_EXT__ 1
| #define __STDC_WANT_IEC_60559_TYPES_EXT__ 1
| #define __STDC_WANT_LIB_EXT2__ 1
| #define __STDC_WANT_MATH_SPEC_FUNCS__ 1
| #define _TANDEM_SOURCE 1
| #define __EXTENSIONS__ 1
| #define PY_SUPPORT_TIER 1
| #define Py_ENABLE_SHARED 1
| #define STDC_HEADERS 1
| #define HAVE_ALLOCA_H 1
| #define HAVE_ASM_TYPES_H 1
| #define HAVE_DLFCN_H 1
| #define HAVE_ENDIAN_H 1
| #define HAVE_ERRNO_H 1
| #define HAVE_FCNTL_H 1
| #define HAVE_GRP_H 1
| #define HAVE_LANGINFO_H 1
| #define HAVE_LIBINTL_H 1
| #define HAVE_LINUX_AUXVEC_H 1
| #define HAVE_SYS_AUXV_H 1
| #define HAVE_LINUX_FS_H 1
| #define HAVE_LINUX_LIMITS_H 1
| #define HAVE_LINUX_MEMFD_H 1
| #define HAVE_LINUX_RANDOM_H 1
| #define HAVE_LINUX_SOUNDCARD_H 1
| #define HAVE_LINUX_TIPC_H 1
| #define HAVE_LINUX_WAIT_H 1
| #define HAVE_NETDB_H 1
| #define HAVE_NET_ETHERNET_H 1
| #define HAVE_NETINET_IN_H 1
| #define HAVE_NETPACKET_PACKET_H 1
| #define HAVE_POLL_H 1
| #define HAVE_PTHREAD_H 1
| #define HAVE_PTY_H 1
| #define HAVE_SCHED_H 1
| #define HAVE_SETJMP_H 1
| #define HAVE_SHADOW_H 1
| #define HAVE_SIGNAL_H 1
| #define HAVE_SPAWN_H 1
| #define HAVE_SYS_EPOLL_H 1
| #define HAVE_SYS_EVENTFD_H 1
| #define HAVE_SYS_FILE_H 1
| #define HAVE_SYS_IOCTL_H 1
| #define HAVE_SYS_MMAN_H 1
| #define HAVE_SYS_PARAM_H 1
| #define HAVE_SYS_POLL_H 1
| #define HAVE_SYS_RANDOM_H 1
| #define HAVE_SYS_RESOURCE_H 1
| #define HAVE_SYS_SELECT_H 1
| #define HAVE_SYS_SENDFILE_H 1
| #define HAVE_SYS_SOCKET_H 1
| #define HAVE_SYS_SOUNDCARD_H 1
| #define HAVE_SYS_STAT_H 1
| #define HAVE_SYS_STATVFS_H 1
| #define HAVE_SYS_SYSCALL_H 1
| #define HAVE_SYS_SYSMACROS_H 1
| #define HAVE_SYS_TIME_H 1
| #define HAVE_SYS_TIMES_H 1
| #define HAVE_SYS_TIMERFD_H 1
| #define HAVE_SYS_TYPES_H 1
| #define HAVE_SYS_UIO_H 1
| #define HAVE_SYS_UN_H 1
| #define HAVE_SYS_UTSNAME_H 1
| #define HAVE_SYS_WAIT_H 1
| #define HAVE_SYS_XATTR_H 1
| #define HAVE_SYSEXITS_H 1
| #define HAVE_SYSLOG_H 1
| #define HAVE_TERMIOS_H 1
| #define HAVE_UTIME_H 1
| #define HAVE_UTMP_H 1
| #define HAVE_DIRENT_H 1
| #define MAJOR_IN_SYSMACROS 1
| #define HAVE_NET_IF_H 1
| #define HAVE_LINUX_NETLINK_H 1
| #define HAVE_LINUX_QRTR_H 1
| #define HAVE_LINUX_VM_SOCKETS_H 1
| #define HAVE_LINUX_CAN_H 1
| #define HAVE_LINUX_CAN_BCM_H 1
| #define HAVE_LINUX_CAN_J1939_H 1
| #define HAVE_LINUX_CAN_RAW_H 1
| #define HAVE_CLOCK_T 1
| #define HAVE_MAKEDEV 1
| #define HAVE_HTOLE64 1
| #define _LARGEFILE_SOURCE 1
| #define _FILE_OFFSET_BITS 64
| #if defined(SCO_DS)
| #undef _OFF_T
| #endif
| #define RETSIGTYPE void
| #define HAVE_SSIZE_T 1
| #define HAVE___UINT128_T 1
| #define HAVE_GCC_UINT128_T 1
| #define SIZEOF_INT 4
| #define SIZEOF_LONG 8
| #define ALIGNOF_LONG 8
| #define SIZEOF_LONG_LONG 8
| #define SIZEOF_VOID_P 8
| #define SIZEOF_SHORT 2
| #define SIZEOF_FLOAT 4
| #define SIZEOF_DOUBLE 8
| #define SIZEOF_FPOS_T 16
| #define SIZEOF_SIZE_T 8
| #define ALIGNOF_SIZE_T 8
| #define SIZEOF_PID_T 4
| #define SIZEOF_UINTPTR_T 8
| #define ALIGNOF_MAX_ALIGN_T 16
| #define HAVE_LONG_DOUBLE 1
| #define SIZEOF_LONG_DOUBLE 16
| #define SIZEOF__BOOL 1
| #define SIZEOF_OFF_T 8
| #define SIZEOF_TIME_T 8
| #define SIZEOF_PTHREAD_T 8
| #define SIZEOF_PTHREAD_KEY_T 4
| #define PTHREAD_KEY_T_IS_COMPATIBLE_WITH_INT 1
| #define PY_HAVE_PERF_TRAMPOLINE 1
| #define HAVE_LIBDL 1
| #define HAVE_UUID_UUID_H 1
| #define HAVE_UUID_UUID_H 1
| #define HAVE_FFI_PREP_CIF_VAR 1
| #define HAVE_FFI_PREP_CLOSURE_LOC 1
| #define HAVE_FFI_CLOSURE_ALLOC 1
| #define WITH_DECIMAL_CONTEXTVAR 1
| #define _REENTRANT 1
| #define PTHREAD_SYSTEM_SCHED_SUPPORTED 1
| #define HAVE_PTHREAD_SIGMASK 1
| #define HAVE_PTHREAD_GETCPUCLOCKID 1
| #define ENABLE_IPV6 1
| #define HAVE_LINUX_CAN_RAW_FD_FRAMES 1
| #define HAVE_LINUX_CAN_RAW_JOIN_FILTERS 1
| #define WITH_DOC_STRINGS 1
| #define HAVE_STD_ATOMIC 1
| #define HAVE_BUILTIN_ATOMIC 1
| #define WITH_MIMALLOC 1
| #define WITH_PYMALLOC 1
| #define WITH_FREELISTS 1
| #define PY_COERCE_C_LOCALE 1
| #define HAVE_DLOPEN 1
| #define HAVE_DYNAMIC_LOADING 1
| #define HAVE_ACCEPT4 1
| #define HAVE_ALARM 1
| #define HAVE_BIND_TEXTDOMAIN_CODESET 1
| #define HAVE_CHMOD 1
| #define HAVE_CHOWN 1
| #define HAVE_CLOCK 1
| #define HAVE_CLOSEFROM 1
| #define HAVE_CLOSE_RANGE 1
| #define HAVE_CONFSTR 1
| #define HAVE_COPY_FILE_RANGE 1
| #define HAVE_CTERMID 1
| #define HAVE_DUP 1
| #define HAVE_DUP3 1
| #define HAVE_EXECV 1
| #define HAVE_EXPLICIT_BZERO 1
| #define HAVE_FACCESSAT 1
| #define HAVE_FCHMOD 1
| #define HAVE_FCHMODAT 1
| #define HAVE_FCHOWN 1
| #define HAVE_FCHOWNAT 1
| #define HAVE_FDOPENDIR 1
| #define HAVE_FEXECVE 1
| #define HAVE_FORK 1
| #define HAVE_FPATHCONF 1
| #define HAVE_FSTATAT 1
| #define HAVE_FTIME 1
| #define HAVE_FTRUNCATE 1
| #define HAVE_FUTIMENS 1
| #define HAVE_FUTIMES 1
| #define HAVE_FUTIMESAT 1
| #define HAVE_GAI_STRERROR 1
| #define HAVE_GETEGID 1
| #define HAVE_GETEUID 1
| #define HAVE_GETGID 1
| #define HAVE_GETGRENT 1
| #define HAVE_GETGRGID 1
| #define HAVE_GETGRGID_R 1
| #define HAVE_GETGRNAM_R 1
| #define HAVE_GETGROUPLIST 1
| #define HAVE_GETHOSTNAME 1
| #define HAVE_GETITIMER 1
| #define HAVE_GETLOADAVG 1
| #define HAVE_GETLOGIN 1
| #define HAVE_GETPEERNAME 1
| #define HAVE_GETPGID 1
| #define HAVE_GETPID 1
| #define HAVE_GETPPID 1
| #define HAVE_GETPRIORITY 1
| #define HAVE_GETPWENT 1
| #define HAVE_GETPWNAM_R 1
| #define HAVE_GETPWUID 1
| #define HAVE_GETPWUID_R 1
| #define HAVE_GETRESGID 1
| #define HAVE_GETRESUID 1
| #define HAVE_GETRUSAGE 1
| #define HAVE_GETSID 1
| #define HAVE_GETSPENT 1
| #define HAVE_GETSPNAM 1
| #define HAVE_GETUID 1
| #define HAVE_GETWD 1
| #define HAVE_GRANTPT 1
| #define HAVE_IF_NAMEINDEX 1
| #define HAVE_INITGROUPS 1
| #define HAVE_KILL 1
| #define HAVE_KILLPG 1
| #define HAVE_LCHOWN 1
| #define HAVE_LINKAT 1
| #define HAVE_LOCKF 1
| #define HAVE_LSTAT 1
| #define HAVE_LUTIMES 1
| #define HAVE_MADVISE 1
| #define HAVE_MBRTOWC 1
| #define HAVE_MEMRCHR 1
| #define HAVE_MKDIRAT 1
| #define HAVE_MKFIFO 1
| #define HAVE_MKFIFOAT 1
| #define HAVE_MKNOD 1
| #define HAVE_MKNODAT 1
| #define HAVE_MKTIME 1
| #define HAVE_MMAP 1
| #define HAVE_MREMAP 1
| #define HAVE_NICE 1
| #define HAVE_OPENAT 1
| #define HAVE_OPENDIR 1
| #define HAVE_PATHCONF 1
| #define HAVE_PAUSE 1
| #define HAVE_PIPE 1
| #define HAVE_PIPE2 1
| #define HAVE_POLL 1
| #define HAVE_POSIX_FADVISE 1
| #define HAVE_POSIX_FALLOCATE 1
| #define HAVE_POSIX_OPENPT 1
| #define HAVE_POSIX_SPAWN 1
| #define HAVE_POSIX_SPAWNP 1
| #define HAVE_POSIX_SPAWN_FILE_ACTIONS_ADDCLOSEFROM_NP 1
| #define HAVE_PREAD 1
| #define HAVE_PREADV 1
| #define HAVE_PREADV2 1
| #define HAVE_PROCESS_VM_READV 1
| #define HAVE_PTHREAD_CONDATTR_SETCLOCK 1
| #define HAVE_PTHREAD_KILL 1
| #define HAVE_PTSNAME 1
| #define HAVE_PTSNAME_R 1
| #define HAVE_PWRITE 1
| #define HAVE_PWRITEV 1
| #define HAVE_PWRITEV2 1
| #define HAVE_READLINK 1
| #define HAVE_READLINKAT 1
| #define HAVE_READV 1
| #define HAVE_REALPATH 1
| #define HAVE_RENAMEAT 1
| #define HAVE_SCHED_GET_PRIORITY_MAX 1
| #define HAVE_SCHED_RR_GET_INTERVAL 1
| #define HAVE_SCHED_SETAFFINITY 1
| #define HAVE_SCHED_SETPARAM 1
| #define HAVE_SCHED_SETSCHEDULER 1
| #define HAVE_SEM_CLOCKWAIT 1
| #define HAVE_SEM_GETVALUE 1
| #define HAVE_SEM_OPEN 1
| #define HAVE_SEM_TIMEDWAIT 1
| #define HAVE_SEM_UNLINK 1
| #define HAVE_SENDFILE 1
| #define HAVE_SETEGID 1
| #define HAVE_SETEUID 1
| #define HAVE_SETGID 1
| #define HAVE_SETHOSTNAME 1
| #define HAVE_SETITIMER 1
| #define HAVE_SETLOCALE 1
| #define HAVE_SETPGID 1
| #define HAVE_SETPGRP 1
| #define HAVE_SETPRIORITY 1
| #define HAVE_SETREGID 1
| #define HAVE_SETRESGID 1
| #define HAVE_SETRESUID 1
| #define HAVE_SETREUID 1
| #define HAVE_SETSID 1
| #define HAVE_SETUID 1
| #define HAVE_SETVBUF 1
| #define HAVE_SHUTDOWN 1
| #define HAVE_SIGACTION 1
| #define HAVE_SIGALTSTACK 1
| #define HAVE_SIGFILLSET 1
| #define HAVE_SIGINTERRUPT 1
| #define HAVE_SIGPENDING 1
| #define HAVE_SIGRELSE 1
| #define HAVE_SIGTIMEDWAIT 1
| #define HAVE_SIGWAIT 1
| #define HAVE_SIGWAITINFO 1
| #define HAVE_SNPRINTF 1
| #define HAVE_SPLICE 1
| #define HAVE_STRFTIME 1
| #define HAVE_STRLCPY 1
| #define HAVE_STRSIGNAL 1
| #define HAVE_SYMLINKAT 1
| #define HAVE_SYNC 1
| #define HAVE_SYSCONF 1
| #define HAVE_TCGETPGRP 1
| #define HAVE_TCSETPGRP 1
| #define HAVE_TEMPNAM 1
| #define HAVE_TIMEGM 1
| #define HAVE_TIMES 1
| #define HAVE_TMPFILE 1
| #define HAVE_TMPNAM 1
| #define HAVE_TMPNAM_R 1
| #define HAVE_TRUNCATE 1
| #define HAVE_TTYNAME 1
| #define HAVE_UMASK 1
| #define HAVE_UNAME 1
| #define HAVE_UNLINKAT 1
| #define HAVE_UNLOCKPT 1
| #define HAVE_UTIMENSAT 1
| #define HAVE_UTIMES 1
| #define HAVE_VFORK 1
| #define HAVE_WAIT 1
| #define HAVE_WAIT3 1
| #define HAVE_WAIT4 1
| #define HAVE_WAITID 1
| #define HAVE_WAITPID 1
| #define HAVE_WCSCOLL 1
| #define HAVE_WCSFTIME 1
| #define HAVE_WCSXFRM 1
| #define HAVE_WMEMCMP 1
| #define HAVE_WRITEV 1
| #define HAVE_GETENTROPY 1
| #define HAVE_GETGROUPS 1
| #define HAVE_SYSTEM 1
| #define HAVE_DIRFD 1
| #define HAVE_CHROOT 1
| #define HAVE_LINK 1
| #define HAVE_SYMLINK 1
| #define HAVE_FCHDIR 1
| #define HAVE_FSYNC 1
| #define HAVE_FDATASYNC 1
| #define HAVE_EPOLL 1
| #define HAVE_EPOLL_CREATE1 1
| #define HAVE_PRLIMIT 1
| #define HAVE_MEMFD_CREATE 1
| #define HAVE_EVENTFD 1
| #define HAVE_TIMERFD_CREATE 1
| #define HAVE_FLOCK 1
| #define HAVE_GETPAGESIZE 1
| #define HAVE_ZLIB_H 1
| #define HAVE_BZLIB_H 1
| #define HAVE_LZMA_H 1
| #define HAVE_HSTRERROR 1
| #define HAVE_GETSERVBYNAME 1
| #define HAVE_GETSERVBYPORT 1
| #define HAVE_GETHOSTBYNAME 1
| #define HAVE_GETHOSTBYADDR 1
| #define HAVE_GETPROTOBYNAME 1
| #define HAVE_INET_ATON 1
| #define HAVE_INET_NTOA 1
| #define HAVE_INET_PTON 1
| #define HAVE_GETPEERNAME 1
| #define HAVE_GETSOCKNAME 1
| #define HAVE_ACCEPT 1
| #define HAVE_BIND 1
| #define HAVE_CONNECT 1
| #define HAVE_LISTEN 1
| #define HAVE_RECVFROM 1
| #define HAVE_SENDTO 1
| #define HAVE_SETSOCKOPT 1
| #define HAVE_SOCKET 1
| #define HAVE_SETGROUPS 1
| #define HAVE_OPENPTY 1
| #define HAVE_LOGIN_TTY 1
| #define HAVE_FORKPTY 1
| #define HAVE_FSEEKO 1
| #define HAVE_FSTATVFS 1
| #define HAVE_FTELLO 1
| #define HAVE_STATVFS 1
| #define HAVE_DUP2 1
| #define HAVE_GETPGRP 1
| #define HAVE_SETPGRP 1
| #define HAVE_SETNS 1
| #define HAVE_UNSHARE 1
| #define HAVE_CLOCK_GETTIME 1
| #define HAVE_CLOCK_GETRES 1
| #define HAVE_CLOCK_SETTIME 1
| #define HAVE_CLOCK_NANOSLEEP 1
| #define HAVE_NANOSLEEP 1
| #define HAVE_DEVICE_MACROS 1
| #define SYS_SELECT_WITH_SYS_TIME 1
| #define HAVE_GETADDRINFO 1
| #define HAVE_GETNAMEINFO 1
| #define HAVE_STRUCT_TM_TM_ZONE 1
| #define HAVE_TM_ZONE 1
| #define HAVE_STRUCT_STAT_ST_RDEV 1
| #define HAVE_STRUCT_STAT_ST_BLKSIZE 1
| /* end confdefs.h.  */
| #include <stddef.h>
| #ifdef HAVE_STDIO_H
| # include <stdio.h>
| #endif
| #ifdef HAVE_STDLIB_H
| # include <stdlib.h>
| #endif
| #ifdef HAVE_STRING_H
| # include <string.h>
| #endif
| #ifdef HAVE_INTTYPES_H
| # include <inttypes.h>
| #endif
| #ifdef HAVE_STDINT_H
| # include <stdint.h>
| #endif
| #ifdef HAVE_STRINGS_H
| # include <strings.h>
| #endif
| #ifdef HAVE_SYS_TYPES_H
| # include <sys/types.h>
| #endif
| #ifdef HAVE_SYS_STAT_H
| # include <sys/stat.h>
| #endif
| #ifdef HAVE_UNISTD_H
| # include <unistd.h>
| #endif
| int
| main (void)
| {
| static struct stat ac_aggr;
| if (sizeof ac_aggr.st_gen)
| return 0;
|   ;
|   return 0;
| }
configure:22930: result: no
configure:22939: checking for struct stat.st_birthtime
configure:22939: gcc -c   conftest.c >&5
conftest.c: In function 'main':
conftest.c:450:12: error: 'struct stat' has no member named 'st_birthtime'
  450 | if (ac_aggr.st_birthtime)
      |            ^
configure:22939: $? = 1
configure: failed program was:
| /* confdefs.h */
| #define _NETBSD_SOURCE 1
| #define __BSD_VISIBLE 1
| #define _DARWIN_C_SOURCE 1
| #define _PYTHONFRAMEWORK ""
| #define _XOPEN_SOURCE 700
| #define _XOPEN_SOURCE_EXTENDED 1
| #define _POSIX_C_SOURCE 200809L
| #define HAVE_STDIO_H 1
| #define HAVE_STDLIB_H 1
| #define HAVE_STRING_H 1
| #define HAVE_INTTYPES_H 1
| #define HAVE_STDINT_H 1
| #define HAVE_STRINGS_H 1
| #define HAVE_SYS_STAT_H 1
| #define HAVE_SYS_TYPES_H 1
| #define HAVE_UNISTD_H 1
| #define HAVE_WCHAR_H 1
| #define STDC_HEADERS 1
| #define _ALL_SOURCE 1
| #define _DARWIN_C_SOURCE 1
| #define _GNU_SOURCE 1
| #define _HPUX_ALT_XOPEN_SOCKET_API 1
| #define _NETBSD_SOURCE 1
| #define _OPENBSD_SOURCE 1
| #define _POSIX_PTHREAD_SEMANTICS 1
| #define __STDC_WANT_IEC_60559_ATTRIBS_EXT__ 1
| #define __STDC_WANT_IEC_60559_BFP_EXT__ 1
| #define __STDC_WANT_IEC_60559_DFP_EXT__ 1
| #define __STDC_WANT_IEC_60559_FUNCS_EXT__ 1
| #define __STDC_WANT_IEC_60559_TYPES_EXT__ 1
| #define __STDC_WANT_LIB_EXT2__ 1
| #define __STDC_WANT_MATH_SPEC_FUNCS__ 1
| #define _TANDEM_SOURCE 1
| #define __EXTENSIONS__ 1
| #define PY_SUPPORT_TIER 1
| #define Py_ENABLE_SHARED 1
| #define STDC_HEADERS 1
| #define HAVE_ALLOCA_H 1
| #define HAVE_ASM_TYPES_H 1
| #define HAVE_DLFCN_H 1
| #define HAVE_ENDIAN_H 1
| #define HAVE_ERRNO_H 1
| #define HAVE_FCNTL_H 1
| #define HAVE_GRP_H 1
| #define HAVE_LANGINFO_H 1
| #define HAVE_LIBINTL_H 1
| #define HAVE_LINUX_AUXVEC_H 1
| #define HAVE_SYS_AUXV_H 1
| #define HAVE_LINUX_FS_H 1
| #define HAVE_LINUX_LIMITS_H 1
| #define HAVE_LINUX_MEMFD_H 1
| #define HAVE_LINUX_RANDOM_H 1
| #define HAVE_LINUX_SOUNDCARD_H 1
| #define HAVE_LINUX_TIPC_H 1
| #define HAVE_LINUX_WAIT_H 1
| #define HAVE_NETDB_H 1
| #define HAVE_NET_ETHERNET_H 1
| #define HAVE_NETINET_IN_H 1
| #define HAVE_NETPACKET_PACKET_H 1
| #define HAVE_POLL_H 1
| #define HAVE_PTHREAD_H 1
| #define HAVE_PTY_H 1
| #define HAVE_SCHED_H 1
| #define HAVE_SETJMP_H 1
| #define HAVE_SHADOW_H 1
| #define HAVE_SIGNAL_H 1
| #define HAVE_SPAWN_H 1
| #define HAVE_SYS_EPOLL_H 1
| #define HAVE_SYS_EVENTFD_H 1
| #define HAVE_SYS_FILE_H 1
| #define HAVE_SYS_IOCTL_H 1
| #define HAVE_SYS_MMAN_H 1
| #define HAVE_SYS_PARAM_H 1
| #define HAVE_SYS_POLL_H 1
| #define HAVE_SYS_RANDOM_H 1
| #define HAVE_SYS_RESOURCE_H 1
| #define HAVE_SYS_SELECT_H 1
| #define HAVE_SYS_SENDFILE_H 1
| #define HAVE_SYS_SOCKET_H 1
| #define HAVE_SYS_SOUNDCARD_H 1
| #define HAVE_SYS_STAT_H 1
| #define HAVE_SYS_STATVFS_H 1
| #define HAVE_SYS_SYSCALL_H 1
| #define HAVE_SYS_SYSMACROS_H 1
| #define HAVE_SYS_TIME_H 1
| #define HAVE_SYS_TIMES_H 1
| #define HAVE_SYS_TIMERFD_H 1
| #define HAVE_SYS_TYPES_H 1
| #define HAVE_SYS_UIO_H 1
| #define HAVE_SYS_UN_H 1
| #define HAVE_SYS_UTSNAME_H 1
| #define HAVE_SYS_WAIT_H 1
| #define HAVE_SYS_XATTR_H 1
| #define HAVE_SYSEXITS_H 1
| #define HAVE_SYSLOG_H 1
| #define HAVE_TERMIOS_H 1
| #define HAVE_UTIME_H 1
| #define HAVE_UTMP_H 1
| #define HAVE_DIRENT_H 1
| #define MAJOR_IN_SYSMACROS 1
| #define HAVE_NET_IF_H 1
| #define HAVE_LINUX_NETLINK_H 1
| #define HAVE_LINUX_QRTR_H 1
| #define HAVE_LINUX_VM_SOCKETS_H 1
| #define HAVE_LINUX_CAN_H 1
| #define HAVE_LINUX_CAN_BCM_H 1
| #define HAVE_LINUX_CAN_J1939_H 1
| #define HAVE_LINUX_CAN_RAW_H 1
| #define HAVE_CLOCK_T 1
| #define HAVE_MAKEDEV 1
| #define HAVE_HTOLE64 1
| #define _LARGEFILE_SOURCE 1
| #define _FILE_OFFSET_BITS 64
| #if defined(SCO_DS)
| #undef _OFF_T
| #endif
| #define RETSIGTYPE void
| #define HAVE_SSIZE_T 1
| #define HAVE___UINT128_T 1
| #define HAVE_GCC_UINT128_T 1
| #define SIZEOF_INT 4
| #define SIZEOF_LONG 8
| #define ALIGNOF_LONG 8
| #define SIZEOF_LONG_LONG 8
| #define SIZEOF_VOID_P 8
| #define SIZEOF_SHORT 2
| #define SIZEOF_FLOAT 4
| #define SIZEOF_DOUBLE 8
| #define SIZEOF_FPOS_T 16
| #define SIZEOF_SIZE_T 8
| #define ALIGNOF_SIZE_T 8
| #define SIZEOF_PID_T 4
| #define SIZEOF_UINTPTR_T 8
| #define ALIGNOF_MAX_ALIGN_T 16
| #define HAVE_LONG_DOUBLE 1
| #define SIZEOF_LONG_DOUBLE 16
| #define SIZEOF__BOOL 1
| #define SIZEOF_OFF_T 8
| #define SIZEOF_TIME_T 8
| #define SIZEOF_PTHREAD_T 8
| #define SIZEOF_PTHREAD_KEY_T 4
| #define PTHREAD_KEY_T_IS_COMPATIBLE_WITH_INT 1
| #define PY_HAVE_PERF_TRAMPOLINE 1
| #define HAVE_LIBDL 1
| #define HAVE_UUID_UUID_H 1
| #define HAVE_UUID_UUID_H 1
| #define HAVE_FFI_PREP_CIF_VAR 1
| #define HAVE_FFI_PREP_CLOSURE_LOC 1
| #define HAVE_FFI_CLOSURE_ALLOC 1
| #define WITH_DECIMAL_CONTEXTVAR 1
| #define _REENTRANT 1
| #define PTHREAD_SYSTEM_SCHED_SUPPORTED 1
| #define HAVE_PTHREAD_SIGMASK 1
| #define HAVE_PTHREAD_GETCPUCLOCKID 1
| #define ENABLE_IPV6 1
| #define HAVE_LINUX_CAN_RAW_FD_FRAMES 1
| #define HAVE_LINUX_CAN_RAW_JOIN_FILTERS 1
| #define WITH_DOC_STRINGS 1
| #define HAVE_STD_ATOMIC 1
| #define HAVE_BUILTIN_ATOMIC 1
| #define WITH_MIMALLOC 1
| #define WITH_PYMALLOC 1
| #define WITH_FREELISTS 1
| #define PY_COERCE_C_LOCALE 1
| #define HAVE_DLOPEN 1
| #define HAVE_DYNAMIC_LOADING 1
| #define HAVE_ACCEPT4 1
| #define HAVE_ALARM 1
| #define HAVE_BIND_TEXTDOMAIN_CODESET 1
| #define HAVE_CHMOD 1
| #define HAVE_CHOWN 1
| #define HAVE_CLOCK 1
| #define HAVE_CLOSEFROM 1
| #define HAVE_CLOSE_RANGE 1
| #define HAVE_CONFSTR 1
| #define HAVE_COPY_FILE_RANGE 1
| #define HAVE_CTERMID 1
| #define HAVE_DUP 1
| #define HAVE_DUP3 1
| #define HAVE_EXECV 1
| #define HAVE_EXPLICIT_BZERO 1
| #define HAVE_FACCESSAT 1
| #define HAVE_FCHMOD 1
| #define HAVE_FCHMODAT 1
| #define HAVE_FCHOWN 1
| #define HAVE_FCHOWNAT 1
| #define HAVE_FDOPENDIR 1
| #define HAVE_FEXECVE 1
| #define HAVE_FORK 1
| #define HAVE_FPATHCONF 1
| #define HAVE_FSTATAT 1
| #define HAVE_FTIME 1
| #define HAVE_FTRUNCATE 1
| #define HAVE_FUTIMENS 1
| #define HAVE_FUTIMES 1
| #define HAVE_FUTIMESAT 1
| #define HAVE_GAI_STRERROR 1
| #define HAVE_GETEGID 1
| #define HAVE_GETEUID 1
| #define HAVE_GETGID 1
| #define HAVE_GETGRENT 1
| #define HAVE_GETGRGID 1
| #define HAVE_GETGRGID_R 1
| #define HAVE_GETGRNAM_R 1
| #define HAVE_GETGROUPLIST 1
| #define HAVE_GETHOSTNAME 1
| #define HAVE_GETITIMER 1
| #define HAVE_GETLOADAVG 1
| #define HAVE_GETLOGIN 1
| #define HAVE_GETPEERNAME 1
| #define HAVE_GETPGID 1
| #define HAVE_GETPID 1
| #define HAVE_GETPPID 1
| #define HAVE_GETPRIORITY 1
| #define HAVE_GETPWENT 1
| #define HAVE_GETPWNAM_R 1
| #define HAVE_GETPWUID 1
| #define HAVE_GETPWUID_R 1
| #define HAVE_GETRESGID 1
| #define HAVE_GETRESUID 1
| #define HAVE_GETRUSAGE 1
| #define HAVE_GETSID 1
| #define HAVE_GETSPENT 1
| #define HAVE_GETSPNAM 1
| #define HAVE_GETUID 1
| #define HAVE_GETWD 1
| #define HAVE_GRANTPT 1
| #define HAVE_IF_NAMEINDEX 1
| #define HAVE_INITGROUPS 1
| #define HAVE_KILL 1
| #define HAVE_KILLPG 1
| #define HAVE_LCHOWN 1
| #define HAVE_LINKAT 1
| #define HAVE_LOCKF 1
| #define HAVE_LSTAT 1
| #define HAVE_LUTIMES 1
| #define HAVE_MADVISE 1
| #define HAVE_MBRTOWC 1
| #define HAVE_MEMRCHR 1
| #define HAVE_MKDIRAT 1
| #define HAVE_MKFIFO 1
| #define HAVE_MKFIFOAT 1
| #define HAVE_MKNOD 1
| #define HAVE_MKNODAT 1
| #define HAVE_MKTIME 1
| #define HAVE_MMAP 1
| #define HAVE_MREMAP 1
| #define HAVE_NICE 1
| #define HAVE_OPENAT 1
| #define HAVE_OPENDIR 1
| #define HAVE_PATHCONF 1
| #define HAVE_PAUSE 1
| #define HAVE_PIPE 1
| #define HAVE_PIPE2 1
| #define HAVE_POLL 1
| #define HAVE_POSIX_FADVISE 1
| #define HAVE_POSIX_FALLOCATE 1
| #define HAVE_POSIX_OPENPT 1
| #define HAVE_POSIX_SPAWN 1
| #define HAVE_POSIX_SPAWNP 1
| #define HAVE_POSIX_SPAWN_FILE_ACTIONS_ADDCLOSEFROM_NP 1
| #define HAVE_PREAD 1
| #define HAVE_PREADV 1
| #define HAVE_PREADV2 1
| #define HAVE_PROCESS_VM_READV 1
| #define HAVE_PTHREAD_CONDATTR_SETCLOCK 1
| #define HAVE_PTHREAD_KILL 1
| #define HAVE_PTSNAME 1
| #define HAVE_PTSNAME_R 1
| #define HAVE_PWRITE 1
| #define HAVE_PWRITEV 1
| #define HAVE_PWRITEV2 1
| #define HAVE_READLINK 1
| #define HAVE_READLINKAT 1
| #define HAVE_READV 1
| #define HAVE_REALPATH 1
| #define HAVE_RENAMEAT 1
| #define HAVE_SCHED_GET_PRIORITY_MAX 1
| #define HAVE_SCHED_RR_GET_INTERVAL 1
| #define HAVE_SCHED_SETAFFINITY 1
| #define HAVE_SCHED_SETPARAM 1
| #define HAVE_SCHED_SETSCHEDULER 1
| #define HAVE_SEM_CLOCKWAIT 1
| #define HAVE_SEM_GETVALUE 1
| #define HAVE_SEM_OPEN 1
| #define HAVE_SEM_TIMEDWAIT 1
| #define HAVE_SEM_UNLINK 1
| #define HAVE_SENDFILE 1
| #define HAVE_SETEGID 1
| #define HAVE_SETEUID 1
| #define HAVE_SETGID 1
| #define HAVE_SETHOSTNAME 1
| #define HAVE_SETITIMER 1
| #define HAVE_SETLOCALE 1
| #define HAVE_SETPGID 1
| #define HAVE_SETPGRP 1
| #define HAVE_SETPRIORITY 1
| #define HAVE_SETREGID 1
| #define HAVE_SETRESGID 1
| #define HAVE_SETRESUID 1
| #define HAVE_SETREUID 1
| #define HAVE_SETSID 1
| #define HAVE_SETUID 1
| #define HAVE_SETVBUF 1
| #define HAVE_SHUTDOWN 1
| #define HAVE_SIGACTION 1
| #define HAVE_SIGALTSTACK 1
| #define HAVE_SIGFILLSET 1
| #define HAVE_SIGINTERRUPT 1
| #define HAVE_SIGPENDING 1
| #define HAVE_SIGRELSE 1
| #define HAVE_SIGTIMEDWAIT 1
| #define HAVE_SIGWAIT 1
| #define HAVE_SIGWAITINFO 1
| #define HAVE_SNPRINTF 1
| #define HAVE_SPLICE 1
| #define HAVE_STRFTIME 1
| #define HAVE_STRLCPY 1
| #define HAVE_STRSIGNAL 1
| #define HAVE_SYMLINKAT 1
| #define HAVE_SYNC 1
| #define HAVE_SYSCONF 1
| #define HAVE_TCGETPGRP 1
| #define HAVE_TCSETPGRP 1
| #define HAVE_TEMPNAM 1
| #define HAVE_TIMEGM 1
| #define HAVE_TIMES 1
| #define HAVE_TMPFILE 1
| #define HAVE_TMPNAM 1
| #define HAVE_TMPNAM_R 1
| #define HAVE_TRUNCATE 1
| #define HAVE_TTYNAME 1
| #define HAVE_UMASK 1
| #define HAVE_UNAME 1
| #define HAVE_UNLINKAT 1
| #define HAVE_UNLOCKPT 1
| #define HAVE_UTIMENSAT 1
| #define HAVE_UTIMES 1
| #define HAVE_VFORK 1
| #define HAVE_WAIT 1
| #define HAVE_WAIT3 1
| #define HAVE_WAIT4 1
| #define HAVE_WAITID 1
| #define HAVE_WAITPID 1
| #define HAVE_WCSCOLL 1
| #define HAVE_WCSFTIME 1
| #define HAVE_WCSXFRM 1
| #define HAVE_WMEMCMP 1
| #define HAVE_WRITEV 1
| #define HAVE_GETENTROPY 1
| #define HAVE_GETGROUPS 1
| #define HAVE_SYSTEM 1
| #define HAVE_DIRFD 1
| #define HAVE_CHROOT 1
| #define HAVE_LINK 1
| #define HAVE_SYMLINK 1
| #define HAVE_FCHDIR 1
| #define HAVE_FSYNC 1
| #define HAVE_FDATASYNC 1
| #define HAVE_EPOLL 1
| #define HAVE_EPOLL_CREATE1 1
| #define HAVE_PRLIMIT 1
| #define HAVE_MEMFD_CREATE 1
| #define HAVE_EVENTFD 1
| #define HAVE_TIMERFD_CREATE 1
| #define HAVE_FLOCK 1
| #define HAVE_GETPAGESIZE 1
| #define HAVE_ZLIB_H 1
| #define HAVE_BZLIB_H 1
| #define HAVE_LZMA_H 1
| #define HAVE_HSTRERROR 1
| #define HAVE_GETSERVBYNAME 1
| #define HAVE_GETSERVBYPORT 1
| #define HAVE_GETHOSTBYNAME 1
| #define HAVE_GETHOSTBYADDR 1
| #define HAVE_GETPROTOBYNAME 1
| #define HAVE_INET_ATON 1
| #define HAVE_INET_NTOA 1
| #define HAVE_INET_PTON 1
| #define HAVE_GETPEERNAME 1
| #define HAVE_GETSOCKNAME 1
| #define HAVE_ACCEPT 1
| #define HAVE_BIND 1
| #define HAVE_CONNECT 1
| #define HAVE_LISTEN 1
| #define HAVE_RECVFROM 1
| #define HAVE_SENDTO 1
| #define HAVE_SETSOCKOPT 1
| #define HAVE_SOCKET 1
| #define HAVE_SETGROUPS 1
| #define HAVE_OPENPTY 1
| #define HAVE_LOGIN_TTY 1
| #define HAVE_FORKPTY 1
| #define HAVE_FSEEKO 1
| #define HAVE_FSTATVFS 1
| #define HAVE_FTELLO 1
| #define HAVE_STATVFS 1
| #define HAVE_DUP2 1
| #define HAVE_GETPGRP 1
| #define HAVE_SETPGRP 1
| #define HAVE_SETNS 1
| #define HAVE_UNSHARE 1
| #define HAVE_CLOCK_GETTIME 1
| #define HAVE_CLOCK_GETRES 1
| #define HAVE_CLOCK_SETTIME 1
| #define HAVE_CLOCK_NANOSLEEP 1
| #define HAVE_NANOSLEEP 1
| #define HAVE_DEVICE_MACROS 1
| #define SYS_SELECT_WITH_SYS_TIME 1
| #define HAVE_GETADDRINFO 1
| #define HAVE_GETNAMEINFO 1
| #define HAVE_STRUCT_TM_TM_ZONE 1
| #define HAVE_TM_ZONE 1
| #define HAVE_STRUCT_STAT_ST_RDEV 1
| #define HAVE_STRUCT_STAT_ST_BLKSIZE 1
| /* end confdefs.h.  */
| #include <stddef.h>
| #ifdef HAVE_STDIO_H
| # include <stdio.h>
| #endif
| #ifdef HAVE_STDLIB_H
| # include <stdlib.h>
| #endif
| #ifdef HAVE_STRING_H
| # include <string.h>
| #endif
| #ifdef HAVE_INTTYPES_H
| # include <inttypes.h>
| #endif
| #ifdef HAVE_STDINT_H
| # include <stdint.h>
| #endif
| #ifdef HAVE_STRINGS_H
| # include <strings.h>
| #endif
| #ifdef HAVE_SYS_TYPES_H
| # include <sys/types.h>
| #endif
| #ifdef HAVE_SYS_STAT_H
| # include <sys/stat.h>
| #endif
| #ifdef HAVE_UNISTD_H
| # include <unistd.h>
| #endif
| int
| main (void)
| {
| static struct stat ac_aggr;
| if (ac_aggr.st_birthtime)
| return 0;
|   ;
|   return 0;
| }
configure:22939: gcc -c   conftest.c >&5
conftest.c: In function 'main':
conftest.c:450:19: error: 'struct stat' has no member named 'st_birthtime'
  450 | if (sizeof ac_aggr.st_birthtime)
      |                   ^
configure:22939: $? = 1
configure: failed program was:
| /* confdefs.h */
| #define _NETBSD_SOURCE 1
| #define __BSD_VISIBLE 1
| #define _DARWIN_C_SOURCE 1
| #define _PYTHONFRAMEWORK ""
| #define _XOPEN_SOURCE 700
| #define _XOPEN_SOURCE_EXTENDED 1
| #define _POSIX_C_SOURCE 200809L
| #define HAVE_STDIO_H 1
| #define HAVE_STDLIB_H 1
| #define HAVE_STRING_H 1
| #define HAVE_INTTYPES_H 1
| #define HAVE_STDINT_H 1
| #define HAVE_STRINGS_H 1
| #define HAVE_SYS_STAT_H 1
| #define HAVE_SYS_TYPES_H 1
| #define HAVE_UNISTD_H 1
| #define HAVE_WCHAR_H 1
| #define STDC_HEADERS 1
| #define _ALL_SOURCE 1
| #define _DARWIN_C_SOURCE 1
| #define _GNU_SOURCE 1
| #define _HPUX_ALT_XOPEN_SOCKET_API 1
| #define _NETBSD_SOURCE 1
| #define _OPENBSD_SOURCE 1
| #define _POSIX_PTHREAD_SEMANTICS 1
| #define __STDC_WANT_IEC_60559_ATTRIBS_EXT__ 1
| #define __STDC_WANT_IEC_60559_BFP_EXT__ 1
| #define __STDC_WANT_IEC_60559_DFP_EXT__ 1
| #define __STDC_WANT_IEC_60559_FUNCS_EXT__ 1
| #define __STDC_WANT_IEC_60559_TYPES_EXT__ 1
| #define __STDC_WANT_LIB_EXT2__ 1
| #define __STDC_WANT_MATH_SPEC_FUNCS__ 1
| #define _TANDEM_SOURCE 1
| #define __EXTENSIONS__ 1
| #define PY_SUPPORT_TIER 1
| #define Py_ENABLE_SHARED 1
| #define STDC_HEADERS 1
| #define HAVE_ALLOCA_H 1
| #define HAVE_ASM_TYPES_H 1
| #define HAVE_DLFCN_H 1
| #define HAVE_ENDIAN_H 1
| #define HAVE_ERRNO_H 1
| #define HAVE_FCNTL_H 1
| #define HAVE_GRP_H 1
| #define HAVE_LANGINFO_H 1
| #define HAVE_LIBINTL_H 1
| #define HAVE_LINUX_AUXVEC_H 1
| #define HAVE_SYS_AUXV_H 1
| #define HAVE_LINUX_FS_H 1
| #define HAVE_LINUX_LIMITS_H 1
| #define HAVE_LINUX_MEMFD_H 1
| #define HAVE_LINUX_RANDOM_H 1
| #define HAVE_LINUX_SOUNDCARD_H 1
| #define HAVE_LINUX_TIPC_H 1
| #define HAVE_LINUX_WAIT_H 1
| #define HAVE_NETDB_H 1
| #define HAVE_NET_ETHERNET_H 1
| #define HAVE_NETINET_IN_H 1
| #define HAVE_NETPACKET_PACKET_H 1
| #define HAVE_POLL_H 1
| #define HAVE_PTHREAD_H 1
| #define HAVE_PTY_H 1
| #define HAVE_SCHED_H 1
| #define HAVE_SETJMP_H 1
| #define HAVE_SHADOW_H 1
| #define HAVE_SIGNAL_H 1
| #define HAVE_SPAWN_H 1
| #define HAVE_SYS_EPOLL_H 1
| #define HAVE_SYS_EVENTFD_H 1
| #define HAVE_SYS_FILE_H 1
| #define HAVE_SYS_IOCTL_H 1
| #define HAVE_SYS_MMAN_H 1
| #define HAVE_SYS_PARAM_H 1
| #define HAVE_SYS_POLL_H 1
| #define HAVE_SYS_RANDOM_H 1
| #define HAVE_SYS_RESOURCE_H 1
| #define HAVE_SYS_SELECT_H 1
| #define HAVE_SYS_SENDFILE_H 1
| #define HAVE_SYS_SOCKET_H 1
| #define HAVE_SYS_SOUNDCARD_H 1
| #define HAVE_SYS_STAT_H 1
| #define HAVE_SYS_STATVFS_H 1
| #define HAVE_SYS_SYSCALL_H 1
| #define HAVE_SYS_SYSMACROS_H 1
| #define HAVE_SYS_TIME_H 1
| #define HAVE_SYS_TIMES_H 1
| #define HAVE_SYS_TIMERFD_H 1
| #define HAVE_SYS_TYPES_H 1
| #define HAVE_SYS_UIO_H 1
| #define HAVE_SYS_UN_H 1
| #define HAVE_SYS_UTSNAME_H 1
| #define HAVE_SYS_WAIT_H 1
| #define HAVE_SYS_XATTR_H 1
| #define HAVE_SYSEXITS_H 1
| #define HAVE_SYSLOG_H 1
| #define HAVE_TERMIOS_H 1
| #define HAVE_UTIME_H 1
| #define HAVE_UTMP_H 1
| #define HAVE_DIRENT_H 1
| #define MAJOR_IN_SYSMACROS 1
| #define HAVE_NET_IF_H 1
| #define HAVE_LINUX_NETLINK_H 1
| #define HAVE_LINUX_QRTR_H 1
| #define HAVE_LINUX_VM_SOCKETS_H 1
| #define HAVE_LINUX_CAN_H 1
| #define HAVE_LINUX_CAN_BCM_H 1
| #define HAVE_LINUX_CAN_J1939_H 1
| #define HAVE_LINUX_CAN_RAW_H 1
| #define HAVE_CLOCK_T 1
| #define HAVE_MAKEDEV 1
| #define HAVE_HTOLE64 1
| #define _LARGEFILE_SOURCE 1
| #define _FILE_OFFSET_BITS 64
| #if defined(SCO_DS)
| #undef _OFF_T
| #endif
| #define RETSIGTYPE void
| #define HAVE_SSIZE_T 1
| #define HAVE___UINT128_T 1
| #define HAVE_GCC_UINT128_T 1
| #define SIZEOF_INT 4
| #define SIZEOF_LONG 8
| #define ALIGNOF_LONG 8
| #define SIZEOF_LONG_LONG 8
| #define SIZEOF_VOID_P 8
| #define SIZEOF_SHORT 2
| #define SIZEOF_FLOAT 4
| #define SIZEOF_DOUBLE 8
| #define SIZEOF_FPOS_T 16
| #define SIZEOF_SIZE_T 8
| #define ALIGNOF_SIZE_T 8
| #define SIZEOF_PID_T 4
| #define SIZEOF_UINTPTR_T 8
| #define ALIGNOF_MAX_ALIGN_T 16
| #define HAVE_LONG_DOUBLE 1
| #define SIZEOF_LONG_DOUBLE 16
| #define SIZEOF__BOOL 1
| #define SIZEOF_OFF_T 8
| #define SIZEOF_TIME_T 8
| #define SIZEOF_PTHREAD_T 8
| #define SIZEOF_PTHREAD_KEY_T 4
| #define PTHREAD_KEY_T_IS_COMPATIBLE_WITH_INT 1
| #define PY_HAVE_PERF_TRAMPOLINE 1
| #define HAVE_LIBDL 1
| #define HAVE_UUID_UUID_H 1
| #define HAVE_UUID_UUID_H 1
| #define HAVE_FFI_PREP_CIF_VAR 1
| #define HAVE_FFI_PREP_CLOSURE_LOC 1
| #define HAVE_FFI_CLOSURE_ALLOC 1
| #define WITH_DECIMAL_CONTEXTVAR 1
| #define _REENTRANT 1
| #define PTHREAD_SYSTEM_SCHED_SUPPORTED 1
| #define HAVE_PTHREAD_SIGMASK 1
| #define HAVE_PTHREAD_GETCPUCLOCKID 1
| #define ENABLE_IPV6 1
| #define HAVE_LINUX_CAN_RAW_FD_FRAMES 1
| #define HAVE_LINUX_CAN_RAW_JOIN_FILTERS 1
| #define WITH_DOC_STRINGS 1
| #define HAVE_STD_ATOMIC 1
| #define HAVE_BUILTIN_ATOMIC 1
| #define WITH_MIMALLOC 1
| #define WITH_PYMALLOC 1
| #define WITH_FREELISTS 1
| #define PY_COERCE_C_LOCALE 1
| #define HAVE_DLOPEN 1
| #define HAVE_DYNAMIC_LOADING 1
| #define HAVE_ACCEPT4 1
| #define HAVE_ALARM 1
| #define HAVE_BIND_TEXTDOMAIN_CODESET 1
| #define HAVE_CHMOD 1
| #define HAVE_CHOWN 1
| #define HAVE_CLOCK 1
| #define HAVE_CLOSEFROM 1
| #define HAVE_CLOSE_RANGE 1
| #define HAVE_CONFSTR 1
| #define HAVE_COPY_FILE_RANGE 1
| #define HAVE_CTERMID 1
| #define HAVE_DUP 1
| #define HAVE_DUP3 1
| #define HAVE_EXECV 1
| #define HAVE_EXPLICIT_BZERO 1
| #define HAVE_FACCESSAT 1
| #define HAVE_FCHMOD 1
| #define HAVE_FCHMODAT 1
| #define HAVE_FCHOWN 1
| #define HAVE_FCHOWNAT 1
| #define HAVE_FDOPENDIR 1
| #define HAVE_FEXECVE 1
| #define HAVE_FORK 1
| #define HAVE_FPATHCONF 1
| #define HAVE_FSTATAT 1
| #define HAVE_FTIME 1
| #define HAVE_FTRUNCATE 1
| #define HAVE_FUTIMENS 1
| #define HAVE_FUTIMES 1
| #define HAVE_FUTIMESAT 1
| #define HAVE_GAI_STRERROR 1
| #define HAVE_GETEGID 1
| #define HAVE_GETEUID 1
| #define HAVE_GETGID 1
| #define HAVE_GETGRENT 1
| #define HAVE_GETGRGID 1
| #define HAVE_GETGRGID_R 1
| #define HAVE_GETGRNAM_R 1
| #define HAVE_GETGROUPLIST 1
| #define HAVE_GETHOSTNAME 1
| #define HAVE_GETITIMER 1
| #define HAVE_GETLOADAVG 1
| #define HAVE_GETLOGIN 1
| #define HAVE_GETPEERNAME 1
| #define HAVE_GETPGID 1
| #define HAVE_GETPID 1
| #define HAVE_GETPPID 1
| #define HAVE_GETPRIORITY 1
| #define HAVE_GETPWENT 1
| #define HAVE_GETPWNAM_R 1
| #define HAVE_GETPWUID 1
| #define HAVE_GETPWUID_R 1
| #define HAVE_GETRESGID 1
| #define HAVE_GETRESUID 1
| #define HAVE_GETRUSAGE 1
| #define HAVE_GETSID 1
| #define HAVE_GETSPENT 1
| #define HAVE_GETSPNAM 1
| #define HAVE_GETUID 1
| #define HAVE_GETWD 1
| #define HAVE_GRANTPT 1
| #define HAVE_IF_NAMEINDEX 1
| #define HAVE_INITGROUPS 1
| #define HAVE_KILL 1
| #define HAVE_KILLPG 1
| #define HAVE_LCHOWN 1
| #define HAVE_LINKAT 1
| #define HAVE_LOCKF 1
| #define HAVE_LSTAT 1
| #define HAVE_LUTIMES 1
| #define HAVE_MADVISE 1
| #define HAVE_MBRTOWC 1
| #define HAVE_MEMRCHR 1
| #define HAVE_MKDIRAT 1
| #define HAVE_MKFIFO 1
| #define HAVE_MKFIFOAT 1
| #define HAVE_MKNOD 1
| #define HAVE_MKNODAT 1
| #define HAVE_MKTIME 1
| #define HAVE_MMAP 1
| #define HAVE_MREMAP 1
| #define HAVE_NICE 1
| #define HAVE_OPENAT 1
| #define HAVE_OPENDIR 1
| #define HAVE_PATHCONF 1
| #define HAVE_PAUSE 1
| #define HAVE_PIPE 1
| #define HAVE_PIPE2 1
| #define HAVE_POLL 1
| #define HAVE_POSIX_FADVISE 1
| #define HAVE_POSIX_FALLOCATE 1
| #define HAVE_POSIX_OPENPT 1
| #define HAVE_POSIX_SPAWN 1
| #define HAVE_POSIX_SPAWNP 1
| #define HAVE_POSIX_SPAWN_FILE_ACTIONS_ADDCLOSEFROM_NP 1
| #define HAVE_PREAD 1
| #define HAVE_PREADV 1
| #define HAVE_PREADV2 1
| #define HAVE_PROCESS_VM_READV 1
| #define HAVE_PTHREAD_CONDATTR_SETCLOCK 1
| #define HAVE_PTHREAD_KILL 1
| #define HAVE_PTSNAME 1
| #define HAVE_PTSNAME_R 1
| #define HAVE_PWRITE 1
| #define HAVE_PWRITEV 1
| #define HAVE_PWRITEV2 1
| #define HAVE_READLINK 1
| #define HAVE_READLINKAT 1
| #define HAVE_READV 1
| #define HAVE_REALPATH 1
| #define HAVE_RENAMEAT 1
| #define HAVE_SCHED_GET_PRIORITY_MAX 1
| #define HAVE_SCHED_RR_GET_INTERVAL 1
| #define HAVE_SCHED_SETAFFINITY 1
| #define HAVE_SCHED_SETPARAM 1
| #define HAVE_SCHED_SETSCHEDULER 1
| #define HAVE_SEM_CLOCKWAIT 1
| #define HAVE_SEM_GETVALUE 1
| #define HAVE_SEM_OPEN 1
| #define HAVE_SEM_TIMEDWAIT 1
| #define HAVE_SEM_UNLINK 1
| #define HAVE_SENDFILE 1
| #define HAVE_SETEGID 1
| #define HAVE_SETEUID 1
| #define HAVE_SETGID 1
| #define HAVE_SETHOSTNAME 1
| #define HAVE_SETITIMER 1
| #define HAVE_SETLOCALE 1
| #define HAVE_SETPGID 1
| #define HAVE_SETPGRP 1
| #define HAVE_SETPRIORITY 1
| #define HAVE_SETREGID 1
| #define HAVE_SETRESGID 1
| #define HAVE_SETRESUID 1
| #define HAVE_SETREUID 1
| #define HAVE_SETSID 1
| #define HAVE_SETUID 1
| #define HAVE_SETVBUF 1
| #define HAVE_SHUTDOWN 1
| #define HAVE_SIGACTION 1
| #define HAVE_SIGALTSTACK 1
| #define HAVE_SIGFILLSET 1
| #define HAVE_SIGINTERRUPT 1
| #define HAVE_SIGPENDING 1
| #define HAVE_SIGRELSE 1
| #define HAVE_SIGTIMEDWAIT 1
| #define HAVE_SIGWAIT 1
| #define HAVE_SIGWAITINFO 1
| #define HAVE_SNPRINTF 1
| #define HAVE_SPLICE 1
| #define HAVE_STRFTIME 1
| #define HAVE_STRLCPY 1
| #define HAVE_STRSIGNAL 1
| #define HAVE_SYMLINKAT 1
| #define HAVE_SYNC 1
| #define HAVE_SYSCONF 1
| #define HAVE_TCGETPGRP 1
| #define HAVE_TCSETPGRP 1
| #define HAVE_TEMPNAM 1
| #define HAVE_TIMEGM 1
| #define HAVE_TIMES 1
| #define HAVE_TMPFILE 1
| #define HAVE_TMPNAM 1
| #define HAVE_TMPNAM_R 1
| #define HAVE_TRUNCATE 1
| #define HAVE_TTYNAME 1
| #define HAVE_UMASK 1
| #define HAVE_UNAME 1
| #define HAVE_UNLINKAT 1
| #define HAVE_UNLOCKPT 1
| #define HAVE_UTIMENSAT 1
| #define HAVE_UTIMES 1
| #define HAVE_VFORK 1
| #define HAVE_WAIT 1
| #define HAVE_WAIT3 1
| #define HAVE_WAIT4 1
| #define HAVE_WAITID 1
| #define HAVE_WAITPID 1
| #define HAVE_WCSCOLL 1
| #define HAVE_WCSFTIME 1
| #define HAVE_WCSXFRM 1
| #define HAVE_WMEMCMP 1
| #define HAVE_WRITEV 1
| #define HAVE_GETENTROPY 1
| #define HAVE_GETGROUPS 1
| #define HAVE_SYSTEM 1
| #define HAVE_DIRFD 1
| #define HAVE_CHROOT 1
| #define HAVE_LINK 1
| #define HAVE_SYMLINK 1
| #define HAVE_FCHDIR 1
| #define HAVE_FSYNC 1
| #define HAVE_FDATASYNC 1
| #define HAVE_EPOLL 1
| #define HAVE_EPOLL_CREATE1 1
| #define HAVE_PRLIMIT 1
| #define HAVE_MEMFD_CREATE 1
| #define HAVE_EVENTFD 1
| #define HAVE_TIMERFD_CREATE 1
| #define HAVE_FLOCK 1
| #define HAVE_GETPAGESIZE 1
| #define HAVE_ZLIB_H 1
| #define HAVE_BZLIB_H 1
| #define HAVE_LZMA_H 1
| #define HAVE_HSTRERROR 1
| #define HAVE_GETSERVBYNAME 1
| #define HAVE_GETSERVBYPORT 1
| #define HAVE_GETHOSTBYNAME 1
| #define HAVE_GETHOSTBYADDR 1
| #define HAVE_GETPROTOBYNAME 1
| #define HAVE_INET_ATON 1
| #define HAVE_INET_NTOA 1
| #define HAVE_INET_PTON 1
| #define HAVE_GETPEERNAME 1
| #define HAVE_GETSOCKNAME 1
| #define HAVE_ACCEPT 1
| #define HAVE_BIND 1
| #define HAVE_CONNECT 1
| #define HAVE_LISTEN 1
| #define HAVE_RECVFROM 1
| #define HAVE_SENDTO 1
| #define HAVE_SETSOCKOPT 1
| #define HAVE_SOCKET 1
| #define HAVE_SETGROUPS 1
| #define HAVE_OPENPTY 1
| #define HAVE_LOGIN_TTY 1
| #define HAVE_FORKPTY 1
| #define HAVE_FSEEKO 1
| #define HAVE_FSTATVFS 1
| #define HAVE_FTELLO 1
| #define HAVE_STATVFS 1
| #define HAVE_DUP2 1
| #define HAVE_GETPGRP 1
| #define HAVE_SETPGRP 1
| #define HAVE_SETNS 1
| #define HAVE_UNSHARE 1
| #define HAVE_CLOCK_GETTIME 1
| #define HAVE_CLOCK_GETRES 1
| #define HAVE_CLOCK_SETTIME 1
| #define HAVE_CLOCK_NANOSLEEP 1
| #define HAVE_NANOSLEEP 1
| #define HAVE_DEVICE_MACROS 1
| #define SYS_SELECT_WITH_SYS_TIME 1
| #define HAVE_GETADDRINFO 1
| #define HAVE_GETNAMEINFO 1
| #define HAVE_STRUCT_TM_TM_ZONE 1
| #define HAVE_TM_ZONE 1
| #define HAVE_STRUCT_STAT_ST_RDEV 1
| #define HAVE_STRUCT_STAT_ST_BLKSIZE 1
| /* end confdefs.h.  */
| #include <stddef.h>
| #ifdef HAVE_STDIO_H
| # include <stdio.h>
| #endif
| #ifdef HAVE_STDLIB_H
| # include <stdlib.h>
| #endif
| #ifdef HAVE_STRING_H
| # include <string.h>
| #endif
| #ifdef HAVE_INTTYPES_H
| # include <inttypes.h>
| #endif
| #ifdef HAVE_STDINT_H
| # include <stdint.h>
| #endif
| #ifdef HAVE_STRINGS_H
| # include <strings.h>
| #endif
| #ifdef HAVE_SYS_TYPES_H
| # include <sys/types.h>
| #endif
| #ifdef HAVE_SYS_STAT_H
| # include <sys/stat.h>
| #endif
| #ifdef HAVE_UNISTD_H
| # include <unistd.h>
| #endif
| int
| main (void)
| {
| static struct stat ac_aggr;
| if (sizeof ac_aggr.st_birthtime)
| return 0;
|   ;
|   return 0;
| }
configure:22939: result: no
configure:22948: checking for struct stat.st_blocks
configure:22948: gcc -c   conftest.c >&5
configure:22948: $? = 0
configure:22948: result: yes
configure:22957: checking for struct passwd.pw_gecos
configure:22957: gcc -c   conftest.c >&5
configure:22957: $? = 0
configure:22957: result: yes
configure:22969: checking for struct passwd.pw_passwd
configure:22969: gcc -c   conftest.c >&5
configure:22969: $? = 0
configure:22969: result: yes
configure:22983: checking for siginfo_t.si_band
configure:22983: gcc -c   conftest.c >&5
configure:22983: $? = 0
configure:22983: result: yes
configure:22994: checking for time.h that defines altzone
configure:23012: gcc -c   conftest.c >&5
conftest.c: In function 'main':
conftest.c:426:8: error: 'altzone' undeclared (first use in this function)
  426 | return altzone;
      |        ^~~~~~~
conftest.c:426:8: note: each undeclared identifier is reported only once for each function it appears in
configure:23012: $? = 1
configure: failed program was:
| /* confdefs.h */
| #define _NETBSD_SOURCE 1
| #define __BSD_VISIBLE 1
| #define _DARWIN_C_SOURCE 1
| #define _PYTHONFRAMEWORK ""
| #define _XOPEN_SOURCE 700
| #define _XOPEN_SOURCE_EXTENDED 1
| #define _POSIX_C_SOURCE 200809L
| #define HAVE_STDIO_H 1
| #define HAVE_STDLIB_H 1
| #define HAVE_STRING_H 1
| #define HAVE_INTTYPES_H 1
| #define HAVE_STDINT_H 1
| #define HAVE_STRINGS_H 1
| #define HAVE_SYS_STAT_H 1
| #define HAVE_SYS_TYPES_H 1
| #define HAVE_UNISTD_H 1
| #define HAVE_WCHAR_H 1
| #define STDC_HEADERS 1
| #define _ALL_SOURCE 1
| #define _DARWIN_C_SOURCE 1
| #define _GNU_SOURCE 1
| #define _HPUX_ALT_XOPEN_SOCKET_API 1
| #define _NETBSD_SOURCE 1
| #define _OPENBSD_SOURCE 1
| #define _POSIX_PTHREAD_SEMANTICS 1
| #define __STDC_WANT_IEC_60559_ATTRIBS_EXT__ 1
| #define __STDC_WANT_IEC_60559_BFP_EXT__ 1
| #define __STDC_WANT_IEC_60559_DFP_EXT__ 1
| #define __STDC_WANT_IEC_60559_FUNCS_EXT__ 1
| #define __STDC_WANT_IEC_60559_TYPES_EXT__ 1
| #define __STDC_WANT_LIB_EXT2__ 1
| #define __STDC_WANT_MATH_SPEC_FUNCS__ 1
| #define _TANDEM_SOURCE 1
| #define __EXTENSIONS__ 1
| #define PY_SUPPORT_TIER 1
| #define Py_ENABLE_SHARED 1
| #define STDC_HEADERS 1
| #define HAVE_ALLOCA_H 1
| #define HAVE_ASM_TYPES_H 1
| #define HAVE_DLFCN_H 1
| #define HAVE_ENDIAN_H 1
| #define HAVE_ERRNO_H 1
| #define HAVE_FCNTL_H 1
| #define HAVE_GRP_H 1
| #define HAVE_LANGINFO_H 1
| #define HAVE_LIBINTL_H 1
| #define HAVE_LINUX_AUXVEC_H 1
| #define HAVE_SYS_AUXV_H 1
| #define HAVE_LINUX_FS_H 1
| #define HAVE_LINUX_LIMITS_H 1
| #define HAVE_LINUX_MEMFD_H 1
| #define HAVE_LINUX_RANDOM_H 1
| #define HAVE_LINUX_SOUNDCARD_H 1
| #define HAVE_LINUX_TIPC_H 1
| #define HAVE_LINUX_WAIT_H 1
| #define HAVE_NETDB_H 1
| #define HAVE_NET_ETHERNET_H 1
| #define HAVE_NETINET_IN_H 1
| #define HAVE_NETPACKET_PACKET_H 1
| #define HAVE_POLL_H 1
| #define HAVE_PTHREAD_H 1
| #define HAVE_PTY_H 1
| #define HAVE_SCHED_H 1
| #define HAVE_SETJMP_H 1
| #define HAVE_SHADOW_H 1
| #define HAVE_SIGNAL_H 1
| #define HAVE_SPAWN_H 1
| #define HAVE_SYS_EPOLL_H 1
| #define HAVE_SYS_EVENTFD_H 1
| #define HAVE_SYS_FILE_H 1
| #define HAVE_SYS_IOCTL_H 1
| #define HAVE_SYS_MMAN_H 1
| #define HAVE_SYS_PARAM_H 1
| #define HAVE_SYS_POLL_H 1
| #define HAVE_SYS_RANDOM_H 1
| #define HAVE_SYS_RESOURCE_H 1
| #define HAVE_SYS_SELECT_H 1
| #define HAVE_SYS_SENDFILE_H 1
| #define HAVE_SYS_SOCKET_H 1
| #define HAVE_SYS_SOUNDCARD_H 1
| #define HAVE_SYS_STAT_H 1
| #define HAVE_SYS_STATVFS_H 1
| #define HAVE_SYS_SYSCALL_H 1
| #define HAVE_SYS_SYSMACROS_H 1
| #define HAVE_SYS_TIME_H 1
| #define HAVE_SYS_TIMES_H 1
| #define HAVE_SYS_TIMERFD_H 1
| #define HAVE_SYS_TYPES_H 1
| #define HAVE_SYS_UIO_H 1
| #define HAVE_SYS_UN_H 1
| #define HAVE_SYS_UTSNAME_H 1
| #define HAVE_SYS_WAIT_H 1
| #define HAVE_SYS_XATTR_H 1
| #define HAVE_SYSEXITS_H 1
| #define HAVE_SYSLOG_H 1
| #define HAVE_TERMIOS_H 1
| #define HAVE_UTIME_H 1
| #define HAVE_UTMP_H 1
| #define HAVE_DIRENT_H 1
| #define MAJOR_IN_SYSMACROS 1
| #define HAVE_NET_IF_H 1
| #define HAVE_LINUX_NETLINK_H 1
| #define HAVE_LINUX_QRTR_H 1
| #define HAVE_LINUX_VM_SOCKETS_H 1
| #define HAVE_LINUX_CAN_H 1
| #define HAVE_LINUX_CAN_BCM_H 1
| #define HAVE_LINUX_CAN_J1939_H 1
| #define HAVE_LINUX_CAN_RAW_H 1
| #define HAVE_CLOCK_T 1
| #define HAVE_MAKEDEV 1
| #define HAVE_HTOLE64 1
| #define _LARGEFILE_SOURCE 1
| #define _FILE_OFFSET_BITS 64
| #if defined(SCO_DS)
| #undef _OFF_T
| #endif
| #define RETSIGTYPE void
| #define HAVE_SSIZE_T 1
| #define HAVE___UINT128_T 1
| #define HAVE_GCC_UINT128_T 1
| #define SIZEOF_INT 4
| #define SIZEOF_LONG 8
| #define ALIGNOF_LONG 8
| #define SIZEOF_LONG_LONG 8
| #define SIZEOF_VOID_P 8
| #define SIZEOF_SHORT 2
| #define SIZEOF_FLOAT 4
| #define SIZEOF_DOUBLE 8
| #define SIZEOF_FPOS_T 16
| #define SIZEOF_SIZE_T 8
| #define ALIGNOF_SIZE_T 8
| #define SIZEOF_PID_T 4
| #define SIZEOF_UINTPTR_T 8
| #define ALIGNOF_MAX_ALIGN_T 16
| #define HAVE_LONG_DOUBLE 1
| #define SIZEOF_LONG_DOUBLE 16
| #define SIZEOF__BOOL 1
| #define SIZEOF_OFF_T 8
| #define SIZEOF_TIME_T 8
| #define SIZEOF_PTHREAD_T 8
| #define SIZEOF_PTHREAD_KEY_T 4
| #define PTHREAD_KEY_T_IS_COMPATIBLE_WITH_INT 1
| #define PY_HAVE_PERF_TRAMPOLINE 1
| #define HAVE_LIBDL 1
| #define HAVE_UUID_UUID_H 1
| #define HAVE_UUID_UUID_H 1
| #define HAVE_FFI_PREP_CIF_VAR 1
| #define HAVE_FFI_PREP_CLOSURE_LOC 1
| #define HAVE_FFI_CLOSURE_ALLOC 1
| #define WITH_DECIMAL_CONTEXTVAR 1
| #define _REENTRANT 1
| #define PTHREAD_SYSTEM_SCHED_SUPPORTED 1
| #define HAVE_PTHREAD_SIGMASK 1
| #define HAVE_PTHREAD_GETCPUCLOCKID 1
| #define ENABLE_IPV6 1
| #define HAVE_LINUX_CAN_RAW_FD_FRAMES 1
| #define HAVE_LINUX_CAN_RAW_JOIN_FILTERS 1
| #define WITH_DOC_STRINGS 1
| #define HAVE_STD_ATOMIC 1
| #define HAVE_BUILTIN_ATOMIC 1
| #define WITH_MIMALLOC 1
| #define WITH_PYMALLOC 1
| #define WITH_FREELISTS 1
| #define PY_COERCE_C_LOCALE 1
| #define HAVE_DLOPEN 1
| #define HAVE_DYNAMIC_LOADING 1
| #define HAVE_ACCEPT4 1
| #define HAVE_ALARM 1
| #define HAVE_BIND_TEXTDOMAIN_CODESET 1
| #define HAVE_CHMOD 1
| #define HAVE_CHOWN 1
| #define HAVE_CLOCK 1
| #define HAVE_CLOSEFROM 1
| #define HAVE_CLOSE_RANGE 1
| #define HAVE_CONFSTR 1
| #define HAVE_COPY_FILE_RANGE 1
| #define HAVE_CTERMID 1
| #define HAVE_DUP 1
| #define HAVE_DUP3 1
| #define HAVE_EXECV 1
| #define HAVE_EXPLICIT_BZERO 1
| #define HAVE_FACCESSAT 1
| #define HAVE_FCHMOD 1
| #define HAVE_FCHMODAT 1
| #define HAVE_FCHOWN 1
| #define HAVE_FCHOWNAT 1
| #define HAVE_FDOPENDIR 1
| #define HAVE_FEXECVE 1
| #define HAVE_FORK 1
| #define HAVE_FPATHCONF 1
| #define HAVE_FSTATAT 1
| #define HAVE_FTIME 1
| #define HAVE_FTRUNCATE 1
| #define HAVE_FUTIMENS 1
| #define HAVE_FUTIMES 1
| #define HAVE_FUTIMESAT 1
| #define HAVE_GAI_STRERROR 1
| #define HAVE_GETEGID 1
| #define HAVE_GETEUID 1
| #define HAVE_GETGID 1
| #define HAVE_GETGRENT 1
| #define HAVE_GETGRGID 1
| #define HAVE_GETGRGID_R 1
| #define HAVE_GETGRNAM_R 1
| #define HAVE_GETGROUPLIST 1
| #define HAVE_GETHOSTNAME 1
| #define HAVE_GETITIMER 1
| #define HAVE_GETLOADAVG 1
| #define HAVE_GETLOGIN 1
| #define HAVE_GETPEERNAME 1
| #define HAVE_GETPGID 1
| #define HAVE_GETPID 1
| #define HAVE_GETPPID 1
| #define HAVE_GETPRIORITY 1
| #define HAVE_GETPWENT 1
| #define HAVE_GETPWNAM_R 1
| #define HAVE_GETPWUID 1
| #define HAVE_GETPWUID_R 1
| #define HAVE_GETRESGID 1
| #define HAVE_GETRESUID 1
| #define HAVE_GETRUSAGE 1
| #define HAVE_GETSID 1
| #define HAVE_GETSPENT 1
| #define HAVE_GETSPNAM 1
| #define HAVE_GETUID 1
| #define HAVE_GETWD 1
| #define HAVE_GRANTPT 1
| #define HAVE_IF_NAMEINDEX 1
| #define HAVE_INITGROUPS 1
| #define HAVE_KILL 1
| #define HAVE_KILLPG 1
| #define HAVE_LCHOWN 1
| #define HAVE_LINKAT 1
| #define HAVE_LOCKF 1
| #define HAVE_LSTAT 1
| #define HAVE_LUTIMES 1
| #define HAVE_MADVISE 1
| #define HAVE_MBRTOWC 1
| #define HAVE_MEMRCHR 1
| #define HAVE_MKDIRAT 1
| #define HAVE_MKFIFO 1
| #define HAVE_MKFIFOAT 1
| #define HAVE_MKNOD 1
| #define HAVE_MKNODAT 1
| #define HAVE_MKTIME 1
| #define HAVE_MMAP 1
| #define HAVE_MREMAP 1
| #define HAVE_NICE 1
| #define HAVE_OPENAT 1
| #define HAVE_OPENDIR 1
| #define HAVE_PATHCONF 1
| #define HAVE_PAUSE 1
| #define HAVE_PIPE 1
| #define HAVE_PIPE2 1
| #define HAVE_POLL 1
| #define HAVE_POSIX_FADVISE 1
| #define HAVE_POSIX_FALLOCATE 1
| #define HAVE_POSIX_OPENPT 1
| #define HAVE_POSIX_SPAWN 1
| #define HAVE_POSIX_SPAWNP 1
| #define HAVE_POSIX_SPAWN_FILE_ACTIONS_ADDCLOSEFROM_NP 1
| #define HAVE_PREAD 1
| #define HAVE_PREADV 1
| #define HAVE_PREADV2 1
| #define HAVE_PROCESS_VM_READV 1
| #define HAVE_PTHREAD_CONDATTR_SETCLOCK 1
| #define HAVE_PTHREAD_KILL 1
| #define HAVE_PTSNAME 1
| #define HAVE_PTSNAME_R 1
| #define HAVE_PWRITE 1
| #define HAVE_PWRITEV 1
| #define HAVE_PWRITEV2 1
| #define HAVE_READLINK 1
| #define HAVE_READLINKAT 1
| #define HAVE_READV 1
| #define HAVE_REALPATH 1
| #define HAVE_RENAMEAT 1
| #define HAVE_SCHED_GET_PRIORITY_MAX 1
| #define HAVE_SCHED_RR_GET_INTERVAL 1
| #define HAVE_SCHED_SETAFFINITY 1
| #define HAVE_SCHED_SETPARAM 1
| #define HAVE_SCHED_SETSCHEDULER 1
| #define HAVE_SEM_CLOCKWAIT 1
| #define HAVE_SEM_GETVALUE 1
| #define HAVE_SEM_OPEN 1
| #define HAVE_SEM_TIMEDWAIT 1
| #define HAVE_SEM_UNLINK 1
| #define HAVE_SENDFILE 1
| #define HAVE_SETEGID 1
| #define HAVE_SETEUID 1
| #define HAVE_SETGID 1
| #define HAVE_SETHOSTNAME 1
| #define HAVE_SETITIMER 1
| #define HAVE_SETLOCALE 1
| #define HAVE_SETPGID 1
| #define HAVE_SETPGRP 1
| #define HAVE_SETPRIORITY 1
| #define HAVE_SETREGID 1
| #define HAVE_SETRESGID 1
| #define HAVE_SETRESUID 1
| #define HAVE_SETREUID 1
| #define HAVE_SETSID 1
| #define HAVE_SETUID 1
| #define HAVE_SETVBUF 1
| #define HAVE_SHUTDOWN 1
| #define HAVE_SIGACTION 1
| #define HAVE_SIGALTSTACK 1
| #define HAVE_SIGFILLSET 1
| #define HAVE_SIGINTERRUPT 1
| #define HAVE_SIGPENDING 1
| #define HAVE_SIGRELSE 1
| #define HAVE_SIGTIMEDWAIT 1
| #define HAVE_SIGWAIT 1
| #define HAVE_SIGWAITINFO 1
| #define HAVE_SNPRINTF 1
| #define HAVE_SPLICE 1
| #define HAVE_STRFTIME 1
| #define HAVE_STRLCPY 1
| #define HAVE_STRSIGNAL 1
| #define HAVE_SYMLINKAT 1
| #define HAVE_SYNC 1
| #define HAVE_SYSCONF 1
| #define HAVE_TCGETPGRP 1
| #define HAVE_TCSETPGRP 1
| #define HAVE_TEMPNAM 1
| #define HAVE_TIMEGM 1
| #define HAVE_TIMES 1
| #define HAVE_TMPFILE 1
| #define HAVE_TMPNAM 1
| #define HAVE_TMPNAM_R 1
| #define HAVE_TRUNCATE 1
| #define HAVE_TTYNAME 1
| #define HAVE_UMASK 1
| #define HAVE_UNAME 1
| #define HAVE_UNLINKAT 1
| #define HAVE_UNLOCKPT 1
| #define HAVE_UTIMENSAT 1
| #define HAVE_UTIMES 1
| #define HAVE_VFORK 1
| #define HAVE_WAIT 1
| #define HAVE_WAIT3 1
| #define HAVE_WAIT4 1
| #define HAVE_WAITID 1
| #define HAVE_WAITPID 1
| #define HAVE_WCSCOLL 1
| #define HAVE_WCSFTIME 1
| #define HAVE_WCSXFRM 1
| #define HAVE_WMEMCMP 1
| #define HAVE_WRITEV 1
| #define HAVE_GETENTROPY 1
| #define HAVE_GETGROUPS 1
| #define HAVE_SYSTEM 1
| #define HAVE_DIRFD 1
| #define HAVE_CHROOT 1
| #define HAVE_LINK 1
| #define HAVE_SYMLINK 1
| #define HAVE_FCHDIR 1
| #define HAVE_FSYNC 1
| #define HAVE_FDATASYNC 1
| #define HAVE_EPOLL 1
| #define HAVE_EPOLL_CREATE1 1
| #define HAVE_PRLIMIT 1
| #define HAVE_MEMFD_CREATE 1
| #define HAVE_EVENTFD 1
| #define HAVE_TIMERFD_CREATE 1
| #define HAVE_FLOCK 1
| #define HAVE_GETPAGESIZE 1
| #define HAVE_ZLIB_H 1
| #define HAVE_BZLIB_H 1
| #define HAVE_LZMA_H 1
| #define HAVE_HSTRERROR 1
| #define HAVE_GETSERVBYNAME 1
| #define HAVE_GETSERVBYPORT 1
| #define HAVE_GETHOSTBYNAME 1
| #define HAVE_GETHOSTBYADDR 1
| #define HAVE_GETPROTOBYNAME 1
| #define HAVE_INET_ATON 1
| #define HAVE_INET_NTOA 1
| #define HAVE_INET_PTON 1
| #define HAVE_GETPEERNAME 1
| #define HAVE_GETSOCKNAME 1
| #define HAVE_ACCEPT 1
| #define HAVE_BIND 1
| #define HAVE_CONNECT 1
| #define HAVE_LISTEN 1
| #define HAVE_RECVFROM 1
| #define HAVE_SENDTO 1
| #define HAVE_SETSOCKOPT 1
| #define HAVE_SOCKET 1
| #define HAVE_SETGROUPS 1
| #define HAVE_OPENPTY 1
| #define HAVE_LOGIN_TTY 1
| #define HAVE_FORKPTY 1
| #define HAVE_FSEEKO 1
| #define HAVE_FSTATVFS 1
| #define HAVE_FTELLO 1
| #define HAVE_STATVFS 1
| #define HAVE_DUP2 1
| #define HAVE_GETPGRP 1
| #define HAVE_SETPGRP 1
| #define HAVE_SETNS 1
| #define HAVE_UNSHARE 1
| #define HAVE_CLOCK_GETTIME 1
| #define HAVE_CLOCK_GETRES 1
| #define HAVE_CLOCK_SETTIME 1
| #define HAVE_CLOCK_NANOSLEEP 1
| #define HAVE_NANOSLEEP 1
| #define HAVE_DEVICE_MACROS 1
| #define SYS_SELECT_WITH_SYS_TIME 1
| #define HAVE_GETADDRINFO 1
| #define HAVE_GETNAMEINFO 1
| #define HAVE_STRUCT_TM_TM_ZONE 1
| #define HAVE_TM_ZONE 1
| #define HAVE_STRUCT_STAT_ST_RDEV 1
| #define HAVE_STRUCT_STAT_ST_BLKSIZE 1
| #define HAVE_STRUCT_STAT_ST_BLOCKS 1
| #define HAVE_STRUCT_PASSWD_PW_GECOS 1
| #define HAVE_STRUCT_PASSWD_PW_PASSWD 1
| #define HAVE_SIGINFO_T_SI_BAND 1
| /* end confdefs.h.  */
| #include <time.h>
| int
| main (void)
| {
| return altzone;
|   ;
|   return 0;
| }
configure:23021: result: no
configure:23029: checking for addrinfo
configure:23046: gcc -c   conftest.c >&5
configure:23046: $? = 0
configure:23054: result: yes
configure:23062: checking for sockaddr_storage
configure:23081: gcc -c   conftest.c >&5
configure:23081: $? = 0
configure:23089: result: yes
configure:23097: checking for sockaddr_alg
configure:23117: gcc -c   conftest.c >&5
configure:23117: $? = 0
configure:23125: result: yes
configure:23135: checking for an ANSI C-conforming const
configure:23202: gcc -c   conftest.c >&5
configure:23202: $? = 0
configure:23210: result: yes
configure:23219: checking for working signed char
configure:23237: gcc -c   conftest.c >&5
configure:23237: $? = 0
configure:23246: result: yes
configure:23257: checking for prototypes
configure:23275: gcc -c   conftest.c >&5
configure:23275: $? = 0
configure:23284: result: yes
configure:23299: checking for socketpair
configure:23319: gcc -c   conftest.c >&5
configure:23319: $? = 0
configure:23328: result: yes
configure:23341: checking if sockaddr has sa_len member
configure:23361: gcc -c   conftest.c >&5
conftest.c: In function 'main':
conftest.c:433:2: error: 'struct sockaddr' has no member named 'sa_len'
  433 | x.sa_len = 0;
      |  ^
configure:23361: $? = 1
configure: failed program was:
| /* confdefs.h */
| #define _NETBSD_SOURCE 1
| #define __BSD_VISIBLE 1
| #define _DARWIN_C_SOURCE 1
| #define _PYTHONFRAMEWORK ""
| #define _XOPEN_SOURCE 700
| #define _XOPEN_SOURCE_EXTENDED 1
| #define _POSIX_C_SOURCE 200809L
| #define HAVE_STDIO_H 1
| #define HAVE_STDLIB_H 1
| #define HAVE_STRING_H 1
| #define HAVE_INTTYPES_H 1
| #define HAVE_STDINT_H 1
| #define HAVE_STRINGS_H 1
| #define HAVE_SYS_STAT_H 1
| #define HAVE_SYS_TYPES_H 1
| #define HAVE_UNISTD_H 1
| #define HAVE_WCHAR_H 1
| #define STDC_HEADERS 1
| #define _ALL_SOURCE 1
| #define _DARWIN_C_SOURCE 1
| #define _GNU_SOURCE 1
| #define _HPUX_ALT_XOPEN_SOCKET_API 1
| #define _NETBSD_SOURCE 1
| #define _OPENBSD_SOURCE 1
| #define _POSIX_PTHREAD_SEMANTICS 1
| #define __STDC_WANT_IEC_60559_ATTRIBS_EXT__ 1
| #define __STDC_WANT_IEC_60559_BFP_EXT__ 1
| #define __STDC_WANT_IEC_60559_DFP_EXT__ 1
| #define __STDC_WANT_IEC_60559_FUNCS_EXT__ 1
| #define __STDC_WANT_IEC_60559_TYPES_EXT__ 1
| #define __STDC_WANT_LIB_EXT2__ 1
| #define __STDC_WANT_MATH_SPEC_FUNCS__ 1
| #define _TANDEM_SOURCE 1
| #define __EXTENSIONS__ 1
| #define PY_SUPPORT_TIER 1
| #define Py_ENABLE_SHARED 1
| #define STDC_HEADERS 1
| #define HAVE_ALLOCA_H 1
| #define HAVE_ASM_TYPES_H 1
| #define HAVE_DLFCN_H 1
| #define HAVE_ENDIAN_H 1
| #define HAVE_ERRNO_H 1
| #define HAVE_FCNTL_H 1
| #define HAVE_GRP_H 1
| #define HAVE_LANGINFO_H 1
| #define HAVE_LIBINTL_H 1
| #define HAVE_LINUX_AUXVEC_H 1
| #define HAVE_SYS_AUXV_H 1
| #define HAVE_LINUX_FS_H 1
| #define HAVE_LINUX_LIMITS_H 1
| #define HAVE_LINUX_MEMFD_H 1
| #define HAVE_LINUX_RANDOM_H 1
| #define HAVE_LINUX_SOUNDCARD_H 1
| #define HAVE_LINUX_TIPC_H 1
| #define HAVE_LINUX_WAIT_H 1
| #define HAVE_NETDB_H 1
| #define HAVE_NET_ETHERNET_H 1
| #define HAVE_NETINET_IN_H 1
| #define HAVE_NETPACKET_PACKET_H 1
| #define HAVE_POLL_H 1
| #define HAVE_PTHREAD_H 1
| #define HAVE_PTY_H 1
| #define HAVE_SCHED_H 1
| #define HAVE_SETJMP_H 1
| #define HAVE_SHADOW_H 1
| #define HAVE_SIGNAL_H 1
| #define HAVE_SPAWN_H 1
| #define HAVE_SYS_EPOLL_H 1
| #define HAVE_SYS_EVENTFD_H 1
| #define HAVE_SYS_FILE_H 1
| #define HAVE_SYS_IOCTL_H 1
| #define HAVE_SYS_MMAN_H 1
| #define HAVE_SYS_PARAM_H 1
| #define HAVE_SYS_POLL_H 1
| #define HAVE_SYS_RANDOM_H 1
| #define HAVE_SYS_RESOURCE_H 1
| #define HAVE_SYS_SELECT_H 1
| #define HAVE_SYS_SENDFILE_H 1
| #define HAVE_SYS_SOCKET_H 1
| #define HAVE_SYS_SOUNDCARD_H 1
| #define HAVE_SYS_STAT_H 1
| #define HAVE_SYS_STATVFS_H 1
| #define HAVE_SYS_SYSCALL_H 1
| #define HAVE_SYS_SYSMACROS_H 1
| #define HAVE_SYS_TIME_H 1
| #define HAVE_SYS_TIMES_H 1
| #define HAVE_SYS_TIMERFD_H 1
| #define HAVE_SYS_TYPES_H 1
| #define HAVE_SYS_UIO_H 1
| #define HAVE_SYS_UN_H 1
| #define HAVE_SYS_UTSNAME_H 1
| #define HAVE_SYS_WAIT_H 1
| #define HAVE_SYS_XATTR_H 1
| #define HAVE_SYSEXITS_H 1
| #define HAVE_SYSLOG_H 1
| #define HAVE_TERMIOS_H 1
| #define HAVE_UTIME_H 1
| #define HAVE_UTMP_H 1
| #define HAVE_DIRENT_H 1
| #define MAJOR_IN_SYSMACROS 1
| #define HAVE_NET_IF_H 1
| #define HAVE_LINUX_NETLINK_H 1
| #define HAVE_LINUX_QRTR_H 1
| #define HAVE_LINUX_VM_SOCKETS_H 1
| #define HAVE_LINUX_CAN_H 1
| #define HAVE_LINUX_CAN_BCM_H 1
| #define HAVE_LINUX_CAN_J1939_H 1
| #define HAVE_LINUX_CAN_RAW_H 1
| #define HAVE_CLOCK_T 1
| #define HAVE_MAKEDEV 1
| #define HAVE_HTOLE64 1
| #define _LARGEFILE_SOURCE 1
| #define _FILE_OFFSET_BITS 64
| #if defined(SCO_DS)
| #undef _OFF_T
| #endif
| #define RETSIGTYPE void
| #define HAVE_SSIZE_T 1
| #define HAVE___UINT128_T 1
| #define HAVE_GCC_UINT128_T 1
| #define SIZEOF_INT 4
| #define SIZEOF_LONG 8
| #define ALIGNOF_LONG 8
| #define SIZEOF_LONG_LONG 8
| #define SIZEOF_VOID_P 8
| #define SIZEOF_SHORT 2
| #define SIZEOF_FLOAT 4
| #define SIZEOF_DOUBLE 8
| #define SIZEOF_FPOS_T 16
| #define SIZEOF_SIZE_T 8
| #define ALIGNOF_SIZE_T 8
| #define SIZEOF_PID_T 4
| #define SIZEOF_UINTPTR_T 8
| #define ALIGNOF_MAX_ALIGN_T 16
| #define HAVE_LONG_DOUBLE 1
| #define SIZEOF_LONG_DOUBLE 16
| #define SIZEOF__BOOL 1
| #define SIZEOF_OFF_T 8
| #define SIZEOF_TIME_T 8
| #define SIZEOF_PTHREAD_T 8
| #define SIZEOF_PTHREAD_KEY_T 4
| #define PTHREAD_KEY_T_IS_COMPATIBLE_WITH_INT 1
| #define PY_HAVE_PERF_TRAMPOLINE 1
| #define HAVE_LIBDL 1
| #define HAVE_UUID_UUID_H 1
| #define HAVE_UUID_UUID_H 1
| #define HAVE_FFI_PREP_CIF_VAR 1
| #define HAVE_FFI_PREP_CLOSURE_LOC 1
| #define HAVE_FFI_CLOSURE_ALLOC 1
| #define WITH_DECIMAL_CONTEXTVAR 1
| #define _REENTRANT 1
| #define PTHREAD_SYSTEM_SCHED_SUPPORTED 1
| #define HAVE_PTHREAD_SIGMASK 1
| #define HAVE_PTHREAD_GETCPUCLOCKID 1
| #define ENABLE_IPV6 1
| #define HAVE_LINUX_CAN_RAW_FD_FRAMES 1
| #define HAVE_LINUX_CAN_RAW_JOIN_FILTERS 1
| #define WITH_DOC_STRINGS 1
| #define HAVE_STD_ATOMIC 1
| #define HAVE_BUILTIN_ATOMIC 1
| #define WITH_MIMALLOC 1
| #define WITH_PYMALLOC 1
| #define WITH_FREELISTS 1
| #define PY_COERCE_C_LOCALE 1
| #define HAVE_DLOPEN 1
| #define HAVE_DYNAMIC_LOADING 1
| #define HAVE_ACCEPT4 1
| #define HAVE_ALARM 1
| #define HAVE_BIND_TEXTDOMAIN_CODESET 1
| #define HAVE_CHMOD 1
| #define HAVE_CHOWN 1
| #define HAVE_CLOCK 1
| #define HAVE_CLOSEFROM 1
| #define HAVE_CLOSE_RANGE 1
| #define HAVE_CONFSTR 1
| #define HAVE_COPY_FILE_RANGE 1
| #define HAVE_CTERMID 1
| #define HAVE_DUP 1
| #define HAVE_DUP3 1
| #define HAVE_EXECV 1
| #define HAVE_EXPLICIT_BZERO 1
| #define HAVE_FACCESSAT 1
| #define HAVE_FCHMOD 1
| #define HAVE_FCHMODAT 1
| #define HAVE_FCHOWN 1
| #define HAVE_FCHOWNAT 1
| #define HAVE_FDOPENDIR 1
| #define HAVE_FEXECVE 1
| #define HAVE_FORK 1
| #define HAVE_FPATHCONF 1
| #define HAVE_FSTATAT 1
| #define HAVE_FTIME 1
| #define HAVE_FTRUNCATE 1
| #define HAVE_FUTIMENS 1
| #define HAVE_FUTIMES 1
| #define HAVE_FUTIMESAT 1
| #define HAVE_GAI_STRERROR 1
| #define HAVE_GETEGID 1
| #define HAVE_GETEUID 1
| #define HAVE_GETGID 1
| #define HAVE_GETGRENT 1
| #define HAVE_GETGRGID 1
| #define HAVE_GETGRGID_R 1
| #define HAVE_GETGRNAM_R 1
| #define HAVE_GETGROUPLIST 1
| #define HAVE_GETHOSTNAME 1
| #define HAVE_GETITIMER 1
| #define HAVE_GETLOADAVG 1
| #define HAVE_GETLOGIN 1
| #define HAVE_GETPEERNAME 1
| #define HAVE_GETPGID 1
| #define HAVE_GETPID 1
| #define HAVE_GETPPID 1
| #define HAVE_GETPRIORITY 1
| #define HAVE_GETPWENT 1
| #define HAVE_GETPWNAM_R 1
| #define HAVE_GETPWUID 1
| #define HAVE_GETPWUID_R 1
| #define HAVE_GETRESGID 1
| #define HAVE_GETRESUID 1
| #define HAVE_GETRUSAGE 1
| #define HAVE_GETSID 1
| #define HAVE_GETSPENT 1
| #define HAVE_GETSPNAM 1
| #define HAVE_GETUID 1
| #define HAVE_GETWD 1
| #define HAVE_GRANTPT 1
| #define HAVE_IF_NAMEINDEX 1
| #define HAVE_INITGROUPS 1
| #define HAVE_KILL 1
| #define HAVE_KILLPG 1
| #define HAVE_LCHOWN 1
| #define HAVE_LINKAT 1
| #define HAVE_LOCKF 1
| #define HAVE_LSTAT 1
| #define HAVE_LUTIMES 1
| #define HAVE_MADVISE 1
| #define HAVE_MBRTOWC 1
| #define HAVE_MEMRCHR 1
| #define HAVE_MKDIRAT 1
| #define HAVE_MKFIFO 1
| #define HAVE_MKFIFOAT 1
| #define HAVE_MKNOD 1
| #define HAVE_MKNODAT 1
| #define HAVE_MKTIME 1
| #define HAVE_MMAP 1
| #define HAVE_MREMAP 1
| #define HAVE_NICE 1
| #define HAVE_OPENAT 1
| #define HAVE_OPENDIR 1
| #define HAVE_PATHCONF 1
| #define HAVE_PAUSE 1
| #define HAVE_PIPE 1
| #define HAVE_PIPE2 1
| #define HAVE_POLL 1
| #define HAVE_POSIX_FADVISE 1
| #define HAVE_POSIX_FALLOCATE 1
| #define HAVE_POSIX_OPENPT 1
| #define HAVE_POSIX_SPAWN 1
| #define HAVE_POSIX_SPAWNP 1
| #define HAVE_POSIX_SPAWN_FILE_ACTIONS_ADDCLOSEFROM_NP 1
| #define HAVE_PREAD 1
| #define HAVE_PREADV 1
| #define HAVE_PREADV2 1
| #define HAVE_PROCESS_VM_READV 1
| #define HAVE_PTHREAD_CONDATTR_SETCLOCK 1
| #define HAVE_PTHREAD_KILL 1
| #define HAVE_PTSNAME 1
| #define HAVE_PTSNAME_R 1
| #define HAVE_PWRITE 1
| #define HAVE_PWRITEV 1
| #define HAVE_PWRITEV2 1
| #define HAVE_READLINK 1
| #define HAVE_READLINKAT 1
| #define HAVE_READV 1
| #define HAVE_REALPATH 1
| #define HAVE_RENAMEAT 1
| #define HAVE_SCHED_GET_PRIORITY_MAX 1
| #define HAVE_SCHED_RR_GET_INTERVAL 1
| #define HAVE_SCHED_SETAFFINITY 1
| #define HAVE_SCHED_SETPARAM 1
| #define HAVE_SCHED_SETSCHEDULER 1
| #define HAVE_SEM_CLOCKWAIT 1
| #define HAVE_SEM_GETVALUE 1
| #define HAVE_SEM_OPEN 1
| #define HAVE_SEM_TIMEDWAIT 1
| #define HAVE_SEM_UNLINK 1
| #define HAVE_SENDFILE 1
| #define HAVE_SETEGID 1
| #define HAVE_SETEUID 1
| #define HAVE_SETGID 1
| #define HAVE_SETHOSTNAME 1
| #define HAVE_SETITIMER 1
| #define HAVE_SETLOCALE 1
| #define HAVE_SETPGID 1
| #define HAVE_SETPGRP 1
| #define HAVE_SETPRIORITY 1
| #define HAVE_SETREGID 1
| #define HAVE_SETRESGID 1
| #define HAVE_SETRESUID 1
| #define HAVE_SETREUID 1
| #define HAVE_SETSID 1
| #define HAVE_SETUID 1
| #define HAVE_SETVBUF 1
| #define HAVE_SHUTDOWN 1
| #define HAVE_SIGACTION 1
| #define HAVE_SIGALTSTACK 1
| #define HAVE_SIGFILLSET 1
| #define HAVE_SIGINTERRUPT 1
| #define HAVE_SIGPENDING 1
| #define HAVE_SIGRELSE 1
| #define HAVE_SIGTIMEDWAIT 1
| #define HAVE_SIGWAIT 1
| #define HAVE_SIGWAITINFO 1
| #define HAVE_SNPRINTF 1
| #define HAVE_SPLICE 1
| #define HAVE_STRFTIME 1
| #define HAVE_STRLCPY 1
| #define HAVE_STRSIGNAL 1
| #define HAVE_SYMLINKAT 1
| #define HAVE_SYNC 1
| #define HAVE_SYSCONF 1
| #define HAVE_TCGETPGRP 1
| #define HAVE_TCSETPGRP 1
| #define HAVE_TEMPNAM 1
| #define HAVE_TIMEGM 1
| #define HAVE_TIMES 1
| #define HAVE_TMPFILE 1
| #define HAVE_TMPNAM 1
| #define HAVE_TMPNAM_R 1
| #define HAVE_TRUNCATE 1
| #define HAVE_TTYNAME 1
| #define HAVE_UMASK 1
| #define HAVE_UNAME 1
| #define HAVE_UNLINKAT 1
| #define HAVE_UNLOCKPT 1
| #define HAVE_UTIMENSAT 1
| #define HAVE_UTIMES 1
| #define HAVE_VFORK 1
| #define HAVE_WAIT 1
| #define HAVE_WAIT3 1
| #define HAVE_WAIT4 1
| #define HAVE_WAITID 1
| #define HAVE_WAITPID 1
| #define HAVE_WCSCOLL 1
| #define HAVE_WCSFTIME 1
| #define HAVE_WCSXFRM 1
| #define HAVE_WMEMCMP 1
| #define HAVE_WRITEV 1
| #define HAVE_GETENTROPY 1
| #define HAVE_GETGROUPS 1
| #define HAVE_SYSTEM 1
| #define HAVE_DIRFD 1
| #define HAVE_CHROOT 1
| #define HAVE_LINK 1
| #define HAVE_SYMLINK 1
| #define HAVE_FCHDIR 1
| #define HAVE_FSYNC 1
| #define HAVE_FDATASYNC 1
| #define HAVE_EPOLL 1
| #define HAVE_EPOLL_CREATE1 1
| #define HAVE_PRLIMIT 1
| #define HAVE_MEMFD_CREATE 1
| #define HAVE_EVENTFD 1
| #define HAVE_TIMERFD_CREATE 1
| #define HAVE_FLOCK 1
| #define HAVE_GETPAGESIZE 1
| #define HAVE_ZLIB_H 1
| #define HAVE_BZLIB_H 1
| #define HAVE_LZMA_H 1
| #define HAVE_HSTRERROR 1
| #define HAVE_GETSERVBYNAME 1
| #define HAVE_GETSERVBYPORT 1
| #define HAVE_GETHOSTBYNAME 1
| #define HAVE_GETHOSTBYADDR 1
| #define HAVE_GETPROTOBYNAME 1
| #define HAVE_INET_ATON 1
| #define HAVE_INET_NTOA 1
| #define HAVE_INET_PTON 1
| #define HAVE_GETPEERNAME 1
| #define HAVE_GETSOCKNAME 1
| #define HAVE_ACCEPT 1
| #define HAVE_BIND 1
| #define HAVE_CONNECT 1
| #define HAVE_LISTEN 1
| #define HAVE_RECVFROM 1
| #define HAVE_SENDTO 1
| #define HAVE_SETSOCKOPT 1
| #define HAVE_SOCKET 1
| #define HAVE_SETGROUPS 1
| #define HAVE_OPENPTY 1
| #define HAVE_LOGIN_TTY 1
| #define HAVE_FORKPTY 1
| #define HAVE_FSEEKO 1
| #define HAVE_FSTATVFS 1
| #define HAVE_FTELLO 1
| #define HAVE_STATVFS 1
| #define HAVE_DUP2 1
| #define HAVE_GETPGRP 1
| #define HAVE_SETPGRP 1
| #define HAVE_SETNS 1
| #define HAVE_UNSHARE 1
| #define HAVE_CLOCK_GETTIME 1
| #define HAVE_CLOCK_GETRES 1
| #define HAVE_CLOCK_SETTIME 1
| #define HAVE_CLOCK_NANOSLEEP 1
| #define HAVE_NANOSLEEP 1
| #define HAVE_DEVICE_MACROS 1
| #define SYS_SELECT_WITH_SYS_TIME 1
| #define HAVE_GETADDRINFO 1
| #define HAVE_GETNAMEINFO 1
| #define HAVE_STRUCT_TM_TM_ZONE 1
| #define HAVE_TM_ZONE 1
| #define HAVE_STRUCT_STAT_ST_RDEV 1
| #define HAVE_STRUCT_STAT_ST_BLKSIZE 1
| #define HAVE_STRUCT_STAT_ST_BLOCKS 1
| #define HAVE_STRUCT_PASSWD_PW_GECOS 1
| #define HAVE_STRUCT_PASSWD_PW_PASSWD 1
| #define HAVE_SIGINFO_T_SI_BAND 1
| #define HAVE_ADDRINFO 1
| #define HAVE_SOCKADDR_STORAGE 1
| #define HAVE_SOCKADDR_ALG 1
| #define HAVE_PROTOTYPES 1
| #define HAVE_SOCKETPAIR 1
| /* end confdefs.h.  */
| #include <sys/types.h>
| #include <sys/socket.h>
| int
| main (void)
| {
| struct sockaddr x;
| x.sa_len = 0;
|   ;
|   return 0;
| }
configure:23370: result: no
configure:23384: checking for gethostbyname_r
configure:23384: gcc -o conftest    conftest.c -ldl  >&5
configure:23384: $? = 0
configure:23384: result: yes
configure:23389: checking gethostbyname_r with 6 args
configure:23414: gcc -c      conftest.c >&5
configure:23414: $? = 0
configure:23422: result: yes
configure:23536: checking for __fpu_control
configure:23536: gcc -o conftest    conftest.c -ldl  >&5
configure:23536: $? = 0
configure:23536: result: yes
configure:23594: checking for --with-libm=STRING
configure:23612: result: default LIBM="-lm"
configure:23619: checking for --with-libc=STRING
configure:23637: result: default LIBC=""
configure:23647: checking for x64 gcc inline assembler
configure:23667: gcc -o conftest    conftest.c -ldl  >&5
configure:23667: $? = 0
configure:23677: result: yes
configure:23693: checking whether float word ordering is bigendian
configure:23718: gcc -o conftest    conftest.c -ldl  >&5
configure:23718: $? = 0
configure:23738: result: no
configure:23783: checking whether we can use gcc inline assembler to get and set x87 control word
configure:23805: gcc -o conftest    conftest.c -ldl  >&5
configure:23805: $? = 0
configure:23815: result: yes
configure:23826: checking whether we can use gcc inline assembler to get and set mc68881 fpcr
configure:23848: gcc -o conftest    conftest.c -ldl  >&5
conftest.c: Assembler messages:
conftest.c:439: Error: no such instruction: `fmove.l %fpcr,%eax'
conftest.c:440: Error: no such instruction: `fmove.l -4(%rbp),%fpcr'
configure:23848: $? = 1
configure: failed program was:
| /* confdefs.h */
| #define _NETBSD_SOURCE 1
| #define __BSD_VISIBLE 1
| #define _DARWIN_C_SOURCE 1
| #define _PYTHONFRAMEWORK ""
| #define _XOPEN_SOURCE 700
| #define _XOPEN_SOURCE_EXTENDED 1
| #define _POSIX_C_SOURCE 200809L
| #define HAVE_STDIO_H 1
| #define HAVE_STDLIB_H 1
| #define HAVE_STRING_H 1
| #define HAVE_INTTYPES_H 1
| #define HAVE_STDINT_H 1
| #define HAVE_STRINGS_H 1
| #define HAVE_SYS_STAT_H 1
| #define HAVE_SYS_TYPES_H 1
| #define HAVE_UNISTD_H 1
| #define HAVE_WCHAR_H 1
| #define STDC_HEADERS 1
| #define _ALL_SOURCE 1
| #define _DARWIN_C_SOURCE 1
| #define _GNU_SOURCE 1
| #define _HPUX_ALT_XOPEN_SOCKET_API 1
| #define _NETBSD_SOURCE 1
| #define _OPENBSD_SOURCE 1
| #define _POSIX_PTHREAD_SEMANTICS 1
| #define __STDC_WANT_IEC_60559_ATTRIBS_EXT__ 1
| #define __STDC_WANT_IEC_60559_BFP_EXT__ 1
| #define __STDC_WANT_IEC_60559_DFP_EXT__ 1
| #define __STDC_WANT_IEC_60559_FUNCS_EXT__ 1
| #define __STDC_WANT_IEC_60559_TYPES_EXT__ 1
| #define __STDC_WANT_LIB_EXT2__ 1
| #define __STDC_WANT_MATH_SPEC_FUNCS__ 1
| #define _TANDEM_SOURCE 1
| #define __EXTENSIONS__ 1
| #define PY_SUPPORT_TIER 1
| #define Py_ENABLE_SHARED 1
| #define STDC_HEADERS 1
| #define HAVE_ALLOCA_H 1
| #define HAVE_ASM_TYPES_H 1
| #define HAVE_DLFCN_H 1
| #define HAVE_ENDIAN_H 1
| #define HAVE_ERRNO_H 1
| #define HAVE_FCNTL_H 1
| #define HAVE_GRP_H 1
| #define HAVE_LANGINFO_H 1
| #define HAVE_LIBINTL_H 1
| #define HAVE_LINUX_AUXVEC_H 1
| #define HAVE_SYS_AUXV_H 1
| #define HAVE_LINUX_FS_H 1
| #define HAVE_LINUX_LIMITS_H 1
| #define HAVE_LINUX_MEMFD_H 1
| #define HAVE_LINUX_RANDOM_H 1
| #define HAVE_LINUX_SOUNDCARD_H 1
| #define HAVE_LINUX_TIPC_H 1
| #define HAVE_LINUX_WAIT_H 1
| #define HAVE_NETDB_H 1
| #define HAVE_NET_ETHERNET_H 1
| #define HAVE_NETINET_IN_H 1
| #define HAVE_NETPACKET_PACKET_H 1
| #define HAVE_POLL_H 1
| #define HAVE_PTHREAD_H 1
| #define HAVE_PTY_H 1
| #define HAVE_SCHED_H 1
| #define HAVE_SETJMP_H 1
| #define HAVE_SHADOW_H 1
| #define HAVE_SIGNAL_H 1
| #define HAVE_SPAWN_H 1
| #define HAVE_SYS_EPOLL_H 1
| #define HAVE_SYS_EVENTFD_H 1
| #define HAVE_SYS_FILE_H 1
| #define HAVE_SYS_IOCTL_H 1
| #define HAVE_SYS_MMAN_H 1
| #define HAVE_SYS_PARAM_H 1
| #define HAVE_SYS_POLL_H 1
| #define HAVE_SYS_RANDOM_H 1
| #define HAVE_SYS_RESOURCE_H 1
| #define HAVE_SYS_SELECT_H 1
| #define HAVE_SYS_SENDFILE_H 1
| #define HAVE_SYS_SOCKET_H 1
| #define HAVE_SYS_SOUNDCARD_H 1
| #define HAVE_SYS_STAT_H 1
| #define HAVE_SYS_STATVFS_H 1
| #define HAVE_SYS_SYSCALL_H 1
| #define HAVE_SYS_SYSMACROS_H 1
| #define HAVE_SYS_TIME_H 1
| #define HAVE_SYS_TIMES_H 1
| #define HAVE_SYS_TIMERFD_H 1
| #define HAVE_SYS_TYPES_H 1
| #define HAVE_SYS_UIO_H 1
| #define HAVE_SYS_UN_H 1
| #define HAVE_SYS_UTSNAME_H 1
| #define HAVE_SYS_WAIT_H 1
| #define HAVE_SYS_XATTR_H 1
| #define HAVE_SYSEXITS_H 1
| #define HAVE_SYSLOG_H 1
| #define HAVE_TERMIOS_H 1
| #define HAVE_UTIME_H 1
| #define HAVE_UTMP_H 1
| #define HAVE_DIRENT_H 1
| #define MAJOR_IN_SYSMACROS 1
| #define HAVE_NET_IF_H 1
| #define HAVE_LINUX_NETLINK_H 1
| #define HAVE_LINUX_QRTR_H 1
| #define HAVE_LINUX_VM_SOCKETS_H 1
| #define HAVE_LINUX_CAN_H 1
| #define HAVE_LINUX_CAN_BCM_H 1
| #define HAVE_LINUX_CAN_J1939_H 1
| #define HAVE_LINUX_CAN_RAW_H 1
| #define HAVE_CLOCK_T 1
| #define HAVE_MAKEDEV 1
| #define HAVE_HTOLE64 1
| #define _LARGEFILE_SOURCE 1
| #define _FILE_OFFSET_BITS 64
| #if defined(SCO_DS)
| #undef _OFF_T
| #endif
| #define RETSIGTYPE void
| #define HAVE_SSIZE_T 1
| #define HAVE___UINT128_T 1
| #define HAVE_GCC_UINT128_T 1
| #define SIZEOF_INT 4
| #define SIZEOF_LONG 8
| #define ALIGNOF_LONG 8
| #define SIZEOF_LONG_LONG 8
| #define SIZEOF_VOID_P 8
| #define SIZEOF_SHORT 2
| #define SIZEOF_FLOAT 4
| #define SIZEOF_DOUBLE 8
| #define SIZEOF_FPOS_T 16
| #define SIZEOF_SIZE_T 8
| #define ALIGNOF_SIZE_T 8
| #define SIZEOF_PID_T 4
| #define SIZEOF_UINTPTR_T 8
| #define ALIGNOF_MAX_ALIGN_T 16
| #define HAVE_LONG_DOUBLE 1
| #define SIZEOF_LONG_DOUBLE 16
| #define SIZEOF__BOOL 1
| #define SIZEOF_OFF_T 8
| #define SIZEOF_TIME_T 8
| #define SIZEOF_PTHREAD_T 8
| #define SIZEOF_PTHREAD_KEY_T 4
| #define PTHREAD_KEY_T_IS_COMPATIBLE_WITH_INT 1
| #define PY_HAVE_PERF_TRAMPOLINE 1
| #define HAVE_LIBDL 1
| #define HAVE_UUID_UUID_H 1
| #define HAVE_UUID_UUID_H 1
| #define HAVE_FFI_PREP_CIF_VAR 1
| #define HAVE_FFI_PREP_CLOSURE_LOC 1
| #define HAVE_FFI_CLOSURE_ALLOC 1
| #define WITH_DECIMAL_CONTEXTVAR 1
| #define _REENTRANT 1
| #define PTHREAD_SYSTEM_SCHED_SUPPORTED 1
| #define HAVE_PTHREAD_SIGMASK 1
| #define HAVE_PTHREAD_GETCPUCLOCKID 1
| #define ENABLE_IPV6 1
| #define HAVE_LINUX_CAN_RAW_FD_FRAMES 1
| #define HAVE_LINUX_CAN_RAW_JOIN_FILTERS 1
| #define WITH_DOC_STRINGS 1
| #define HAVE_STD_ATOMIC 1
| #define HAVE_BUILTIN_ATOMIC 1
| #define WITH_MIMALLOC 1
| #define WITH_PYMALLOC 1
| #define WITH_FREELISTS 1
| #define PY_COERCE_C_LOCALE 1
| #define HAVE_DLOPEN 1
| #define HAVE_DYNAMIC_LOADING 1
| #define HAVE_ACCEPT4 1
| #define HAVE_ALARM 1
| #define HAVE_BIND_TEXTDOMAIN_CODESET 1
| #define HAVE_CHMOD 1
| #define HAVE_CHOWN 1
| #define HAVE_CLOCK 1
| #define HAVE_CLOSEFROM 1
| #define HAVE_CLOSE_RANGE 1
| #define HAVE_CONFSTR 1
| #define HAVE_COPY_FILE_RANGE 1
| #define HAVE_CTERMID 1
| #define HAVE_DUP 1
| #define HAVE_DUP3 1
| #define HAVE_EXECV 1
| #define HAVE_EXPLICIT_BZERO 1
| #define HAVE_FACCESSAT 1
| #define HAVE_FCHMOD 1
| #define HAVE_FCHMODAT 1
| #define HAVE_FCHOWN 1
| #define HAVE_FCHOWNAT 1
| #define HAVE_FDOPENDIR 1
| #define HAVE_FEXECVE 1
| #define HAVE_FORK 1
| #define HAVE_FPATHCONF 1
| #define HAVE_FSTATAT 1
| #define HAVE_FTIME 1
| #define HAVE_FTRUNCATE 1
| #define HAVE_FUTIMENS 1
| #define HAVE_FUTIMES 1
| #define HAVE_FUTIMESAT 1
| #define HAVE_GAI_STRERROR 1
| #define HAVE_GETEGID 1
| #define HAVE_GETEUID 1
| #define HAVE_GETGID 1
| #define HAVE_GETGRENT 1
| #define HAVE_GETGRGID 1
| #define HAVE_GETGRGID_R 1
| #define HAVE_GETGRNAM_R 1
| #define HAVE_GETGROUPLIST 1
| #define HAVE_GETHOSTNAME 1
| #define HAVE_GETITIMER 1
| #define HAVE_GETLOADAVG 1
| #define HAVE_GETLOGIN 1
| #define HAVE_GETPEERNAME 1
| #define HAVE_GETPGID 1
| #define HAVE_GETPID 1
| #define HAVE_GETPPID 1
| #define HAVE_GETPRIORITY 1
| #define HAVE_GETPWENT 1
| #define HAVE_GETPWNAM_R 1
| #define HAVE_GETPWUID 1
| #define HAVE_GETPWUID_R 1
| #define HAVE_GETRESGID 1
| #define HAVE_GETRESUID 1
| #define HAVE_GETRUSAGE 1
| #define HAVE_GETSID 1
| #define HAVE_GETSPENT 1
| #define HAVE_GETSPNAM 1
| #define HAVE_GETUID 1
| #define HAVE_GETWD 1
| #define HAVE_GRANTPT 1
| #define HAVE_IF_NAMEINDEX 1
| #define HAVE_INITGROUPS 1
| #define HAVE_KILL 1
| #define HAVE_KILLPG 1
| #define HAVE_LCHOWN 1
| #define HAVE_LINKAT 1
| #define HAVE_LOCKF 1
| #define HAVE_LSTAT 1
| #define HAVE_LUTIMES 1
| #define HAVE_MADVISE 1
| #define HAVE_MBRTOWC 1
| #define HAVE_MEMRCHR 1
| #define HAVE_MKDIRAT 1
| #define HAVE_MKFIFO 1
| #define HAVE_MKFIFOAT 1
| #define HAVE_MKNOD 1
| #define HAVE_MKNODAT 1
| #define HAVE_MKTIME 1
| #define HAVE_MMAP 1
| #define HAVE_MREMAP 1
| #define HAVE_NICE 1
| #define HAVE_OPENAT 1
| #define HAVE_OPENDIR 1
| #define HAVE_PATHCONF 1
| #define HAVE_PAUSE 1
| #define HAVE_PIPE 1
| #define HAVE_PIPE2 1
| #define HAVE_POLL 1
| #define HAVE_POSIX_FADVISE 1
| #define HAVE_POSIX_FALLOCATE 1
| #define HAVE_POSIX_OPENPT 1
| #define HAVE_POSIX_SPAWN 1
| #define HAVE_POSIX_SPAWNP 1
| #define HAVE_POSIX_SPAWN_FILE_ACTIONS_ADDCLOSEFROM_NP 1
| #define HAVE_PREAD 1
| #define HAVE_PREADV 1
| #define HAVE_PREADV2 1
| #define HAVE_PROCESS_VM_READV 1
| #define HAVE_PTHREAD_CONDATTR_SETCLOCK 1
| #define HAVE_PTHREAD_KILL 1
| #define HAVE_PTSNAME 1
| #define HAVE_PTSNAME_R 1
| #define HAVE_PWRITE 1
| #define HAVE_PWRITEV 1
| #define HAVE_PWRITEV2 1
| #define HAVE_READLINK 1
| #define HAVE_READLINKAT 1
| #define HAVE_READV 1
| #define HAVE_REALPATH 1
| #define HAVE_RENAMEAT 1
| #define HAVE_SCHED_GET_PRIORITY_MAX 1
| #define HAVE_SCHED_RR_GET_INTERVAL 1
| #define HAVE_SCHED_SETAFFINITY 1
| #define HAVE_SCHED_SETPARAM 1
| #define HAVE_SCHED_SETSCHEDULER 1
| #define HAVE_SEM_CLOCKWAIT 1
| #define HAVE_SEM_GETVALUE 1
| #define HAVE_SEM_OPEN 1
| #define HAVE_SEM_TIMEDWAIT 1
| #define HAVE_SEM_UNLINK 1
| #define HAVE_SENDFILE 1
| #define HAVE_SETEGID 1
| #define HAVE_SETEUID 1
| #define HAVE_SETGID 1
| #define HAVE_SETHOSTNAME 1
| #define HAVE_SETITIMER 1
| #define HAVE_SETLOCALE 1
| #define HAVE_SETPGID 1
| #define HAVE_SETPGRP 1
| #define HAVE_SETPRIORITY 1
| #define HAVE_SETREGID 1
| #define HAVE_SETRESGID 1
| #define HAVE_SETRESUID 1
| #define HAVE_SETREUID 1
| #define HAVE_SETSID 1
| #define HAVE_SETUID 1
| #define HAVE_SETVBUF 1
| #define HAVE_SHUTDOWN 1
| #define HAVE_SIGACTION 1
| #define HAVE_SIGALTSTACK 1
| #define HAVE_SIGFILLSET 1
| #define HAVE_SIGINTERRUPT 1
| #define HAVE_SIGPENDING 1
| #define HAVE_SIGRELSE 1
| #define HAVE_SIGTIMEDWAIT 1
| #define HAVE_SIGWAIT 1
| #define HAVE_SIGWAITINFO 1
| #define HAVE_SNPRINTF 1
| #define HAVE_SPLICE 1
| #define HAVE_STRFTIME 1
| #define HAVE_STRLCPY 1
| #define HAVE_STRSIGNAL 1
| #define HAVE_SYMLINKAT 1
| #define HAVE_SYNC 1
| #define HAVE_SYSCONF 1
| #define HAVE_TCGETPGRP 1
| #define HAVE_TCSETPGRP 1
| #define HAVE_TEMPNAM 1
| #define HAVE_TIMEGM 1
| #define HAVE_TIMES 1
| #define HAVE_TMPFILE 1
| #define HAVE_TMPNAM 1
| #define HAVE_TMPNAM_R 1
| #define HAVE_TRUNCATE 1
| #define HAVE_TTYNAME 1
| #define HAVE_UMASK 1
| #define HAVE_UNAME 1
| #define HAVE_UNLINKAT 1
| #define HAVE_UNLOCKPT 1
| #define HAVE_UTIMENSAT 1
| #define HAVE_UTIMES 1
| #define HAVE_VFORK 1
| #define HAVE_WAIT 1
| #define HAVE_WAIT3 1
| #define HAVE_WAIT4 1
| #define HAVE_WAITID 1
| #define HAVE_WAITPID 1
| #define HAVE_WCSCOLL 1
| #define HAVE_WCSFTIME 1
| #define HAVE_WCSXFRM 1
| #define HAVE_WMEMCMP 1
| #define HAVE_WRITEV 1
| #define HAVE_GETENTROPY 1
| #define HAVE_GETGROUPS 1
| #define HAVE_SYSTEM 1
| #define HAVE_DIRFD 1
| #define HAVE_CHROOT 1
| #define HAVE_LINK 1
| #define HAVE_SYMLINK 1
| #define HAVE_FCHDIR 1
| #define HAVE_FSYNC 1
| #define HAVE_FDATASYNC 1
| #define HAVE_EPOLL 1
| #define HAVE_EPOLL_CREATE1 1
| #define HAVE_PRLIMIT 1
| #define HAVE_MEMFD_CREATE 1
| #define HAVE_EVENTFD 1
| #define HAVE_TIMERFD_CREATE 1
| #define HAVE_FLOCK 1
| #define HAVE_GETPAGESIZE 1
| #define HAVE_ZLIB_H 1
| #define HAVE_BZLIB_H 1
| #define HAVE_LZMA_H 1
| #define HAVE_HSTRERROR 1
| #define HAVE_GETSERVBYNAME 1
| #define HAVE_GETSERVBYPORT 1
| #define HAVE_GETHOSTBYNAME 1
| #define HAVE_GETHOSTBYADDR 1
| #define HAVE_GETPROTOBYNAME 1
| #define HAVE_INET_ATON 1
| #define HAVE_INET_NTOA 1
| #define HAVE_INET_PTON 1
| #define HAVE_GETPEERNAME 1
| #define HAVE_GETSOCKNAME 1
| #define HAVE_ACCEPT 1
| #define HAVE_BIND 1
| #define HAVE_CONNECT 1
| #define HAVE_LISTEN 1
| #define HAVE_RECVFROM 1
| #define HAVE_SENDTO 1
| #define HAVE_SETSOCKOPT 1
| #define HAVE_SOCKET 1
| #define HAVE_SETGROUPS 1
| #define HAVE_OPENPTY 1
| #define HAVE_LOGIN_TTY 1
| #define HAVE_FORKPTY 1
| #define HAVE_FSEEKO 1
| #define HAVE_FSTATVFS 1
| #define HAVE_FTELLO 1
| #define HAVE_STATVFS 1
| #define HAVE_DUP2 1
| #define HAVE_GETPGRP 1
| #define HAVE_SETPGRP 1
| #define HAVE_SETNS 1
| #define HAVE_UNSHARE 1
| #define HAVE_CLOCK_GETTIME 1
| #define HAVE_CLOCK_GETRES 1
| #define HAVE_CLOCK_SETTIME 1
| #define HAVE_CLOCK_NANOSLEEP 1
| #define HAVE_NANOSLEEP 1
| #define HAVE_DEVICE_MACROS 1
| #define SYS_SELECT_WITH_SYS_TIME 1
| #define HAVE_GETADDRINFO 1
| #define HAVE_GETNAMEINFO 1
| #define HAVE_STRUCT_TM_TM_ZONE 1
| #define HAVE_TM_ZONE 1
| #define HAVE_STRUCT_STAT_ST_RDEV 1
| #define HAVE_STRUCT_STAT_ST_BLKSIZE 1
| #define HAVE_STRUCT_STAT_ST_BLOCKS 1
| #define HAVE_STRUCT_PASSWD_PW_GECOS 1
| #define HAVE_STRUCT_PASSWD_PW_PASSWD 1
| #define HAVE_SIGINFO_T_SI_BAND 1
| #define HAVE_ADDRINFO 1
| #define HAVE_SOCKADDR_STORAGE 1
| #define HAVE_SOCKADDR_ALG 1
| #define HAVE_PROTOTYPES 1
| #define HAVE_SOCKETPAIR 1
| #define HAVE_GETHOSTBYNAME_R 1
| #define HAVE_GETHOSTBYNAME_R 1
| #define HAVE_GETHOSTBYNAME_R_6_ARG 1
| #define HAVE_GCC_ASM_FOR_X64 1
| #define DOUBLE_IS_LITTLE_ENDIAN_IEEE754 1
| #define HAVE_GCC_ASM_FOR_X87 1
| /* end confdefs.h.  */
| 
| int
| main (void)
| {
| 
|   unsigned int fpcr;
|   __asm__ __volatile__ ("fmove.l %%fpcr,%0" : "=g" (fpcr));
|   __asm__ __volatile__ ("fmove.l %0,%%fpcr" : : "g" (fpcr));
| 
|   ;
|   return 0;
| }
configure:23858: result: no
configure:23874: checking for x87-style double rounding
configure:23911: gcc  -fno-strict-overflow -Wsign-compare -o conftest    conftest.c -ldl  >&5
configure:23911: $? = 0
configure:23911: ./conftest
configure:23911: $? = 0
configure:23924: result: no
configure:23947: checking for acosh
configure:23947: gcc -o conftest    conftest.c -ldl  -lm >&5
conftest.c:449:6: warning: conflicting types for built-in function 'acosh'; expected 'double(double)' [-Wbuiltin-declaration-mismatch]
  449 | char acosh ();
      |      ^~~~~
conftest.c:441:1: note: 'acosh' is declared in header '<math.h>'
  440 | #include <limits.h>
  441 | #undef acosh
/usr/bin/ld: cannot find /lib64/libmvec.so.1: No such file or directory
collect2: error: ld returned 1 exit status
configure:23947: $? = 1
configure: failed program was:
| /* confdefs.h */
| #define _NETBSD_SOURCE 1
| #define __BSD_VISIBLE 1
| #define _DARWIN_C_SOURCE 1
| #define _PYTHONFRAMEWORK ""
| #define _XOPEN_SOURCE 700
| #define _XOPEN_SOURCE_EXTENDED 1
| #define _POSIX_C_SOURCE 200809L
| #define HAVE_STDIO_H 1
| #define HAVE_STDLIB_H 1
| #define HAVE_STRING_H 1
| #define HAVE_INTTYPES_H 1
| #define HAVE_STDINT_H 1
| #define HAVE_STRINGS_H 1
| #define HAVE_SYS_STAT_H 1
| #define HAVE_SYS_TYPES_H 1
| #define HAVE_UNISTD_H 1
| #define HAVE_WCHAR_H 1
| #define STDC_HEADERS 1
| #define _ALL_SOURCE 1
| #define _DARWIN_C_SOURCE 1
| #define _GNU_SOURCE 1
| #define _HPUX_ALT_XOPEN_SOCKET_API 1
| #define _NETBSD_SOURCE 1
| #define _OPENBSD_SOURCE 1
| #define _POSIX_PTHREAD_SEMANTICS 1
| #define __STDC_WANT_IEC_60559_ATTRIBS_EXT__ 1
| #define __STDC_WANT_IEC_60559_BFP_EXT__ 1
| #define __STDC_WANT_IEC_60559_DFP_EXT__ 1
| #define __STDC_WANT_IEC_60559_FUNCS_EXT__ 1
| #define __STDC_WANT_IEC_60559_TYPES_EXT__ 1
| #define __STDC_WANT_LIB_EXT2__ 1
| #define __STDC_WANT_MATH_SPEC_FUNCS__ 1
| #define _TANDEM_SOURCE 1
| #define __EXTENSIONS__ 1
| #define PY_SUPPORT_TIER 1
| #define Py_ENABLE_SHARED 1
| #define STDC_HEADERS 1
| #define HAVE_ALLOCA_H 1
| #define HAVE_ASM_TYPES_H 1
| #define HAVE_DLFCN_H 1
| #define HAVE_ENDIAN_H 1
| #define HAVE_ERRNO_H 1
| #define HAVE_FCNTL_H 1
| #define HAVE_GRP_H 1
| #define HAVE_LANGINFO_H 1
| #define HAVE_LIBINTL_H 1
| #define HAVE_LINUX_AUXVEC_H 1
| #define HAVE_SYS_AUXV_H 1
| #define HAVE_LINUX_FS_H 1
| #define HAVE_LINUX_LIMITS_H 1
| #define HAVE_LINUX_MEMFD_H 1
| #define HAVE_LINUX_RANDOM_H 1
| #define HAVE_LINUX_SOUNDCARD_H 1
| #define HAVE_LINUX_TIPC_H 1
| #define HAVE_LINUX_WAIT_H 1
| #define HAVE_NETDB_H 1
| #define HAVE_NET_ETHERNET_H 1
| #define HAVE_NETINET_IN_H 1
| #define HAVE_NETPACKET_PACKET_H 1
| #define HAVE_POLL_H 1
| #define HAVE_PTHREAD_H 1
| #define HAVE_PTY_H 1
| #define HAVE_SCHED_H 1
| #define HAVE_SETJMP_H 1
| #define HAVE_SHADOW_H 1
| #define HAVE_SIGNAL_H 1
| #define HAVE_SPAWN_H 1
| #define HAVE_SYS_EPOLL_H 1
| #define HAVE_SYS_EVENTFD_H 1
| #define HAVE_SYS_FILE_H 1
| #define HAVE_SYS_IOCTL_H 1
| #define HAVE_SYS_MMAN_H 1
| #define HAVE_SYS_PARAM_H 1
| #define HAVE_SYS_POLL_H 1
| #define HAVE_SYS_RANDOM_H 1
| #define HAVE_SYS_RESOURCE_H 1
| #define HAVE_SYS_SELECT_H 1
| #define HAVE_SYS_SENDFILE_H 1
| #define HAVE_SYS_SOCKET_H 1
| #define HAVE_SYS_SOUNDCARD_H 1
| #define HAVE_SYS_STAT_H 1
| #define HAVE_SYS_STATVFS_H 1
| #define HAVE_SYS_SYSCALL_H 1
| #define HAVE_SYS_SYSMACROS_H 1
| #define HAVE_SYS_TIME_H 1
| #define HAVE_SYS_TIMES_H 1
| #define HAVE_SYS_TIMERFD_H 1
| #define HAVE_SYS_TYPES_H 1
| #define HAVE_SYS_UIO_H 1
| #define HAVE_SYS_UN_H 1
| #define HAVE_SYS_UTSNAME_H 1
| #define HAVE_SYS_WAIT_H 1
| #define HAVE_SYS_XATTR_H 1
| #define HAVE_SYSEXITS_H 1
| #define HAVE_SYSLOG_H 1
| #define HAVE_TERMIOS_H 1
| #define HAVE_UTIME_H 1
| #define HAVE_UTMP_H 1
| #define HAVE_DIRENT_H 1
| #define MAJOR_IN_SYSMACROS 1
| #define HAVE_NET_IF_H 1
| #define HAVE_LINUX_NETLINK_H 1
| #define HAVE_LINUX_QRTR_H 1
| #define HAVE_LINUX_VM_SOCKETS_H 1
| #define HAVE_LINUX_CAN_H 1
| #define HAVE_LINUX_CAN_BCM_H 1
| #define HAVE_LINUX_CAN_J1939_H 1
| #define HAVE_LINUX_CAN_RAW_H 1
| #define HAVE_CLOCK_T 1
| #define HAVE_MAKEDEV 1
| #define HAVE_HTOLE64 1
| #define _LARGEFILE_SOURCE 1
| #define _FILE_OFFSET_BITS 64
| #if defined(SCO_DS)
| #undef _OFF_T
| #endif
| #define RETSIGTYPE void
| #define HAVE_SSIZE_T 1
| #define HAVE___UINT128_T 1
| #define HAVE_GCC_UINT128_T 1
| #define SIZEOF_INT 4
| #define SIZEOF_LONG 8
| #define ALIGNOF_LONG 8
| #define SIZEOF_LONG_LONG 8
| #define SIZEOF_VOID_P 8
| #define SIZEOF_SHORT 2
| #define SIZEOF_FLOAT 4
| #define SIZEOF_DOUBLE 8
| #define SIZEOF_FPOS_T 16
| #define SIZEOF_SIZE_T 8
| #define ALIGNOF_SIZE_T 8
| #define SIZEOF_PID_T 4
| #define SIZEOF_UINTPTR_T 8
| #define ALIGNOF_MAX_ALIGN_T 16
| #define HAVE_LONG_DOUBLE 1
| #define SIZEOF_LONG_DOUBLE 16
| #define SIZEOF__BOOL 1
| #define SIZEOF_OFF_T 8
| #define SIZEOF_TIME_T 8
| #define SIZEOF_PTHREAD_T 8
| #define SIZEOF_PTHREAD_KEY_T 4
| #define PTHREAD_KEY_T_IS_COMPATIBLE_WITH_INT 1
| #define PY_HAVE_PERF_TRAMPOLINE 1
| #define HAVE_LIBDL 1
| #define HAVE_UUID_UUID_H 1
| #define HAVE_UUID_UUID_H 1
| #define HAVE_FFI_PREP_CIF_VAR 1
| #define HAVE_FFI_PREP_CLOSURE_LOC 1
| #define HAVE_FFI_CLOSURE_ALLOC 1
| #define WITH_DECIMAL_CONTEXTVAR 1
| #define _REENTRANT 1
| #define PTHREAD_SYSTEM_SCHED_SUPPORTED 1
| #define HAVE_PTHREAD_SIGMASK 1
| #define HAVE_PTHREAD_GETCPUCLOCKID 1
| #define ENABLE_IPV6 1
| #define HAVE_LINUX_CAN_RAW_FD_FRAMES 1
| #define HAVE_LINUX_CAN_RAW_JOIN_FILTERS 1
| #define WITH_DOC_STRINGS 1
| #define HAVE_STD_ATOMIC 1
| #define HAVE_BUILTIN_ATOMIC 1
| #define WITH_MIMALLOC 1
| #define WITH_PYMALLOC 1
| #define WITH_FREELISTS 1
| #define PY_COERCE_C_LOCALE 1
| #define HAVE_DLOPEN 1
| #define HAVE_DYNAMIC_LOADING 1
| #define HAVE_ACCEPT4 1
| #define HAVE_ALARM 1
| #define HAVE_BIND_TEXTDOMAIN_CODESET 1
| #define HAVE_CHMOD 1
| #define HAVE_CHOWN 1
| #define HAVE_CLOCK 1
| #define HAVE_CLOSEFROM 1
| #define HAVE_CLOSE_RANGE 1
| #define HAVE_CONFSTR 1
| #define HAVE_COPY_FILE_RANGE 1
| #define HAVE_CTERMID 1
| #define HAVE_DUP 1
| #define HAVE_DUP3 1
| #define HAVE_EXECV 1
| #define HAVE_EXPLICIT_BZERO 1
| #define HAVE_FACCESSAT 1
| #define HAVE_FCHMOD 1
| #define HAVE_FCHMODAT 1
| #define HAVE_FCHOWN 1
| #define HAVE_FCHOWNAT 1
| #define HAVE_FDOPENDIR 1
| #define HAVE_FEXECVE 1
| #define HAVE_FORK 1
| #define HAVE_FPATHCONF 1
| #define HAVE_FSTATAT 1
| #define HAVE_FTIME 1
| #define HAVE_FTRUNCATE 1
| #define HAVE_FUTIMENS 1
| #define HAVE_FUTIMES 1
| #define HAVE_FUTIMESAT 1
| #define HAVE_GAI_STRERROR 1
| #define HAVE_GETEGID 1
| #define HAVE_GETEUID 1
| #define HAVE_GETGID 1
| #define HAVE_GETGRENT 1
| #define HAVE_GETGRGID 1
| #define HAVE_GETGRGID_R 1
| #define HAVE_GETGRNAM_R 1
| #define HAVE_GETGROUPLIST 1
| #define HAVE_GETHOSTNAME 1
| #define HAVE_GETITIMER 1
| #define HAVE_GETLOADAVG 1
| #define HAVE_GETLOGIN 1
| #define HAVE_GETPEERNAME 1
| #define HAVE_GETPGID 1
| #define HAVE_GETPID 1
| #define HAVE_GETPPID 1
| #define HAVE_GETPRIORITY 1
| #define HAVE_GETPWENT 1
| #define HAVE_GETPWNAM_R 1
| #define HAVE_GETPWUID 1
| #define HAVE_GETPWUID_R 1
| #define HAVE_GETRESGID 1
| #define HAVE_GETRESUID 1
| #define HAVE_GETRUSAGE 1
| #define HAVE_GETSID 1
| #define HAVE_GETSPENT 1
| #define HAVE_GETSPNAM 1
| #define HAVE_GETUID 1
| #define HAVE_GETWD 1
| #define HAVE_GRANTPT 1
| #define HAVE_IF_NAMEINDEX 1
| #define HAVE_INITGROUPS 1
| #define HAVE_KILL 1
| #define HAVE_KILLPG 1
| #define HAVE_LCHOWN 1
| #define HAVE_LINKAT 1
| #define HAVE_LOCKF 1
| #define HAVE_LSTAT 1
| #define HAVE_LUTIMES 1
| #define HAVE_MADVISE 1
| #define HAVE_MBRTOWC 1
| #define HAVE_MEMRCHR 1
| #define HAVE_MKDIRAT 1
| #define HAVE_MKFIFO 1
| #define HAVE_MKFIFOAT 1
| #define HAVE_MKNOD 1
| #define HAVE_MKNODAT 1
| #define HAVE_MKTIME 1
| #define HAVE_MMAP 1
| #define HAVE_MREMAP 1
| #define HAVE_NICE 1
| #define HAVE_OPENAT 1
| #define HAVE_OPENDIR 1
| #define HAVE_PATHCONF 1
| #define HAVE_PAUSE 1
| #define HAVE_PIPE 1
| #define HAVE_PIPE2 1
| #define HAVE_POLL 1
| #define HAVE_POSIX_FADVISE 1
| #define HAVE_POSIX_FALLOCATE 1
| #define HAVE_POSIX_OPENPT 1
| #define HAVE_POSIX_SPAWN 1
| #define HAVE_POSIX_SPAWNP 1
| #define HAVE_POSIX_SPAWN_FILE_ACTIONS_ADDCLOSEFROM_NP 1
| #define HAVE_PREAD 1
| #define HAVE_PREADV 1
| #define HAVE_PREADV2 1
| #define HAVE_PROCESS_VM_READV 1
| #define HAVE_PTHREAD_CONDATTR_SETCLOCK 1
| #define HAVE_PTHREAD_KILL 1
| #define HAVE_PTSNAME 1
| #define HAVE_PTSNAME_R 1
| #define HAVE_PWRITE 1
| #define HAVE_PWRITEV 1
| #define HAVE_PWRITEV2 1
| #define HAVE_READLINK 1
| #define HAVE_READLINKAT 1
| #define HAVE_READV 1
| #define HAVE_REALPATH 1
| #define HAVE_RENAMEAT 1
| #define HAVE_SCHED_GET_PRIORITY_MAX 1
| #define HAVE_SCHED_RR_GET_INTERVAL 1
| #define HAVE_SCHED_SETAFFINITY 1
| #define HAVE_SCHED_SETPARAM 1
| #define HAVE_SCHED_SETSCHEDULER 1
| #define HAVE_SEM_CLOCKWAIT 1
| #define HAVE_SEM_GETVALUE 1
| #define HAVE_SEM_OPEN 1
| #define HAVE_SEM_TIMEDWAIT 1
| #define HAVE_SEM_UNLINK 1
| #define HAVE_SENDFILE 1
| #define HAVE_SETEGID 1
| #define HAVE_SETEUID 1
| #define HAVE_SETGID 1
| #define HAVE_SETHOSTNAME 1
| #define HAVE_SETITIMER 1
| #define HAVE_SETLOCALE 1
| #define HAVE_SETPGID 1
| #define HAVE_SETPGRP 1
| #define HAVE_SETPRIORITY 1
| #define HAVE_SETREGID 1
| #define HAVE_SETRESGID 1
| #define HAVE_SETRESUID 1
| #define HAVE_SETREUID 1
| #define HAVE_SETSID 1
| #define HAVE_SETUID 1
| #define HAVE_SETVBUF 1
| #define HAVE_SHUTDOWN 1
| #define HAVE_SIGACTION 1
| #define HAVE_SIGALTSTACK 1
| #define HAVE_SIGFILLSET 1
| #define HAVE_SIGINTERRUPT 1
| #define HAVE_SIGPENDING 1
| #define HAVE_SIGRELSE 1
| #define HAVE_SIGTIMEDWAIT 1
| #define HAVE_SIGWAIT 1
| #define HAVE_SIGWAITINFO 1
| #define HAVE_SNPRINTF 1
| #define HAVE_SPLICE 1
| #define HAVE_STRFTIME 1
| #define HAVE_STRLCPY 1
| #define HAVE_STRSIGNAL 1
| #define HAVE_SYMLINKAT 1
| #define HAVE_SYNC 1
| #define HAVE_SYSCONF 1
| #define HAVE_TCGETPGRP 1
| #define HAVE_TCSETPGRP 1
| #define HAVE_TEMPNAM 1
| #define HAVE_TIMEGM 1
| #define HAVE_TIMES 1
| #define HAVE_TMPFILE 1
| #define HAVE_TMPNAM 1
| #define HAVE_TMPNAM_R 1
| #define HAVE_TRUNCATE 1
| #define HAVE_TTYNAME 1
| #define HAVE_UMASK 1
| #define HAVE_UNAME 1
| #define HAVE_UNLINKAT 1
| #define HAVE_UNLOCKPT 1
| #define HAVE_UTIMENSAT 1
| #define HAVE_UTIMES 1
| #define HAVE_VFORK 1
| #define HAVE_WAIT 1
| #define HAVE_WAIT3 1
| #define HAVE_WAIT4 1
| #define HAVE_WAITID 1
| #define HAVE_WAITPID 1
| #define HAVE_WCSCOLL 1
| #define HAVE_WCSFTIME 1
| #define HAVE_WCSXFRM 1
| #define HAVE_WMEMCMP 1
| #define HAVE_WRITEV 1
| #define HAVE_GETENTROPY 1
| #define HAVE_GETGROUPS 1
| #define HAVE_SYSTEM 1
| #define HAVE_DIRFD 1
| #define HAVE_CHROOT 1
| #define HAVE_LINK 1
| #define HAVE_SYMLINK 1
| #define HAVE_FCHDIR 1
| #define HAVE_FSYNC 1
| #define HAVE_FDATASYNC 1
| #define HAVE_EPOLL 1
| #define HAVE_EPOLL_CREATE1 1
| #define HAVE_PRLIMIT 1
| #define HAVE_MEMFD_CREATE 1
| #define HAVE_EVENTFD 1
| #define HAVE_TIMERFD_CREATE 1
| #define HAVE_FLOCK 1
| #define HAVE_GETPAGESIZE 1
| #define HAVE_ZLIB_H 1
| #define HAVE_BZLIB_H 1
| #define HAVE_LZMA_H 1
| #define HAVE_HSTRERROR 1
| #define HAVE_GETSERVBYNAME 1
| #define HAVE_GETSERVBYPORT 1
| #define HAVE_GETHOSTBYNAME 1
| #define HAVE_GETHOSTBYADDR 1
| #define HAVE_GETPROTOBYNAME 1
| #define HAVE_INET_ATON 1
| #define HAVE_INET_NTOA 1
| #define HAVE_INET_PTON 1
| #define HAVE_GETPEERNAME 1
| #define HAVE_GETSOCKNAME 1
| #define HAVE_ACCEPT 1
| #define HAVE_BIND 1
| #define HAVE_CONNECT 1
| #define HAVE_LISTEN 1
| #define HAVE_RECVFROM 1
| #define HAVE_SENDTO 1
| #define HAVE_SETSOCKOPT 1
| #define HAVE_SOCKET 1
| #define HAVE_SETGROUPS 1
| #define HAVE_OPENPTY 1
| #define HAVE_LOGIN_TTY 1
| #define HAVE_FORKPTY 1
| #define HAVE_FSEEKO 1
| #define HAVE_FSTATVFS 1
| #define HAVE_FTELLO 1
| #define HAVE_STATVFS 1
| #define HAVE_DUP2 1
| #define HAVE_GETPGRP 1
| #define HAVE_SETPGRP 1
| #define HAVE_SETNS 1
| #define HAVE_UNSHARE 1
| #define HAVE_CLOCK_GETTIME 1
| #define HAVE_CLOCK_GETRES 1
| #define HAVE_CLOCK_SETTIME 1
| #define HAVE_CLOCK_NANOSLEEP 1
| #define HAVE_NANOSLEEP 1
| #define HAVE_DEVICE_MACROS 1
| #define SYS_SELECT_WITH_SYS_TIME 1
| #define HAVE_GETADDRINFO 1
| #define HAVE_GETNAMEINFO 1
| #define HAVE_STRUCT_TM_TM_ZONE 1
| #define HAVE_TM_ZONE 1
| #define HAVE_STRUCT_STAT_ST_RDEV 1
| #define HAVE_STRUCT_STAT_ST_BLKSIZE 1
| #define HAVE_STRUCT_STAT_ST_BLOCKS 1
| #define HAVE_STRUCT_PASSWD_PW_GECOS 1
| #define HAVE_STRUCT_PASSWD_PW_PASSWD 1
| #define HAVE_SIGINFO_T_SI_BAND 1
| #define HAVE_ADDRINFO 1
| #define HAVE_SOCKADDR_STORAGE 1
| #define HAVE_SOCKADDR_ALG 1
| #define HAVE_PROTOTYPES 1
| #define HAVE_SOCKETPAIR 1
| #define HAVE_GETHOSTBYNAME_R 1
| #define HAVE_GETHOSTBYNAME_R 1
| #define HAVE_GETHOSTBYNAME_R_6_ARG 1
| #define HAVE_GCC_ASM_FOR_X64 1
| #define DOUBLE_IS_LITTLE_ENDIAN_IEEE754 1
| #define HAVE_GCC_ASM_FOR_X87 1
| /* end confdefs.h.  */
| /* Define acosh to an innocuous variant, in case <limits.h> declares acosh.
|    For example, HP-UX 11i <limits.h> declares gettimeofday.  */
| #define acosh innocuous_acosh
| 
| /* System header to define __stub macros and hopefully few prototypes,
|    which can conflict with char acosh (); below.  */
| 
| #include <limits.h>
| #undef acosh
| 
| /* Override any GCC internal prototype to avoid an error.
|    Use char because int might match the return type of a GCC
|    builtin and then its argument prototype would still apply.  */
| #ifdef __cplusplus
| extern "C"
| #endif
| char acosh ();
| /* The GNU C library defines this for functions which it implements
|     to always fail with ENOSYS.  Some functions are actually named
|     something starting with __ and the normal name is an alias.  */
| #if defined __stub_acosh || defined __stub___acosh
| choke me
| #endif
| 
| int
| main (void)
| {
| return acosh ();
|   ;
|   return 0;
| }
configure:23947: result: no
configure:23955: error: Python requires C99 compatible libm

## ---------------- ##
## Cache variables. ##
## ---------------- ##

ac_cv_aligned_required=no
ac_cv_alignof_long=8
ac_cv_alignof_max_align_t=16
ac_cv_alignof_size_t=8
ac_cv_broken_unsetenv=no
ac_cv_buggy_getaddrinfo=no
ac_cv_build=x86_64-pc-linux-gnu
ac_cv_builtin_atomic=yes
ac_cv_c_compiler_gnu=yes
ac_cv_c_const=yes
ac_cv_c_undeclared_builtin_options='none needed'
ac_cv_can_raw_fd_frames=yes
ac_cv_can_raw_join_filters=yes
ac_cv_cc_name=gcc
ac_cv_cc_supports_fstrict_overflow=yes
ac_cv_cc_supports_og=yes
ac_cv_cxx_thread=no
ac_cv_defined_IPV6_INRIA_VERSION_netinet_in_h=no
ac_cv_defined___GLIBC___features_h=yes
ac_cv_defined___KAME___netinet_in_h=no
ac_cv_device_macros=yes
ac_cv_disable_int_conversion_warning=yes
ac_cv_disable_missing_field_initializers_warning=yes
ac_cv_disable_unused_parameter_warning=yes
ac_cv_enable_extra_warning=yes
ac_cv_enable_implicit_function_declaration_error=yes
ac_cv_enable_sign_compare_warning=yes
ac_cv_enable_strict_prototypes_warning=yes
ac_cv_enable_unreachable_code_warning=no
ac_cv_enable_visibility=yes
ac_cv_env_BOLT_APPLY_FLAGS_set=
ac_cv_env_BOLT_APPLY_FLAGS_value=
ac_cv_env_BOLT_INSTRUMENT_FLAGS_set=
ac_cv_env_BOLT_INSTRUMENT_FLAGS_value=
ac_cv_env_BZIP2_CFLAGS_set=
ac_cv_env_BZIP2_CFLAGS_value=
ac_cv_env_BZIP2_LIBS_set=
ac_cv_env_BZIP2_LIBS_value=
ac_cv_env_CC_set=
ac_cv_env_CC_value=
ac_cv_env_CFLAGS_set=
ac_cv_env_CFLAGS_value=
ac_cv_env_CPPFLAGS_set=
ac_cv_env_CPPFLAGS_value=
ac_cv_env_CPP_set=
ac_cv_env_CPP_value=
ac_cv_env_CURSES_CFLAGS_set=
ac_cv_env_CURSES_CFLAGS_value=
ac_cv_env_CURSES_LIBS_set=
ac_cv_env_CURSES_LIBS_value=
ac_cv_env_GDBM_CFLAGS_set=
ac_cv_env_GDBM_CFLAGS_value=
ac_cv_env_GDBM_LIBS_set=
ac_cv_env_GDBM_LIBS_value=
ac_cv_env_HOSTRUNNER_set=
ac_cv_env_HOSTRUNNER_value=
ac_cv_env_LDFLAGS_set=
ac_cv_env_LDFLAGS_value=
ac_cv_env_LIBB2_CFLAGS_set=
ac_cv_env_LIBB2_CFLAGS_value=
ac_cv_env_LIBB2_LIBS_set=
ac_cv_env_LIBB2_LIBS_value=
ac_cv_env_LIBEDIT_CFLAGS_set=
ac_cv_env_LIBEDIT_CFLAGS_value=
ac_cv_env_LIBEDIT_LIBS_set=
ac_cv_env_LIBEDIT_LIBS_value=
ac_cv_env_LIBFFI_CFLAGS_set=
ac_cv_env_LIBFFI_CFLAGS_value=
ac_cv_env_LIBFFI_LIBS_set=
ac_cv_env_LIBFFI_LIBS_value=
ac_cv_env_LIBLZMA_CFLAGS_set=
ac_cv_env_LIBLZMA_CFLAGS_value=
ac_cv_env_LIBLZMA_LIBS_set=
ac_cv_env_LIBLZMA_LIBS_value=
ac_cv_env_LIBMPDEC_CFLAGS_set=
ac_cv_env_LIBMPDEC_CFLAGS_value=
ac_cv_env_LIBMPDEC_LIBS_set=
ac_cv_env_LIBMPDEC_LIBS_value=
ac_cv_env_LIBREADLINE_CFLAGS_set=
ac_cv_env_LIBREADLINE_CFLAGS_value=
ac_cv_env_LIBREADLINE_LIBS_set=
ac_cv_env_LIBREADLINE_LIBS_value=
ac_cv_env_LIBSQLITE3_CFLAGS_set=
ac_cv_env_LIBSQLITE3_CFLAGS_value=
ac_cv_env_LIBSQLITE3_LIBS_set=
ac_cv_env_LIBSQLITE3_LIBS_value=
ac_cv_env_LIBS_set=
ac_cv_env_LIBS_value=
ac_cv_env_LIBUUID_CFLAGS_set=
ac_cv_env_LIBUUID_CFLAGS_value=
ac_cv_env_LIBUUID_LIBS_set=
ac_cv_env_LIBUUID_LIBS_value=
ac_cv_env_MACHDEP_set=
ac_cv_env_MACHDEP_value=
ac_cv_env_PANEL_CFLAGS_set=
ac_cv_env_PANEL_CFLAGS_value=
ac_cv_env_PANEL_LIBS_set=
ac_cv_env_PANEL_LIBS_value=
ac_cv_env_PKG_CONFIG_LIBDIR_set=
ac_cv_env_PKG_CONFIG_LIBDIR_value=
ac_cv_env_PKG_CONFIG_PATH_set=
ac_cv_env_PKG_CONFIG_PATH_value=
ac_cv_env_PKG_CONFIG_set=
ac_cv_env_PKG_CONFIG_value=
ac_cv_env_PROFILE_TASK_set=
ac_cv_env_PROFILE_TASK_value=
ac_cv_env_TCLTK_CFLAGS_set=
ac_cv_env_TCLTK_CFLAGS_value=
ac_cv_env_TCLTK_LIBS_set=
ac_cv_env_TCLTK_LIBS_value=
ac_cv_env_X11_CFLAGS_set=
ac_cv_env_X11_CFLAGS_value=
ac_cv_env_X11_LIBS_set=
ac_cv_env_X11_LIBS_value=
ac_cv_env_ZLIB_CFLAGS_set=
ac_cv_env_ZLIB_CFLAGS_value=
ac_cv_env_ZLIB_LIBS_set=
ac_cv_env_ZLIB_LIBS_value=
ac_cv_env_build_alias_set=
ac_cv_env_build_alias_value=
ac_cv_env_host_alias_set=
ac_cv_env_host_alias_value=
ac_cv_env_target_alias_set=
ac_cv_env_target_alias_value=
ac_cv_flock_decl=yes
ac_cv_func___fpu_control=yes
ac_cv_func__dyld_shared_cache_contains_path=no
ac_cv_func__getpty=no
ac_cv_func_accept4=yes
ac_cv_func_accept=yes
ac_cv_func_acosh=no
ac_cv_func_alarm=yes
ac_cv_func_bind=yes
ac_cv_func_bind_textdomain_codeset=yes
ac_cv_func_chmod=yes
ac_cv_func_chown=yes
ac_cv_func_chroot=yes
ac_cv_func_clock=yes
ac_cv_func_clock_getres=yes
ac_cv_func_clock_gettime=yes
ac_cv_func_clock_nanosleep=yes
ac_cv_func_clock_settime=yes
ac_cv_func_close_range=yes
ac_cv_func_closefrom=yes
ac_cv_func_confstr=yes
ac_cv_func_connect=yes
ac_cv_func_copy_file_range=yes
ac_cv_func_ctermid=yes
ac_cv_func_ctermid_r=no
ac_cv_func_dlopen=yes
ac_cv_func_dup2=yes
ac_cv_func_dup3=yes
ac_cv_func_dup=yes
ac_cv_func_epoll_create1=yes
ac_cv_func_epoll_create=yes
ac_cv_func_eventfd=yes
ac_cv_func_execv=yes
ac_cv_func_explicit_bzero=yes
ac_cv_func_explicit_memset=no
ac_cv_func_faccessat=yes
ac_cv_func_fchdir=yes
ac_cv_func_fchmod=yes
ac_cv_func_fchmodat=yes
ac_cv_func_fchown=yes
ac_cv_func_fchownat=yes
ac_cv_func_fdatasync=yes
ac_cv_func_fdopendir=yes
ac_cv_func_fdwalk=no
ac_cv_func_fexecve=yes
ac_cv_func_ffi_closure_alloc=yes
ac_cv_func_ffi_prep_cif_var=yes
ac_cv_func_ffi_prep_closure_loc=yes
ac_cv_func_flock=yes
ac_cv_func_fork1=no
ac_cv_func_fork=yes
ac_cv_func_forkpty=yes
ac_cv_func_fpathconf=yes
ac_cv_func_fseek64=no
ac_cv_func_fseeko=yes
ac_cv_func_fstatat=yes
ac_cv_func_fstatvfs=yes
ac_cv_func_fsync=yes
ac_cv_func_ftell64=no
ac_cv_func_ftello=yes
ac_cv_func_ftime=yes
ac_cv_func_ftruncate=yes
ac_cv_func_futimens=yes
ac_cv_func_futimes=yes
ac_cv_func_futimesat=yes
ac_cv_func_gai_strerror=yes
ac_cv_func_getaddrinfo=yes
ac_cv_func_getegid=yes
ac_cv_func_getentropy=yes
ac_cv_func_geteuid=yes
ac_cv_func_getgid=yes
ac_cv_func_getgrent=yes
ac_cv_func_getgrgid=yes
ac_cv_func_getgrgid_r=yes
ac_cv_func_getgrnam_r=yes
ac_cv_func_getgrouplist=yes
ac_cv_func_getgroups=yes
ac_cv_func_gethostbyaddr=yes
ac_cv_func_gethostbyname=yes
ac_cv_func_gethostbyname_r=yes
ac_cv_func_gethostname=yes
ac_cv_func_getitimer=yes
ac_cv_func_getloadavg=yes
ac_cv_func_getlogin=yes
ac_cv_func_getnameinfo=yes
ac_cv_func_getpagesize=yes
ac_cv_func_getpeername=yes
ac_cv_func_getpgid=yes
ac_cv_func_getpgrp=yes
ac_cv_func_getpid=yes
ac_cv_func_getppid=yes
ac_cv_func_getpriority=yes
ac_cv_func_getprotobyname=yes
ac_cv_func_getpwent=yes
ac_cv_func_getpwnam_r=yes
ac_cv_func_getpwuid=yes
ac_cv_func_getpwuid_r=yes
ac_cv_func_getresgid=yes
ac_cv_func_getresuid=yes
ac_cv_func_getrusage=yes
ac_cv_func_getservbyname=yes
ac_cv_func_getservbyport=yes
ac_cv_func_getsid=yes
ac_cv_func_getsockname=yes
ac_cv_func_getspent=yes
ac_cv_func_getspnam=yes
ac_cv_func_getuid=yes
ac_cv_func_getwd=yes
ac_cv_func_grantpt=yes
ac_cv_func_hstrerror=yes
ac_cv_func_if_nameindex=yes
ac_cv_func_inet_aton=yes
ac_cv_func_inet_ntoa=yes
ac_cv_func_inet_pton=yes
ac_cv_func_initgroups=yes
ac_cv_func_kill=yes
ac_cv_func_killpg=yes
ac_cv_func_kqueue=no
ac_cv_func_lchown=yes
ac_cv_func_le64toh=yes
ac_cv_func_link=yes
ac_cv_func_linkat=yes
ac_cv_func_listen=yes
ac_cv_func_lockf=yes
ac_cv_func_lstat=yes
ac_cv_func_lutimes=yes
ac_cv_func_madvise=yes
ac_cv_func_makedev=yes
ac_cv_func_mbrtowc=yes
ac_cv_func_memfd_create=yes
ac_cv_func_memrchr=yes
ac_cv_func_mkdirat=yes
ac_cv_func_mkfifo=yes
ac_cv_func_mkfifoat=yes
ac_cv_func_mknod=yes
ac_cv_func_mknodat=yes
ac_cv_func_mktime=yes
ac_cv_func_mmap=yes
ac_cv_func_mremap=yes
ac_cv_func_nanosleep=yes
ac_cv_func_nice=yes
ac_cv_func_openat=yes
ac_cv_func_opendir=yes
ac_cv_func_openpty=yes
ac_cv_func_pathconf=yes
ac_cv_func_pause=yes
ac_cv_func_pipe2=yes
ac_cv_func_pipe=yes
ac_cv_func_plock=no
ac_cv_func_poll=yes
ac_cv_func_posix_fadvise=yes
ac_cv_func_posix_fallocate=yes
ac_cv_func_posix_openpt=yes
ac_cv_func_posix_spawn=yes
ac_cv_func_posix_spawn_file_actions_addclosefrom_np=yes
ac_cv_func_posix_spawnp=yes
ac_cv_func_pread=yes
ac_cv_func_preadv2=yes
ac_cv_func_preadv=yes
ac_cv_func_prlimit=yes
ac_cv_func_process_vm_readv=yes
ac_cv_func_pthread_cond_timedwait_relative_np=no
ac_cv_func_pthread_condattr_setclock=yes
ac_cv_func_pthread_getcpuclockid=yes
ac_cv_func_pthread_init=no
ac_cv_func_pthread_kill=yes
ac_cv_func_pthread_sigmask=yes
ac_cv_func_ptsname=yes
ac_cv_func_ptsname_r=yes
ac_cv_func_pwrite=yes
ac_cv_func_pwritev2=yes
ac_cv_func_pwritev=yes
ac_cv_func_readlink=yes
ac_cv_func_readlinkat=yes
ac_cv_func_readv=yes
ac_cv_func_realpath=yes
ac_cv_func_recvfrom=yes
ac_cv_func_renameat=yes
ac_cv_func_rtpSpawn=no
ac_cv_func_sched_get_priority_max=yes
ac_cv_func_sched_rr_get_interval=yes
ac_cv_func_sched_setaffinity=yes
ac_cv_func_sched_setparam=yes
ac_cv_func_sched_setscheduler=yes
ac_cv_func_sem_clockwait=yes
ac_cv_func_sem_getvalue=yes
ac_cv_func_sem_open=yes
ac_cv_func_sem_timedwait=yes
ac_cv_func_sem_unlink=yes
ac_cv_func_sendfile=yes
ac_cv_func_sendto=yes
ac_cv_func_setegid=yes
ac_cv_func_seteuid=yes
ac_cv_func_setgid=yes
ac_cv_func_setgroups=yes
ac_cv_func_sethostname=yes
ac_cv_func_setitimer=yes
ac_cv_func_setlocale=yes
ac_cv_func_setns=yes
ac_cv_func_setpgid=yes
ac_cv_func_setpgrp=yes
ac_cv_func_setpriority=yes
ac_cv_func_setregid=yes
ac_cv_func_setresgid=yes
ac_cv_func_setresuid=yes
ac_cv_func_setreuid=yes
ac_cv_func_setsid=yes
ac_cv_func_setsockopt=yes
ac_cv_func_setuid=yes
ac_cv_func_setvbuf=yes
ac_cv_func_shutdown=yes
ac_cv_func_sigaction=yes
ac_cv_func_sigaltstack=yes
ac_cv_func_sigfillset=yes
ac_cv_func_siginterrupt=yes
ac_cv_func_sigpending=yes
ac_cv_func_sigrelse=yes
ac_cv_func_sigtimedwait=yes
ac_cv_func_sigwait=yes
ac_cv_func_sigwaitinfo=yes
ac_cv_func_snprintf=yes
ac_cv_func_socket=yes
ac_cv_func_socketpair=yes
ac_cv_func_splice=yes
ac_cv_func_statvfs=yes
ac_cv_func_strftime=yes
ac_cv_func_strlcpy=yes
ac_cv_func_strsignal=yes
ac_cv_func_symlink=yes
ac_cv_func_symlinkat=yes
ac_cv_func_sync=yes
ac_cv_func_sysconf=yes
ac_cv_func_system=yes
ac_cv_func_tcgetpgrp=yes
ac_cv_func_tcsetpgrp=yes
ac_cv_func_tempnam=yes
ac_cv_func_timegm=yes
ac_cv_func_timerfd_create=yes
ac_cv_func_times=yes
ac_cv_func_tmpfile=yes
ac_cv_func_tmpnam=yes
ac_cv_func_tmpnam_r=yes
ac_cv_func_truncate=yes
ac_cv_func_ttyname=yes
ac_cv_func_umask=yes
ac_cv_func_uname=yes
ac_cv_func_unlinkat=yes
ac_cv_func_unlockpt=yes
ac_cv_func_unshare=yes
ac_cv_func_utimensat=yes
ac_cv_func_utimes=yes
ac_cv_func_uuid_generate_time=no
ac_cv_func_vfork=yes
ac_cv_func_wait3=yes
ac_cv_func_wait4=yes
ac_cv_func_wait=yes
ac_cv_func_waitid=yes
ac_cv_func_waitpid=yes
ac_cv_func_wcscoll=yes
ac_cv_func_wcsftime=yes
ac_cv_func_wcsxfrm=yes
ac_cv_func_wmemcmp=yes
ac_cv_func_writev=yes
ac_cv_function_prototypes=yes
ac_cv_gcc_asm_for_mc68881=no
ac_cv_gcc_asm_for_x64=yes
ac_cv_gcc_asm_for_x87=yes
ac_cv_gcc_compat=yes
ac_cv_have_chflags=no
ac_cv_have_decl_dirfd=yes
ac_cv_have_lchflags=no
ac_cv_have_pthread_t=yes
ac_cv_header_alloca_h=yes
ac_cv_header_asm_types_h=yes
ac_cv_header_bluetooth_bluetooth_h=no
ac_cv_header_bluetooth_h=no
ac_cv_header_bzlib_h=yes
ac_cv_header_conio_h=no
ac_cv_header_db_h=no
ac_cv_header_direct_h=no
ac_cv_header_dirent_dirent_h=yes
ac_cv_header_dlfcn_h=yes
ac_cv_header_endian_h=yes
ac_cv_header_errno_h=yes
ac_cv_header_fcntl_h=yes
ac_cv_header_ffi_h=yes
ac_cv_header_gdbm_dash_ndbm_h=no
ac_cv_header_gdbm_h=no
ac_cv_header_gdbm_slash_ndbm_h=no
ac_cv_header_grp_h=yes
ac_cv_header_inttypes_h=yes
ac_cv_header_io_h=no
ac_cv_header_langinfo_h=yes
ac_cv_header_libintl_h=yes
ac_cv_header_libutil_h=no
ac_cv_header_linux_auxvec_h=yes
ac_cv_header_linux_can_bcm_h=yes
ac_cv_header_linux_can_h=yes
ac_cv_header_linux_can_j1939_h=yes
ac_cv_header_linux_can_raw_h=yes
ac_cv_header_linux_fs_h=yes
ac_cv_header_linux_limits_h=yes
ac_cv_header_linux_memfd_h=yes
ac_cv_header_linux_netlink_h=yes
ac_cv_header_linux_qrtr_h=yes
ac_cv_header_linux_random_h=yes
ac_cv_header_linux_soundcard_h=yes
ac_cv_header_linux_tipc_h=yes
ac_cv_header_linux_vm_sockets_h=yes
ac_cv_header_linux_wait_h=yes
ac_cv_header_lzma_h=yes
ac_cv_header_minix_config_h=no
ac_cv_header_ndbm_h=no
ac_cv_header_net_ethernet_h=yes
ac_cv_header_net_if_h=yes
ac_cv_header_netcan_can_h=no
ac_cv_header_netdb_h=yes
ac_cv_header_netinet_in_h=yes
ac_cv_header_netlink_netlink_h=no
ac_cv_header_netpacket_packet_h=yes
ac_cv_header_poll_h=yes
ac_cv_header_process_h=no
ac_cv_header_pthread_h=yes
ac_cv_header_pty_h=yes
ac_cv_header_sched_h=yes
ac_cv_header_setjmp_h=yes
ac_cv_header_shadow_h=yes
ac_cv_header_signal_h=yes
ac_cv_header_spawn_h=yes
ac_cv_header_sqlite3_h=no
ac_cv_header_stdatomic_h=yes
ac_cv_header_stdint_h=yes
ac_cv_header_stdio_h=yes
ac_cv_header_stdlib_h=yes
ac_cv_header_string_h=yes
ac_cv_header_strings_h=yes
ac_cv_header_stropts_h=no
ac_cv_header_sys_audioio_h=no
ac_cv_header_sys_auxv_h=yes
ac_cv_header_sys_bsdtty_h=no
ac_cv_header_sys_devpoll_h=no
ac_cv_header_sys_endian_h=no
ac_cv_header_sys_epoll_h=yes
ac_cv_header_sys_event_h=no
ac_cv_header_sys_eventfd_h=yes
ac_cv_header_sys_file_h=yes
ac_cv_header_sys_ioctl_h=yes
ac_cv_header_sys_kern_control_h=no
ac_cv_header_sys_loadavg_h=no
ac_cv_header_sys_lock_h=no
ac_cv_header_sys_memfd_h=no
ac_cv_header_sys_mkdev_h=no
ac_cv_header_sys_mman_h=yes
ac_cv_header_sys_modem_h=no
ac_cv_header_sys_param_h=yes
ac_cv_header_sys_poll_h=yes
ac_cv_header_sys_random_h=yes
ac_cv_header_sys_resource_h=yes
ac_cv_header_sys_select_h=yes
ac_cv_header_sys_sendfile_h=yes
ac_cv_header_sys_socket_h=yes
ac_cv_header_sys_soundcard_h=yes
ac_cv_header_sys_stat_h=yes
ac_cv_header_sys_statvfs_h=yes
ac_cv_header_sys_sys_domain_h=no
ac_cv_header_sys_syscall_h=yes
ac_cv_header_sys_sysmacros_h=yes
ac_cv_header_sys_termio_h=no
ac_cv_header_sys_time_h=yes
ac_cv_header_sys_timerfd_h=yes
ac_cv_header_sys_times_h=yes
ac_cv_header_sys_types_h=yes
ac_cv_header_sys_uio_h=yes
ac_cv_header_sys_un_h=yes
ac_cv_header_sys_utsname_h=yes
ac_cv_header_sys_wait_h=yes
ac_cv_header_sys_xattr_h=yes
ac_cv_header_sysexits_h=yes
ac_cv_header_syslog_h=yes
ac_cv_header_termios_h=yes
ac_cv_header_time_altzone=no
ac_cv_header_unistd_h=yes
ac_cv_header_util_h=no
ac_cv_header_utime_h=yes
ac_cv_header_utmp_h=yes
ac_cv_header_uuid_h=no
ac_cv_header_uuid_uuid_h=yes
ac_cv_header_wchar_h=yes
ac_cv_header_zlib_h=yes
ac_cv_host=x86_64-pc-linux-gnu
ac_cv_kpthread=no
ac_cv_kthread=no
ac_cv_lib_bz2_BZ2_bzCompress=no
ac_cv_lib_c_inet_aton=yes
ac_cv_lib_dl_dlopen=yes
ac_cv_lib_dld_shl_load=no
ac_cv_lib_ffi_ffi_call=yes
ac_cv_lib_intl_textdomain=no
ac_cv_lib_lzma_lzma_easy_encoder=no
ac_cv_lib_nsl_t_open=no
ac_cv_lib_sendfile_sendfile=no
ac_cv_lib_socket_socket=no
ac_cv_lib_uuid_uuid_generate_time=no
ac_cv_lib_uuid_uuid_generate_time_safe=no
ac_cv_lib_z_gzread=no
ac_cv_member_siginfo_t_si_band=yes
ac_cv_member_struct_passwd_pw_gecos=yes
ac_cv_member_struct_passwd_pw_passwd=yes
ac_cv_member_struct_stat_st_birthtime=no
ac_cv_member_struct_stat_st_blksize=yes
ac_cv_member_struct_stat_st_blocks=yes
ac_cv_member_struct_stat_st_flags=no
ac_cv_member_struct_stat_st_gen=no
ac_cv_member_struct_stat_st_rdev=yes
ac_cv_member_struct_tm_tm_zone=yes
ac_cv_no_strict_aliasing=no
ac_cv_objext=o
ac_cv_path_EGREP='/usr/bin/grep -E'
ac_cv_path_GREP=/usr/bin/grep
ac_cv_path_SED=/usr/bin/sed
ac_cv_path_install='/usr/bin/install -c'
ac_cv_path_mkdir=/usr/bin/mkdir
ac_cv_prog_CPP='gcc -E'
ac_cv_prog_PYTHON_FOR_REGEN=python3.12
ac_cv_prog_TRUE=true
ac_cv_prog_ac_ct_AR=ar
ac_cv_prog_ac_ct_CC=gcc
ac_cv_prog_cc_c11=
ac_cv_prog_cc_g=yes
ac_cv_prog_cc_stdc=
ac_cv_pthread=no
ac_cv_pthread_is_default=yes
ac_cv_pthread_key_t_is_arithmetic_type=yes
ac_cv_pthread_system_supported=yes
ac_cv_safe_to_define___extensions__=yes
ac_cv_search_login_tty='none required'
ac_cv_search_opendir='none required'
ac_cv_search_sem_init='none required'
ac_cv_should_define__xopen_source=no
ac_cv_sizeof__Bool=1
ac_cv_sizeof_double=8
ac_cv_sizeof_float=4
ac_cv_sizeof_fpos_t=16
ac_cv_sizeof_int=4
ac_cv_sizeof_long=8
ac_cv_sizeof_long_double=16
ac_cv_sizeof_long_long=8
ac_cv_sizeof_off_t=8
ac_cv_sizeof_pid_t=4
ac_cv_sizeof_pthread_key_t=4
ac_cv_sizeof_pthread_t=8
ac_cv_sizeof_short=2
ac_cv_sizeof_size_t=8
ac_cv_sizeof_time_t=8
ac_cv_sizeof_uintptr_t=8
ac_cv_sizeof_void_p=8
ac_cv_struct_addrinfo=yes
ac_cv_struct_sockaddr_alg=yes
ac_cv_struct_sockaddr_sa_len=no
ac_cv_struct_sockaddr_storage=yes
ac_cv_struct_tm=time.h
ac_cv_type___uint128_t=yes
ac_cv_type_clock_t=yes
ac_cv_type_long_double=yes
ac_cv_type_mode_t=yes
ac_cv_type_off_t=yes
ac_cv_type_pid_t=yes
ac_cv_type_size_t=yes
ac_cv_type_ssize_t=yes
ac_cv_type_uid_t=yes
ac_cv_wl_no_as_needed=yes
ac_cv_working_signed_char_c=yes
ac_cv_x87_double_rounding=no
ax_cv_c_float_words_bigendian=no

## ----------------- ##
## Output variables. ##
## ----------------- ##

ABIFLAGS=''
ABI_THREAD=''
ALT_SOABI=''
APP_STORE_COMPLIANCE_PATCH=''
AR='ar'
ARCH_RUN_32BIT=''
ARFLAGS='rcs'
BASECFLAGS=' -fno-strict-overflow -Wsign-compare'
BASECPPFLAGS=''
BINLIBDEST=''
BLDLIBRARY='-L. -lpython$(LDVERSION)'
BLDSHARED='$(CC) -shared'
BOLT_APPLY_FLAGS=' -update-debug-sections -reorder-blocks=ext-tsp -reorder-functions=hfsort+ -split-functions -icf=1 -inline-all -split-eh -reorder-functions-use-hot-size -peepholes=none -jump-tables=aggressive -inline-ap -indirect-call-promotion=all -dyno-stats -use-gnu-stack -frame-opt=hot '
BOLT_BINARIES='$(BUILDPYTHON) $(INSTSONAME)'
BOLT_INSTRUMENT_FLAGS=''
BUILDEXEEXT=''
BZIP2_CFLAGS=''
BZIP2_LIBS=''
CC='gcc'
CCSHARED='-fPIC'
CFLAGS=''
CFLAGSFORSHARED='$(CCSHARED)'
CFLAGS_ALIASING=''
CFLAGS_NODIST=' -std=c11 -Wextra -Wno-unused-parameter -Wno-missing-field-initializers -Wstrict-prototypes -Werror=implicit-function-declaration -fvisibility=hidden'
CONFIGURE_MACOSX_DEPLOYMENT_TARGET=''
CONFIG_ARGS=' '\''--prefix=/usr'\'' '\''--enable-shared'\'' '\''--with-openssl=/opt/openssl-3.3'\'' '\''--with-openssl-rpath=/opt/openssl-3.3/lib64'\'''
CPP='gcc -E'
CPPFLAGS=''
CURSES_CFLAGS=''
CURSES_LIBS=''
CXX='g++'
DEFS=''
DEF_MAKE_ALL_RULE='build_all'
DEF_MAKE_RULE='all'
DFLAGS=''
DLINCLDIR='.'
DLLLIBRARY=''
DSYMUTIL=''
DSYMUTIL_PATH=''
DTRACE=''
DTRACE_HEADERS=''
DTRACE_OBJS=''
DYNLOADFILE='dynload_shlib.o'
ECHO_C=''
ECHO_N='-n'
ECHO_T=''
EGREP='/usr/bin/grep -E'
ENSUREPIP=''
EXEEXT=''
EXPORTSFROM=''
EXPORTSYMS=''
EXPORT_MACOSX_DEPLOYMENT_TARGET='#'
EXT_SUFFIX=''
FRAMEWORKALTINSTALLFIRST=''
FRAMEWORKALTINSTALLLAST=''
FRAMEWORKINSTALLAPPSPREFIX=''
FRAMEWORKINSTALLFIRST=''
FRAMEWORKINSTALLLAST=''
FRAMEWORKPYTHONW=''
FRAMEWORKUNIXTOOLSPREFIX='/usr'
FREEZE_MODULE='$(PYTHON_FOR_FREEZE) $(srcdir)/Programs/_freeze_module.py'
FREEZE_MODULE_BOOTSTRAP='./Programs/_freeze_module'
FREEZE_MODULE_BOOTSTRAP_DEPS='Programs/_freeze_module'
FREEZE_MODULE_DEPS='_bootstrap_python $(srcdir)/Programs/_freeze_module.py'
GDBM_CFLAGS=''
GDBM_LIBS=''
GITBRANCH=''
GITTAG=''
GITVERSION=''
GNULD='yes'
GREP='/usr/bin/grep'
HAS_GIT='no-repository'
HAS_XCRUN=''
HAVE_GETHOSTBYNAME=''
HAVE_GETHOSTBYNAME_R=''
HAVE_GETHOSTBYNAME_R_3_ARG=''
HAVE_GETHOSTBYNAME_R_5_ARG=''
HAVE_GETHOSTBYNAME_R_6_ARG=''
HOSTRUNNER=''
INSTALLTARGETS='commoninstall bininstall maninstall'
INSTALL_DATA='${INSTALL} -m 644'
INSTALL_MIMALLOC='yes'
INSTALL_PROGRAM='${INSTALL}'
INSTALL_SCRIPT='${INSTALL}'
INSTSONAME='libpython$(LDVERSION).so.1.0'
IPHONEOS_DEPLOYMENT_TARGET=''
JIT_STENCILS_H=''
LDCXXSHARED='$(CXX) -shared'
LDFLAGS=''
LDFLAGS_NODIST=''
LDFLAGS_NOLTO=''
LDLIBRARY='libpython$(LDVERSION).so'
LDLIBRARYDIR=''
LDSHARED='$(CC) -shared'
LDVERSION='3.13'
LIBB2_CFLAGS=''
LIBB2_LIBS=''
LIBC=''
LIBEDIT_CFLAGS=''
LIBEDIT_LIBS=''
LIBEXPAT_CFLAGS='-I$(srcdir)/Modules/expat'
LIBEXPAT_INTERNAL='$(LIBEXPAT_HEADERS) $(LIBEXPAT_A)'
LIBFFI_CFLAGS=''
LIBFFI_LIBS='-lffi -ldl'
LIBLZMA_CFLAGS=''
LIBLZMA_LIBS=''
LIBM='-lm'
LIBMPDEC_CFLAGS='-I$(srcdir)/Modules/_decimal/libmpdec -DCONFIG_64=1 -DANSI=1 -DHAVE_UINT128_T=1'
LIBMPDEC_INTERNAL='$(LIBMPDEC_HEADERS) $(LIBMPDEC_A)'
LIBMPDEC_LIBS='-lm $(LIBMPDEC_A)'
LIBOBJS=''
LIBPL=''
LIBPYTHON=''
LIBRARY='libpython$(VERSION)$(ABIFLAGS).a'
LIBRARY_DEPS='$(LIBRARY) $(LDLIBRARY) $(PY3LIBRARY) $(EXPORTSYMS)'
LIBREADLINE_CFLAGS=''
LIBREADLINE_LIBS=''
LIBS='-ldl  -lm'
LIBSQLITE3_CFLAGS=' -I$(srcdir)/Modules/_sqlite'
LIBSQLITE3_LIBS='-lsqlite3'
LIBUUID_CFLAGS=''
LIBUUID_LIBS=''
LINKCC='$(PURIFY) $(CC)'
LINKFORSHARED='-Xlinker -export-dynamic'
LINK_PYTHON_DEPS='$(LIBRARY_DEPS)'
LINK_PYTHON_OBJS='$(BLDLIBRARY)'
LIPO_32BIT_FLAGS=''
LIPO_INTEL64_FLAGS=''
LLVM_AR=''
LLVM_AR_FOUND=''
LLVM_BOLT=''
LLVM_PROFDATA=''\'''\'''
LLVM_PROF_ERR='no'
LLVM_PROF_FILE=''
LLVM_PROF_FOUND='not-found'
LLVM_PROF_MERGER='true'
LN='ln'
LTLIBOBJS=''
MACHDEP='linux'
MACHDEP_OBJS=''
MERGE_FDATA=''
MIMALLOC_HEADERS='$(MIMALLOC_HEADERS)'
MKDIR_P='/usr/bin/mkdir -p'
MODULE_ARRAY_FALSE=''
MODULE_ARRAY_TRUE=''
MODULE_BINASCII_FALSE=''
MODULE_BINASCII_TRUE=''
MODULE_BLOCK=''
MODULE_BUILDTYPE=''
MODULE_CMATH_FALSE=''
MODULE_CMATH_TRUE=''
MODULE_DEPS_SHARED=''
MODULE_FCNTL_FALSE=''
MODULE_FCNTL_TRUE=''
MODULE_GRP_FALSE=''
MODULE_GRP_TRUE=''
MODULE_MATH_FALSE=''
MODULE_MATH_TRUE=''
MODULE_MMAP_FALSE=''
MODULE_MMAP_TRUE=''
MODULE_PWD_FALSE=''
MODULE_PWD_TRUE=''
MODULE_PYEXPAT_FALSE=''
MODULE_PYEXPAT_TRUE=''
MODULE_READLINE_FALSE=''
MODULE_READLINE_TRUE=''
MODULE_RESOURCE_FALSE=''
MODULE_RESOURCE_TRUE=''
MODULE_SELECT_FALSE=''
MODULE_SELECT_TRUE=''
MODULE_SYSLOG_FALSE=''
MODULE_SYSLOG_TRUE=''
MODULE_TERMIOS_FALSE=''
MODULE_TERMIOS_TRUE=''
MODULE_TIME_FALSE=''
MODULE_TIME_TRUE=''
MODULE_UNICODEDATA_FALSE=''
MODULE_UNICODEDATA_TRUE=''
MODULE_XXLIMITED_35_FALSE=''
MODULE_XXLIMITED_35_TRUE=''
MODULE_XXLIMITED_FALSE=''
MODULE_XXLIMITED_TRUE=''
MODULE_XXSUBTYPE_FALSE=''
MODULE_XXSUBTYPE_TRUE=''
MODULE_ZLIB_FALSE=''
MODULE_ZLIB_TRUE=''
MODULE__ASYNCIO_FALSE=''
MODULE__ASYNCIO_TRUE=''
MODULE__BISECT_FALSE=''
MODULE__BISECT_TRUE=''
MODULE__BLAKE2_FALSE=''
MODULE__BLAKE2_TRUE=''
MODULE__BZ2_FALSE=''
MODULE__BZ2_TRUE=''
MODULE__CODECS_CN_FALSE=''
MODULE__CODECS_CN_TRUE=''
MODULE__CODECS_HK_FALSE=''
MODULE__CODECS_HK_TRUE=''
MODULE__CODECS_ISO2022_FALSE=''
MODULE__CODECS_ISO2022_TRUE=''
MODULE__CODECS_JP_FALSE=''
MODULE__CODECS_JP_TRUE=''
MODULE__CODECS_KR_FALSE=''
MODULE__CODECS_KR_TRUE=''
MODULE__CODECS_TW_FALSE=''
MODULE__CODECS_TW_TRUE=''
MODULE__CONTEXTVARS_FALSE=''
MODULE__CONTEXTVARS_TRUE=''
MODULE__CSV_FALSE=''
MODULE__CSV_TRUE=''
MODULE__CTYPES_FALSE=''
MODULE__CTYPES_MALLOC_CLOSURE=''
MODULE__CTYPES_TEST_FALSE=''
MODULE__CTYPES_TEST_TRUE=''
MODULE__CTYPES_TRUE=''
MODULE__CURSES_FALSE=''
MODULE__CURSES_PANEL_FALSE=''
MODULE__CURSES_PANEL_TRUE=''
MODULE__CURSES_TRUE=''
MODULE__DATETIME_FALSE=''
MODULE__DATETIME_TRUE=''
MODULE__DBM_FALSE=''
MODULE__DBM_TRUE=''
MODULE__DECIMAL_FALSE=''
MODULE__DECIMAL_TRUE=''
MODULE__ELEMENTTREE_FALSE=''
MODULE__ELEMENTTREE_TRUE=''
MODULE__GDBM_FALSE=''
MODULE__GDBM_TRUE=''
MODULE__HASHLIB_FALSE=''
MODULE__HASHLIB_TRUE=''
MODULE__HEAPQ_FALSE=''
MODULE__HEAPQ_TRUE=''
MODULE__INTERPCHANNELS_FALSE=''
MODULE__INTERPCHANNELS_TRUE=''
MODULE__INTERPQUEUES_FALSE=''
MODULE__INTERPQUEUES_TRUE=''
MODULE__INTERPRETERS_FALSE=''
MODULE__INTERPRETERS_TRUE=''
MODULE__IO_FALSE=''
MODULE__IO_TRUE=''
MODULE__JSON_FALSE=''
MODULE__JSON_TRUE=''
MODULE__LSPROF_FALSE=''
MODULE__LSPROF_TRUE=''
MODULE__LZMA_FALSE=''
MODULE__LZMA_TRUE=''
MODULE__MD5_FALSE=''
MODULE__MD5_TRUE=''
MODULE__MULTIBYTECODEC_FALSE=''
MODULE__MULTIBYTECODEC_TRUE=''
MODULE__MULTIPROCESSING_FALSE=''
MODULE__MULTIPROCESSING_TRUE=''
MODULE__OPCODE_FALSE=''
MODULE__OPCODE_TRUE=''
MODULE__PICKLE_FALSE=''
MODULE__PICKLE_TRUE=''
MODULE__POSIXSHMEM_FALSE=''
MODULE__POSIXSHMEM_TRUE=''
MODULE__POSIXSUBPROCESS_FALSE=''
MODULE__POSIXSUBPROCESS_TRUE=''
MODULE__QUEUE_FALSE=''
MODULE__QUEUE_TRUE=''
MODULE__RANDOM_FALSE=''
MODULE__RANDOM_TRUE=''
MODULE__SCPROXY_FALSE=''
MODULE__SCPROXY_TRUE=''
MODULE__SHA1_FALSE=''
MODULE__SHA1_TRUE=''
MODULE__SHA2_FALSE=''
MODULE__SHA2_TRUE=''
MODULE__SHA3_FALSE=''
MODULE__SHA3_TRUE=''
MODULE__SOCKET_FALSE=''
MODULE__SOCKET_TRUE=''
MODULE__SQLITE3_FALSE=''
MODULE__SQLITE3_TRUE=''
MODULE__SSL_FALSE=''
MODULE__SSL_TRUE=''
MODULE__STATISTICS_FALSE=''
MODULE__STATISTICS_TRUE=''
MODULE__STRUCT_FALSE=''
MODULE__STRUCT_TRUE=''
MODULE__TESTBUFFER_FALSE=''
MODULE__TESTBUFFER_TRUE=''
MODULE__TESTCAPI_FALSE=''
MODULE__TESTCAPI_TRUE=''
MODULE__TESTCLINIC_FALSE=''
MODULE__TESTCLINIC_LIMITED_FALSE=''
MODULE__TESTCLINIC_LIMITED_TRUE=''
MODULE__TESTCLINIC_TRUE=''
MODULE__TESTEXTERNALINSPECTION_FALSE=''
MODULE__TESTEXTERNALINSPECTION_TRUE=''
MODULE__TESTIMPORTMULTIPLE_FALSE=''
MODULE__TESTIMPORTMULTIPLE_TRUE=''
MODULE__TESTINTERNALCAPI_FALSE=''
MODULE__TESTINTERNALCAPI_TRUE=''
MODULE__TESTLIMITEDCAPI_FALSE=''
MODULE__TESTLIMITEDCAPI_TRUE=''
MODULE__TESTMULTIPHASE_FALSE=''
MODULE__TESTMULTIPHASE_TRUE=''
MODULE__TESTSINGLEPHASE_FALSE=''
MODULE__TESTSINGLEPHASE_TRUE=''
MODULE__TKINTER_FALSE=''
MODULE__TKINTER_TRUE=''
MODULE__TYPING_FALSE=''
MODULE__TYPING_TRUE=''
MODULE__UUID_FALSE=''
MODULE__UUID_TRUE=''
MODULE__XXTESTFUZZ_FALSE=''
MODULE__XXTESTFUZZ_TRUE=''
MODULE__ZONEINFO_FALSE=''
MODULE__ZONEINFO_TRUE=''
MULTIARCH='x86_64-linux-gnu'
MULTIARCH_CPPFLAGS='-DMULTIARCH=\"x86_64-linux-gnu\"'
NODE=''
NO_AS_NEEDED='-Wl,--no-as-needed'
OBJEXT='o'
OPENSSL_INCLUDES=''
OPENSSL_LDFLAGS=''
OPENSSL_LIBS=''
OPT='-DNDEBUG -g -O3 -Wall'
PACKAGE_BUGREPORT='https://github.com/python/cpython/issues/'
PACKAGE_NAME='python'
PACKAGE_STRING='python 3.13'
PACKAGE_TARNAME='python'
PACKAGE_URL=''
PACKAGE_VERSION='3.13'
PANEL_CFLAGS=''
PANEL_LIBS=''
PATH_SEPARATOR=':'
PERF_TRAMPOLINE_OBJ='Python/asm_trampoline.o'
PGO_PROF_GEN_FLAG='-fprofile-generate'
PGO_PROF_USE_FLAG='-fprofile-use -fprofile-correction'
PKG_CONFIG=''
PKG_CONFIG_LIBDIR=''
PKG_CONFIG_PATH=''
PLATFORM_HEADERS=''
PLATFORM_OBJS=''
PLATFORM_TRIPLET='x86_64-linux-gnu'
PLATLIBDIR=''
PREBOLT_RULE=''
PROFILE_TASK='-m test --pgo --timeout=$(TESTTIMEOUT)'
PY3LIBRARY='libpython3.so'
PYTHONFRAMEWORK=''
PYTHONFRAMEWORKDIR='no-framework'
PYTHONFRAMEWORKIDENTIFIER='org.python.python'
PYTHONFRAMEWORKINSTALLDIR=''
PYTHONFRAMEWORKINSTALLNAMEPREFIX=''
PYTHONFRAMEWORKPREFIX=''
PYTHON_FOR_BUILD='./$(BUILDPYTHON) -E'
PYTHON_FOR_BUILD_DEPS='$(BUILDPYTHON)'
PYTHON_FOR_FREEZE='./_bootstrap_python'
PYTHON_FOR_REGEN='python3.12'
PY_ENABLE_SHARED='1'
REGEN_JIT_COMMAND=''
RESSRCDIR=''
RUNSHARED='LD_LIBRARY_PATH=/opt/src/Python-3.13.1'
SED='/usr/bin/sed'
SHELL='/bin/sh'
SHLIBS='$(LIBS)'
SHLIB_SUFFIX='.so'
SOABI=''
SOVERSION='1.0'
SRCDIRS=''
STATIC_LIBPYTHON='1'
TCLTK_CFLAGS=''
TCLTK_LIBS=''
TEST_MODULES=''
THREADHEADERS=''
TRUE='true'
TZPATH='/usr/share/zoneinfo:/usr/lib/zoneinfo:/usr/share/lib/zoneinfo:/etc/zoneinfo'
UNIVERSALSDK=''
UNIVERSAL_ARCH_FLAGS=''
VERSION='3.13'
WASM_ASSETS_DIR=''
WASM_STDLIB=''
WHEEL_PKG_DIR=''
X11_CFLAGS=''
X11_LIBS=''
ZLIB_CFLAGS=''
ZLIB_LIBS=''
_PYTHON_HOST_PLATFORM=''
ac_ct_AR='ar'
ac_ct_CC='gcc'
ac_ct_CXX=''
bindir='${exec_prefix}/bin'
build='x86_64-pc-linux-gnu'
build_alias=''
build_cpu='x86_64'
build_os='linux-gnu'
build_vendor='pc'
datadir='${datarootdir}'
datarootdir='${prefix}/share'
docdir='${datarootdir}/doc/${PACKAGE_TARNAME}'
dvidir='${docdir}'
exec_prefix='NONE'
host='x86_64-pc-linux-gnu'
host_alias=''
host_cpu='x86_64'
host_os='linux-gnu'
host_vendor='pc'
htmldir='${docdir}'
includedir='${prefix}/include'
infodir='${datarootdir}/info'
libdir='${exec_prefix}/lib'
libexecdir='${exec_prefix}/libexec'
localedir='${datarootdir}/locale'
localstatedir='${prefix}/var'
mandir='${datarootdir}/man'
oldincludedir='/usr/include'
pdfdir='${docdir}'
prefix='/usr'
program_transform_name='s,x,x,'
psdir='${docdir}'
runstatedir='${localstatedir}/run'
sbindir='${exec_prefix}/sbin'
sharedstatedir='${prefix}/com'
sysconfdir='${prefix}/etc'
target_alias=''

## ----------- ##
## confdefs.h. ##
## ----------- ##

/* confdefs.h */
#define _NETBSD_SOURCE 1
#define __BSD_VISIBLE 1
#define _DARWIN_C_SOURCE 1
#define _PYTHONFRAMEWORK ""
#define _XOPEN_SOURCE 700
#define _XOPEN_SOURCE_EXTENDED 1
#define _POSIX_C_SOURCE 200809L
#define HAVE_STDIO_H 1
#define HAVE_STDLIB_H 1
#define HAVE_STRING_H 1
#define HAVE_INTTYPES_H 1
#define HAVE_STDINT_H 1
#define HAVE_STRINGS_H 1
#define HAVE_SYS_STAT_H 1
#define HAVE_SYS_TYPES_H 1
#define HAVE_UNISTD_H 1
#define HAVE_WCHAR_H 1
#define STDC_HEADERS 1
#define _ALL_SOURCE 1
#define _DARWIN_C_SOURCE 1
#define _GNU_SOURCE 1
#define _HPUX_ALT_XOPEN_SOCKET_API 1
#define _NETBSD_SOURCE 1
#define _OPENBSD_SOURCE 1
#define _POSIX_PTHREAD_SEMANTICS 1
#define __STDC_WANT_IEC_60559_ATTRIBS_EXT__ 1
#define __STDC_WANT_IEC_60559_BFP_EXT__ 1
#define __STDC_WANT_IEC_60559_DFP_EXT__ 1
#define __STDC_WANT_IEC_60559_FUNCS_EXT__ 1
#define __STDC_WANT_IEC_60559_TYPES_EXT__ 1
#define __STDC_WANT_LIB_EXT2__ 1
#define __STDC_WANT_MATH_SPEC_FUNCS__ 1
#define _TANDEM_SOURCE 1
#define __EXTENSIONS__ 1
#define PY_SUPPORT_TIER 1
#define Py_ENABLE_SHARED 1
#define STDC_HEADERS 1
#define HAVE_ALLOCA_H 1
#define HAVE_ASM_TYPES_H 1
#define HAVE_DLFCN_H 1
#define HAVE_ENDIAN_H 1
#define HAVE_ERRNO_H 1
#define HAVE_FCNTL_H 1
#define HAVE_GRP_H 1
#define HAVE_LANGINFO_H 1
#define HAVE_LIBINTL_H 1
#define HAVE_LINUX_AUXVEC_H 1
#define HAVE_SYS_AUXV_H 1
#define HAVE_LINUX_FS_H 1
#define HAVE_LINUX_LIMITS_H 1
#define HAVE_LINUX_MEMFD_H 1
#define HAVE_LINUX_RANDOM_H 1
#define HAVE_LINUX_SOUNDCARD_H 1
#define HAVE_LINUX_TIPC_H 1
#define HAVE_LINUX_WAIT_H 1
#define HAVE_NETDB_H 1
#define HAVE_NET_ETHERNET_H 1
#define HAVE_NETINET_IN_H 1
#define HAVE_NETPACKET_PACKET_H 1
#define HAVE_POLL_H 1
#define HAVE_PTHREAD_H 1
#define HAVE_PTY_H 1
#define HAVE_SCHED_H 1
#define HAVE_SETJMP_H 1
#define HAVE_SHADOW_H 1
#define HAVE_SIGNAL_H 1
#define HAVE_SPAWN_H 1
#define HAVE_SYS_EPOLL_H 1
#define HAVE_SYS_EVENTFD_H 1
#define HAVE_SYS_FILE_H 1
#define HAVE_SYS_IOCTL_H 1
#define HAVE_SYS_MMAN_H 1
#define HAVE_SYS_PARAM_H 1
#define HAVE_SYS_POLL_H 1
#define HAVE_SYS_RANDOM_H 1
#define HAVE_SYS_RESOURCE_H 1
#define HAVE_SYS_SELECT_H 1
#define HAVE_SYS_SENDFILE_H 1
#define HAVE_SYS_SOCKET_H 1
#define HAVE_SYS_SOUNDCARD_H 1
#define HAVE_SYS_STAT_H 1
#define HAVE_SYS_STATVFS_H 1
#define HAVE_SYS_SYSCALL_H 1
#define HAVE_SYS_SYSMACROS_H 1
#define HAVE_SYS_TIME_H 1
#define HAVE_SYS_TIMES_H 1
#define HAVE_SYS_TIMERFD_H 1
#define HAVE_SYS_TYPES_H 1
#define HAVE_SYS_UIO_H 1
#define HAVE_SYS_UN_H 1
#define HAVE_SYS_UTSNAME_H 1
#define HAVE_SYS_WAIT_H 1
#define HAVE_SYS_XATTR_H 1
#define HAVE_SYSEXITS_H 1
#define HAVE_SYSLOG_H 1
#define HAVE_TERMIOS_H 1
#define HAVE_UTIME_H 1
#define HAVE_UTMP_H 1
#define HAVE_DIRENT_H 1
#define MAJOR_IN_SYSMACROS 1
#define HAVE_NET_IF_H 1
#define HAVE_LINUX_NETLINK_H 1
#define HAVE_LINUX_QRTR_H 1
#define HAVE_LINUX_VM_SOCKETS_H 1
#define HAVE_LINUX_CAN_H 1
#define HAVE_LINUX_CAN_BCM_H 1
#define HAVE_LINUX_CAN_J1939_H 1
#define HAVE_LINUX_CAN_RAW_H 1
#define HAVE_CLOCK_T 1
#define HAVE_MAKEDEV 1
#define HAVE_HTOLE64 1
#define _LARGEFILE_SOURCE 1
#define _FILE_OFFSET_BITS 64
#if defined(SCO_DS)
#undef _OFF_T
#endif
#define RETSIGTYPE void
#define HAVE_SSIZE_T 1
#define HAVE___UINT128_T 1
#define HAVE_GCC_UINT128_T 1
#define SIZEOF_INT 4
#define SIZEOF_LONG 8
#define ALIGNOF_LONG 8
#define SIZEOF_LONG_LONG 8
#define SIZEOF_VOID_P 8
#define SIZEOF_SHORT 2
#define SIZEOF_FLOAT 4
#define SIZEOF_DOUBLE 8
#define SIZEOF_FPOS_T 16
#define SIZEOF_SIZE_T 8
#define ALIGNOF_SIZE_T 8
#define SIZEOF_PID_T 4
#define SIZEOF_UINTPTR_T 8
#define ALIGNOF_MAX_ALIGN_T 16
#define HAVE_LONG_DOUBLE 1
#define SIZEOF_LONG_DOUBLE 16
#define SIZEOF__BOOL 1
#define SIZEOF_OFF_T 8
#define SIZEOF_TIME_T 8
#define SIZEOF_PTHREAD_T 8
#define SIZEOF_PTHREAD_KEY_T 4
#define PTHREAD_KEY_T_IS_COMPATIBLE_WITH_INT 1
#define PY_HAVE_PERF_TRAMPOLINE 1
#define HAVE_LIBDL 1
#define HAVE_UUID_UUID_H 1
#define HAVE_UUID_UUID_H 1
#define HAVE_FFI_PREP_CIF_VAR 1
#define HAVE_FFI_PREP_CLOSURE_LOC 1
#define HAVE_FFI_CLOSURE_ALLOC 1
#define WITH_DECIMAL_CONTEXTVAR 1
#define _REENTRANT 1
#define PTHREAD_SYSTEM_SCHED_SUPPORTED 1
#define HAVE_PTHREAD_SIGMASK 1
#define HAVE_PTHREAD_GETCPUCLOCKID 1
#define ENABLE_IPV6 1
#define HAVE_LINUX_CAN_RAW_FD_FRAMES 1
#define HAVE_LINUX_CAN_RAW_JOIN_FILTERS 1
#define WITH_DOC_STRINGS 1
#define HAVE_STD_ATOMIC 1
#define HAVE_BUILTIN_ATOMIC 1
#define WITH_MIMALLOC 1
#define WITH_PYMALLOC 1
#define WITH_FREELISTS 1
#define PY_COERCE_C_LOCALE 1
#define HAVE_DLOPEN 1
#define HAVE_DYNAMIC_LOADING 1
#define HAVE_ACCEPT4 1
#define HAVE_ALARM 1
#define HAVE_BIND_TEXTDOMAIN_CODESET 1
#define HAVE_CHMOD 1
#define HAVE_CHOWN 1
#define HAVE_CLOCK 1
#define HAVE_CLOSEFROM 1
#define HAVE_CLOSE_RANGE 1
#define HAVE_CONFSTR 1
#define HAVE_COPY_FILE_RANGE 1
#define HAVE_CTERMID 1
#define HAVE_DUP 1
#define HAVE_DUP3 1
#define HAVE_EXECV 1
#define HAVE_EXPLICIT_BZERO 1
#define HAVE_FACCESSAT 1
#define HAVE_FCHMOD 1
#define HAVE_FCHMODAT 1
#define HAVE_FCHOWN 1
#define HAVE_FCHOWNAT 1
#define HAVE_FDOPENDIR 1
#define HAVE_FEXECVE 1
#define HAVE_FORK 1
#define HAVE_FPATHCONF 1
#define HAVE_FSTATAT 1
#define HAVE_FTIME 1
#define HAVE_FTRUNCATE 1
#define HAVE_FUTIMENS 1
#define HAVE_FUTIMES 1
#define HAVE_FUTIMESAT 1
#define HAVE_GAI_STRERROR 1
#define HAVE_GETEGID 1
#define HAVE_GETEUID 1
#define HAVE_GETGID 1
#define HAVE_GETGRENT 1
#define HAVE_GETGRGID 1
#define HAVE_GETGRGID_R 1
#define HAVE_GETGRNAM_R 1
#define HAVE_GETGROUPLIST 1
#define HAVE_GETHOSTNAME 1
#define HAVE_GETITIMER 1
#define HAVE_GETLOADAVG 1
#define HAVE_GETLOGIN 1
#define HAVE_GETPEERNAME 1
#define HAVE_GETPGID 1
#define HAVE_GETPID 1
#define HAVE_GETPPID 1
#define HAVE_GETPRIORITY 1
#define HAVE_GETPWENT 1
#define HAVE_GETPWNAM_R 1
#define HAVE_GETPWUID 1
#define HAVE_GETPWUID_R 1
#define HAVE_GETRESGID 1
#define HAVE_GETRESUID 1
#define HAVE_GETRUSAGE 1
#define HAVE_GETSID 1
#define HAVE_GETSPENT 1
#define HAVE_GETSPNAM 1
#define HAVE_GETUID 1
#define HAVE_GETWD 1
#define HAVE_GRANTPT 1
#define HAVE_IF_NAMEINDEX 1
#define HAVE_INITGROUPS 1
#define HAVE_KILL 1
#define HAVE_KILLPG 1
#define HAVE_LCHOWN 1
#define HAVE_LINKAT 1
#define HAVE_LOCKF 1
#define HAVE_LSTAT 1
#define HAVE_LUTIMES 1
#define HAVE_MADVISE 1
#define HAVE_MBRTOWC 1
#define HAVE_MEMRCHR 1
#define HAVE_MKDIRAT 1
#define HAVE_MKFIFO 1
#define HAVE_MKFIFOAT 1
#define HAVE_MKNOD 1
#define HAVE_MKNODAT 1
#define HAVE_MKTIME 1
#define HAVE_MMAP 1
#define HAVE_MREMAP 1
#define HAVE_NICE 1
#define HAVE_OPENAT 1
#define HAVE_OPENDIR 1
#define HAVE_PATHCONF 1
#define HAVE_PAUSE 1
#define HAVE_PIPE 1
#define HAVE_PIPE2 1
#define HAVE_POLL 1
#define HAVE_POSIX_FADVISE 1
#define HAVE_POSIX_FALLOCATE 1
#define HAVE_POSIX_OPENPT 1
#define HAVE_POSIX_SPAWN 1
#define HAVE_POSIX_SPAWNP 1
#define HAVE_POSIX_SPAWN_FILE_ACTIONS_ADDCLOSEFROM_NP 1
#define HAVE_PREAD 1
#define HAVE_PREADV 1
#define HAVE_PREADV2 1
#define HAVE_PROCESS_VM_READV 1
#define HAVE_PTHREAD_CONDATTR_SETCLOCK 1
#define HAVE_PTHREAD_KILL 1
#define HAVE_PTSNAME 1
#define HAVE_PTSNAME_R 1
#define HAVE_PWRITE 1
#define HAVE_PWRITEV 1
#define HAVE_PWRITEV2 1
#define HAVE_READLINK 1
#define HAVE_READLINKAT 1
#define HAVE_READV 1
#define HAVE_REALPATH 1
#define HAVE_RENAMEAT 1
#define HAVE_SCHED_GET_PRIORITY_MAX 1
#define HAVE_SCHED_RR_GET_INTERVAL 1
#define HAVE_SCHED_SETAFFINITY 1
#define HAVE_SCHED_SETPARAM 1
#define HAVE_SCHED_SETSCHEDULER 1
#define HAVE_SEM_CLOCKWAIT 1
#define HAVE_SEM_GETVALUE 1
#define HAVE_SEM_OPEN 1
#define HAVE_SEM_TIMEDWAIT 1
#define HAVE_SEM_UNLINK 1
#define HAVE_SENDFILE 1
#define HAVE_SETEGID 1
#define HAVE_SETEUID 1
#define HAVE_SETGID 1
#define HAVE_SETHOSTNAME 1
#define HAVE_SETITIMER 1
#define HAVE_SETLOCALE 1
#define HAVE_SETPGID 1
#define HAVE_SETPGRP 1
#define HAVE_SETPRIORITY 1
#define HAVE_SETREGID 1
#define HAVE_SETRESGID 1
#define HAVE_SETRESUID 1
#define HAVE_SETREUID 1
#define HAVE_SETSID 1
#define HAVE_SETUID 1
#define HAVE_SETVBUF 1
#define HAVE_SHUTDOWN 1
#define HAVE_SIGACTION 1
#define HAVE_SIGALTSTACK 1
#define HAVE_SIGFILLSET 1
#define HAVE_SIGINTERRUPT 1
#define HAVE_SIGPENDING 1
#define HAVE_SIGRELSE 1
#define HAVE_SIGTIMEDWAIT 1
#define HAVE_SIGWAIT 1
#define HAVE_SIGWAITINFO 1
#define HAVE_SNPRINTF 1
#define HAVE_SPLICE 1
#define HAVE_STRFTIME 1
#define HAVE_STRLCPY 1
#define HAVE_STRSIGNAL 1
#define HAVE_SYMLINKAT 1
#define HAVE_SYNC 1
#define HAVE_SYSCONF 1
#define HAVE_TCGETPGRP 1
#define HAVE_TCSETPGRP 1
#define HAVE_TEMPNAM 1
#define HAVE_TIMEGM 1
#define HAVE_TIMES 1
#define HAVE_TMPFILE 1
#define HAVE_TMPNAM 1
#define HAVE_TMPNAM_R 1
#define HAVE_TRUNCATE 1
#define HAVE_TTYNAME 1
#define HAVE_UMASK 1
#define HAVE_UNAME 1
#define HAVE_UNLINKAT 1
#define HAVE_UNLOCKPT 1
#define HAVE_UTIMENSAT 1
#define HAVE_UTIMES 1
#define HAVE_VFORK 1
#define HAVE_WAIT 1
#define HAVE_WAIT3 1
#define HAVE_WAIT4 1
#define HAVE_WAITID 1
#define HAVE_WAITPID 1
#define HAVE_WCSCOLL 1
#define HAVE_WCSFTIME 1
#define HAVE_WCSXFRM 1
#define HAVE_WMEMCMP 1
#define HAVE_WRITEV 1
#define HAVE_GETENTROPY 1
#define HAVE_GETGROUPS 1
#define HAVE_SYSTEM 1
#define HAVE_DIRFD 1
#define HAVE_CHROOT 1
#define HAVE_LINK 1
#define HAVE_SYMLINK 1
#define HAVE_FCHDIR 1
#define HAVE_FSYNC 1
#define HAVE_FDATASYNC 1
#define HAVE_EPOLL 1
#define HAVE_EPOLL_CREATE1 1
#define HAVE_PRLIMIT 1
#define HAVE_MEMFD_CREATE 1
#define HAVE_EVENTFD 1
#define HAVE_TIMERFD_CREATE 1
#define HAVE_FLOCK 1
#define HAVE_GETPAGESIZE 1
#define HAVE_ZLIB_H 1
#define HAVE_BZLIB_H 1
#define HAVE_LZMA_H 1
#define HAVE_HSTRERROR 1
#define HAVE_GETSERVBYNAME 1
#define HAVE_GETSERVBYPORT 1
#define HAVE_GETHOSTBYNAME 1
#define HAVE_GETHOSTBYADDR 1
#define HAVE_GETPROTOBYNAME 1
#define HAVE_INET_ATON 1
#define HAVE_INET_NTOA 1
#define HAVE_INET_PTON 1
#define HAVE_GETPEERNAME 1
#define HAVE_GETSOCKNAME 1
#define HAVE_ACCEPT 1
#define HAVE_BIND 1
#define HAVE_CONNECT 1
#define HAVE_LISTEN 1
#define HAVE_RECVFROM 1
#define HAVE_SENDTO 1
#define HAVE_SETSOCKOPT 1
#define HAVE_SOCKET 1
#define HAVE_SETGROUPS 1
#define HAVE_OPENPTY 1
#define HAVE_LOGIN_TTY 1
#define HAVE_FORKPTY 1
#define HAVE_FSEEKO 1
#define HAVE_FSTATVFS 1
#define HAVE_FTELLO 1
#define HAVE_STATVFS 1
#define HAVE_DUP2 1
#define HAVE_GETPGRP 1
#define HAVE_SETPGRP 1
#define HAVE_SETNS 1
#define HAVE_UNSHARE 1
#define HAVE_CLOCK_GETTIME 1
#define HAVE_CLOCK_GETRES 1
#define HAVE_CLOCK_SETTIME 1
#define HAVE_CLOCK_NANOSLEEP 1
#define HAVE_NANOSLEEP 1
#define HAVE_DEVICE_MACROS 1
#define SYS_SELECT_WITH_SYS_TIME 1
#define HAVE_GETADDRINFO 1
#define HAVE_GETNAMEINFO 1
#define HAVE_STRUCT_TM_TM_ZONE 1
#define HAVE_TM_ZONE 1
#define HAVE_STRUCT_STAT_ST_RDEV 1
#define HAVE_STRUCT_STAT_ST_BLKSIZE 1
#define HAVE_STRUCT_STAT_ST_BLOCKS 1
#define HAVE_STRUCT_PASSWD_PW_GECOS 1
#define HAVE_STRUCT_PASSWD_PW_PASSWD 1
#define HAVE_SIGINFO_T_SI_BAND 1
#define HAVE_ADDRINFO 1
#define HAVE_SOCKADDR_STORAGE 1
#define HAVE_SOCKADDR_ALG 1
#define HAVE_PROTOTYPES 1
#define HAVE_SOCKETPAIR 1
#define HAVE_GETHOSTBYNAME_R 1
#define HAVE_GETHOSTBYNAME_R 1
#define HAVE_GETHOSTBYNAME_R_6_ARG 1
#define HAVE_GCC_ASM_FOR_X64 1
#define DOUBLE_IS_LITTLE_ENDIAN_IEEE754 1
#define HAVE_GCC_ASM_FOR_X87 1

configure: exit 1
